.nds
.thumb

.include "armips/include/constants.s"
.include "armips/include/macros.s"

.include "asm/include/abilities.inc"
.include "asm/include/items.inc"
.include "asm/include/moves.inc"
.include "asm/include/species.inc"

trainerdata 0, "-"
    .byte 0x00, 0x00, 0x00, 0x00, 0x00, 0x00, 0x00, 0x00, 0x00, 0x00, 0x00, 0x00, 0x00, 0x00, 0x00, 0x00
    .byte 0x00, 0x00, 0x00, 0x00
    .close

trainerdata 1, "Silver"
    .byte 0x00, 0x17, 0x00, 0x03, 0x00, 0x00, 0x00, 0x00, 0x00, 0x00, 0x00, 0x00, 0x23, 0x00, 0x00, 0x00
    .byte 0x00, 0x00, 0x00, 0x00
    .close

trainerdata 2, "Silver"
    .byte 0x00, 0x17, 0x00, 0x01, 0x00, 0x00, 0x00, 0x00, 0x00, 0x00, 0x00, 0x00, 0x01, 0x00, 0x00, 0x00
    .byte 0x00, 0x00, 0x00, 0x00
    .close

trainerdata 3, "Silver"
    .byte 0x00, 0x17, 0x00, 0x01, 0x00, 0x00, 0x00, 0x00, 0x00, 0x00, 0x00, 0x00, 0x01, 0x00, 0x00, 0x00
    .byte 0x00, 0x00, 0x00, 0x00
    .close

trainerdata 4, "Wade"
    .byte 0x00, 0x06, 0x00, 0x04, 0x00, 0x00, 0x00, 0x00, 0x00, 0x00, 0x00, 0x00, 0x01, 0x00, 0x00, 0x00
    .byte 0x00, 0x00, 0x00, 0x00
    .close

trainerdata 5, "Victoria"
    .byte 0x00, 0x24, 0x00, 0x03, 0x00, 0x00, 0x00, 0x00, 0x00, 0x00, 0x00, 0x00, 0x01, 0x00, 0x00, 0x00
    .byte 0x00, 0x00, 0x00, 0x00
    .close

trainerdata 6, "Keith"
    .byte 0x00, 0x26, 0x00, 0x01, 0x00, 0x00, 0x00, 0x00, 0x00, 0x00, 0x00, 0x00, 0x05, 0x00, 0x00, 0x00
    .byte 0x00, 0x00, 0x00, 0x00
    .close

trainerdata 7, "Irwin"
    .byte 0x00, 0x1F, 0x00, 0x04, 0x00, 0x00, 0x00, 0x00, 0x00, 0x00, 0x00, 0x00, 0x01, 0x00, 0x00, 0x00
    .byte 0x00, 0x00, 0x00, 0x00
    .close

trainerdata 8, "Joey"
    .byte 0x00, 0x02, 0x00, 0x01, 0x00, 0x00, 0x00, 0x00, 0x00, 0x00, 0x00, 0x00, 0x01, 0x00, 0x00, 0x00
    .byte 0x00, 0x00, 0x00, 0x00
    .close

trainerdata 9, "Elaine"
    .byte 0x00, 0x2B, 0x00, 0x01, 0x00, 0x00, 0x00, 0x00, 0x00, 0x00, 0x00, 0x00, 0x01, 0x00, 0x00, 0x00
    .byte 0x00, 0x00, 0x00, 0x00
    .close

trainerdata 10, "Amy & Mimi"
    .byte 0x00, 0x08, 0x00, 0x02, 0x00, 0x00, 0x00, 0x00, 0x00, 0x00, 0x00, 0x00, 0x01, 0x00, 0x00, 0x00
    .byte 0x02, 0x00, 0x00, 0x00
    .close

trainerdata 11, "Mickey"
    .byte 0x00, 0x2F, 0x00, 0x03, 0x00, 0x00, 0x00, 0x00, 0x00, 0x00, 0x00, 0x00, 0x01, 0x00, 0x00, 0x00
    .byte 0x00, 0x00, 0x00, 0x00
    .close

trainerdata 12, "Grunt"
    .byte 0x00, 0x37, 0x00, 0x03, 0x00, 0x00, 0x00, 0x00, 0x00, 0x00, 0x00, 0x00, 0x01, 0x00, 0x00, 0x00
    .byte 0x00, 0x00, 0x00, 0x00
    .close

trainerdata 13, "Grunt"
    .byte 0x00, 0x3E, 0x00, 0x02, 0x00, 0x00, 0x00, 0x00, 0x00, 0x00, 0x00, 0x00, 0x01, 0x00, 0x00, 0x00
    .byte 0x00, 0x00, 0x00, 0x00
    .close

trainerdata 14, "Duncan"
    .byte 0x00, 0x3F, 0x00, 0x03, 0x00, 0x00, 0x00, 0x00, 0x00, 0x00, 0x00, 0x00, 0x01, 0x00, 0x00, 0x00
    .byte 0x00, 0x00, 0x00, 0x00
    .close

trainerdata 15, "Otis"
    .byte 0x00, 0x40, 0x00, 0x03, 0x00, 0x00, 0x00, 0x00, 0x00, 0x00, 0x00, 0x00, 0x01, 0x00, 0x00, 0x00
    .byte 0x00, 0x00, 0x00, 0x00
    .close

trainerdata 16, "Simon"
    .byte 0x00, 0x2A, 0x00, 0x02, 0x00, 0x00, 0x00, 0x00, 0x00, 0x00, 0x00, 0x00, 0x01, 0x00, 0x00, 0x00
    .byte 0x00, 0x00, 0x00, 0x00
    .close

trainerdata 17, "Kenji"
    .byte 0x00, 0x0E, 0x00, 0x01, 0x00, 0x00, 0x00, 0x00, 0x00, 0x00, 0x00, 0x00, 0x21, 0x00, 0x00, 0x00
    .byte 0x00, 0x00, 0x00, 0x00
    .close

trainerdata 18, "Justin"
    .byte 0x00, 0x0B, 0x00, 0x04, 0x00, 0x00, 0x00, 0x00, 0x00, 0x00, 0x00, 0x00, 0x01, 0x00, 0x00, 0x00
    .byte 0x00, 0x00, 0x00, 0x00
    .close

trainerdata 19, "Mickey"
    .byte 0x00, 0x41, 0x00, 0x03, 0x00, 0x00, 0x00, 0x00, 0x00, 0x00, 0x00, 0x00, 0x01, 0x00, 0x00, 0x00
    .byte 0x00, 0x00, 0x00, 0x00
    .close

trainerdata 20, "Falkner"
    .byte 0x03, 0x42, 0x00, 0x03, 0x00, 0x00, 0x00, 0x00, 0x00, 0x00, 0x00, 0x00, 0x03, 0x00, 0x00, 0x00
    .byte 0x00, 0x00, 0x00, 0x00
    .close

trainerdata 21, "Bugsy"
    .byte 0x03, 0x43, 0x00, 0x03, 0x1A, 0x00, 0x00, 0x00, 0x00, 0x00, 0x00, 0x00, 0x07, 0x00, 0x00, 0x00
    .byte 0x00, 0x00, 0x00, 0x00
    .close

trainerdata 22, "Carrie"
    .byte 0x01, 0x03, 0x00, 0x01, 0x00, 0x00, 0x00, 0x00, 0x00, 0x00, 0x00, 0x00, 0x05, 0x00, 0x00, 0x00
    .byte 0x00, 0x00, 0x00, 0x00
    .close

trainerdata 23, "Larry"
    .byte 0x00, 0x44, 0x00, 0x01, 0x00, 0x00, 0x00, 0x00, 0x00, 0x00, 0x00, 0x00, 0x21, 0x00, 0x00, 0x00
    .byte 0x00, 0x00, 0x00, 0x00
    .close

trainerdata 24, "Alan"
    .byte 0x00, 0x3C, 0x00, 0x01, 0x00, 0x00, 0x00, 0x00, 0x00, 0x00, 0x00, 0x00, 0x05, 0x00, 0x00, 0x00
    .byte 0x00, 0x00, 0x00, 0x00
    .close

trainerdata 25, "Russel"
    .byte 0x00, 0x09, 0x00, 0x03, 0x00, 0x00, 0x00, 0x00, 0x00, 0x00, 0x00, 0x00, 0x21, 0x00, 0x00, 0x00
    .byte 0x00, 0x00, 0x00, 0x00
    .close

trainerdata 26, "Roland"
    .byte 0x00, 0x04, 0x00, 0x01, 0x00, 0x00, 0x00, 0x00, 0x00, 0x00, 0x00, 0x00, 0x07, 0x00, 0x00, 0x00
    .byte 0x00, 0x00, 0x00, 0x00
    .close

trainerdata 27, "Liz"
    .byte 0x00, 0x05, 0x00, 0x01, 0x00, 0x00, 0x00, 0x00, 0x00, 0x00, 0x00, 0x00, 0x01, 0x00, 0x00, 0x00
    .byte 0x00, 0x00, 0x00, 0x00
    .close

trainerdata 28, "Jake"
    .byte 0x01, 0x18, 0x00, 0x03, 0x00, 0x00, 0x00, 0x00, 0x00, 0x00, 0x00, 0x00, 0x07, 0x00, 0x00, 0x00
    .byte 0x00, 0x00, 0x00, 0x00
    .close

trainerdata 29, "Rod"
    .byte 0x00, 0x45, 0x00, 0x02, 0x00, 0x00, 0x00, 0x00, 0x00, 0x00, 0x00, 0x00, 0x01, 0x00, 0x00, 0x00
    .byte 0x00, 0x00, 0x00, 0x00
    .close

trainerdata 30, "Whitney"
    .byte 0x03, 0x46, 0x00, 0x03, 0x1A, 0x00, 0x1A, 0x00, 0x00, 0x00, 0x00, 0x00, 0x07, 0x00, 0x00, 0x00
    .byte 0x00, 0x00, 0x00, 0x00
    .close

trainerdata 31, "Morty"
    .byte 0x03, 0x48, 0x00, 0x04, 0x19, 0x00, 0x19, 0x00, 0x00, 0x00, 0x00, 0x00, 0x07, 0x00, 0x00, 0x00
    .byte 0x00, 0x00, 0x00, 0x00
    .close

trainerdata 32, "Pryce"
    .byte 0x03, 0x49, 0x00, 0x05, 0x19, 0x00, 0x17, 0x00, 0x00, 0x00, 0x00, 0x00, 0x07, 0x02, 0x00, 0x00
    .byte 0x00, 0x00, 0x00, 0x00
    .close

trainerdata 33, "Jasmine"
    .byte 0x03, 0x4A, 0x00, 0x05, 0x19, 0x00, 0x19, 0x00, 0x00, 0x00, 0x00, 0x00, 0x07, 0x00, 0x00, 0x00
    .byte 0x00, 0x00, 0x00, 0x00
    .close

trainerdata 34, "Chuck"
    .byte 0x03, 0x4B, 0x00, 0x04, 0x19, 0x00, 0x19, 0x00, 0x00, 0x00, 0x00, 0x00, 0x05, 0x00, 0x00, 0x00
    .byte 0x00, 0x00, 0x00, 0x00
    .close

trainerdata 35, "Clair"
    .byte 0x03, 0x4C, 0x00, 0x05, 0x19, 0x00, 0x17, 0x00, 0x00, 0x00, 0x00, 0x00, 0x07, 0x00, 0x00, 0x00
    .byte 0x00, 0x00, 0x00, 0x00
    .close

trainerdata 36, "Joyce"
    .byte 0x01, 0x19, 0x00, 0x02, 0x00, 0x00, 0x00, 0x00, 0x00, 0x00, 0x00, 0x00, 0x07, 0x00, 0x00, 0x00
    .byte 0x00, 0x00, 0x00, 0x00
    .close

trainerdata 37, "Preston"
    .byte 0x00, 0x22, 0x00, 0x02, 0x17, 0x00, 0x00, 0x00, 0x00, 0x00, 0x00, 0x00, 0x01, 0x00, 0x00, 0x00
    .byte 0x00, 0x00, 0x00, 0x00
    .close

trainerdata 38, "Colette"
    .byte 0x00, 0x4D, 0x00, 0x01, 0x00, 0x00, 0x00, 0x00, 0x00, 0x00, 0x00, 0x00, 0x07, 0x00, 0x00, 0x00
    .byte 0x00, 0x00, 0x00, 0x00
    .close

trainerdata 39, "Eugene"
    .byte 0x00, 0x2E, 0x00, 0x03, 0x00, 0x00, 0x00, 0x00, 0x00, 0x00, 0x00, 0x00, 0x01, 0x00, 0x00, 0x00
    .byte 0x00, 0x00, 0x00, 0x00
    .close

trainerdata 40, "Mickey"
    .byte 0x00, 0x4E, 0x00, 0x01, 0x00, 0x00, 0x00, 0x00, 0x00, 0x00, 0x00, 0x00, 0x05, 0x00, 0x00, 0x00
    .byte 0x00, 0x00, 0x00, 0x00
    .close

trainerdata 41, "Clyde"
    .byte 0x00, 0x34, 0x00, 0x01, 0x00, 0x00, 0x00, 0x00, 0x00, 0x00, 0x00, 0x00, 0x01, 0x00, 0x00, 0x00
    .byte 0x00, 0x00, 0x00, 0x00
    .close

trainerdata 42, "Nathan"
    .byte 0x00, 0x31, 0x00, 0x01, 0x00, 0x00, 0x00, 0x00, 0x00, 0x00, 0x00, 0x00, 0x07, 0x00, 0x00, 0x00
    .byte 0x00, 0x00, 0x00, 0x00
    .close

trainerdata 43, "Chow"
    .byte 0x00, 0x4F, 0x00, 0x03, 0x00, 0x00, 0x00, 0x00, 0x00, 0x00, 0x00, 0x00, 0x07, 0x00, 0x00, 0x00
    .byte 0x00, 0x00, 0x00, 0x00
    .close

trainerdata 44, "Derek"
    .byte 0x01, 0x14, 0x00, 0x01, 0x00, 0x00, 0x00, 0x00, 0x00, 0x00, 0x00, 0x00, 0x01, 0x00, 0x00, 0x00
    .byte 0x00, 0x00, 0x00, 0x00
    .close

trainerdata 45, "Ruth"
    .byte 0x01, 0x15, 0x00, 0x01, 0x00, 0x00, 0x00, 0x00, 0x00, 0x00, 0x00, 0x00, 0x01, 0x00, 0x00, 0x00
    .byte 0x00, 0x00, 0x00, 0x00
    .close

trainerdata 46, "Martha"
    .byte 0x00, 0x52, 0x00, 0x03, 0x00, 0x00, 0x00, 0x00, 0x00, 0x00, 0x00, 0x00, 0x05, 0x00, 0x00, 0x00
    .byte 0x00, 0x00, 0x00, 0x00
    .close

trainerdata 47, "Mikey"
    .byte 0x00, 0x02, 0x00, 0x02, 0x00, 0x00, 0x00, 0x00, 0x00, 0x00, 0x00, 0x00, 0x01, 0x00, 0x00, 0x00
    .byte 0x00, 0x00, 0x00, 0x00
    .close

trainerdata 48, "Rob"
    .byte 0x00, 0x06, 0x00, 0x02, 0x00, 0x00, 0x00, 0x00, 0x00, 0x00, 0x00, 0x00, 0x01, 0x00, 0x00, 0x00
    .byte 0x00, 0x00, 0x00, 0x00
    .close

trainerdata 49, "Albert"
    .byte 0x00, 0x02, 0x00, 0x02, 0x00, 0x00, 0x00, 0x00, 0x00, 0x00, 0x00, 0x00, 0x01, 0x00, 0x00, 0x00
    .byte 0x00, 0x00, 0x00, 0x00
    .close

trainerdata 50, "Abe"
    .byte 0x00, 0x45, 0x00, 0x01, 0x00, 0x00, 0x00, 0x00, 0x00, 0x00, 0x00, 0x00, 0x01, 0x00, 0x00, 0x00
    .byte 0x00, 0x00, 0x00, 0x00
    .close

trainerdata 51, "Nico"
    .byte 0x00, 0x4F, 0x00, 0x03, 0x00, 0x00, 0x00, 0x00, 0x00, 0x00, 0x00, 0x00, 0x07, 0x00, 0x00, 0x00
    .byte 0x00, 0x00, 0x00, 0x00
    .close

trainerdata 52, "Edmond"
    .byte 0x00, 0x4F, 0x00, 0x03, 0x00, 0x00, 0x00, 0x00, 0x00, 0x00, 0x00, 0x00, 0x07, 0x00, 0x00, 0x00
    .byte 0x00, 0x00, 0x00, 0x00
    .close

trainerdata 53, "Jin"
    .byte 0x00, 0x4F, 0x00, 0x01, 0x00, 0x00, 0x00, 0x00, 0x00, 0x00, 0x00, 0x00, 0x07, 0x00, 0x00, 0x00
    .byte 0x00, 0x00, 0x00, 0x00
    .close

trainerdata 54, "Troy"
    .byte 0x00, 0x4F, 0x00, 0x02, 0x00, 0x00, 0x00, 0x00, 0x00, 0x00, 0x00, 0x00, 0x07, 0x00, 0x00, 0x00
    .byte 0x00, 0x00, 0x00, 0x00
    .close

trainerdata 55, "Neal"
    .byte 0x00, 0x4F, 0x00, 0x01, 0x00, 0x00, 0x00, 0x00, 0x00, 0x00, 0x00, 0x00, 0x07, 0x00, 0x00, 0x00
    .byte 0x00, 0x00, 0x00, 0x00
    .close

trainerdata 56, "Gordon"
    .byte 0x00, 0x02, 0x00, 0x01, 0x00, 0x00, 0x00, 0x00, 0x00, 0x00, 0x00, 0x00, 0x01, 0x00, 0x00, 0x00
    .byte 0x00, 0x00, 0x00, 0x00
    .close

trainerdata 57, "Ralph"
    .byte 0x00, 0x0B, 0x00, 0x01, 0x00, 0x00, 0x00, 0x00, 0x00, 0x00, 0x00, 0x00, 0x01, 0x00, 0x00, 0x00
    .byte 0x00, 0x00, 0x00, 0x00
    .close

trainerdata 58, "Arnold"
    .byte 0x00, 0x0B, 0x00, 0x01, 0x00, 0x00, 0x00, 0x00, 0x00, 0x00, 0x00, 0x00, 0x01, 0x00, 0x00, 0x00
    .byte 0x00, 0x00, 0x00, 0x00
    .close

trainerdata 59, "Kyle"
    .byte 0x00, 0x0B, 0x00, 0x03, 0x00, 0x00, 0x00, 0x00, 0x00, 0x00, 0x00, 0x00, 0x01, 0x00, 0x00, 0x00
    .byte 0x00, 0x00, 0x00, 0x00
    .close

trainerdata 60, "Henry"
    .byte 0x00, 0x0B, 0x00, 0x02, 0x00, 0x00, 0x00, 0x00, 0x00, 0x00, 0x00, 0x00, 0x01, 0x00, 0x00, 0x00
    .byte 0x00, 0x00, 0x00, 0x00
    .close

trainerdata 61, "Anthony"
    .byte 0x00, 0x09, 0x00, 0x02, 0x00, 0x00, 0x00, 0x00, 0x00, 0x00, 0x00, 0x00, 0x21, 0x00, 0x00, 0x00
    .byte 0x00, 0x00, 0x00, 0x00
    .close

trainerdata 62, "Samuel"
    .byte 0x00, 0x02, 0x00, 0x04, 0x00, 0x00, 0x00, 0x00, 0x00, 0x00, 0x00, 0x00, 0x01, 0x00, 0x00, 0x00
    .byte 0x00, 0x00, 0x00, 0x00
    .close

trainerdata 63, "Mickey"
    .byte 0x00, 0x37, 0x00, 0x01, 0x00, 0x00, 0x00, 0x00, 0x00, 0x00, 0x00, 0x00, 0x01, 0x00, 0x00, 0x00
    .byte 0x00, 0x00, 0x00, 0x00
    .close

trainerdata 64, "Ian"
    .byte 0x01, 0x02, 0x00, 0x02, 0x00, 0x00, 0x00, 0x00, 0x00, 0x00, 0x00, 0x00, 0x01, 0x00, 0x00, 0x00
    .byte 0x00, 0x00, 0x00, 0x00
    .close

trainerdata 65, "Gina"
    .byte 0x00, 0x05, 0x00, 0x03, 0x00, 0x00, 0x00, 0x00, 0x00, 0x00, 0x00, 0x00, 0x01, 0x00, 0x00, 0x00
    .byte 0x00, 0x00, 0x00, 0x00
    .close

trainerdata 66, "Todd"
    .byte 0x00, 0x04, 0x00, 0x01, 0x00, 0x00, 0x00, 0x00, 0x00, 0x00, 0x00, 0x00, 0x07, 0x00, 0x00, 0x00
    .byte 0x00, 0x00, 0x00, 0x00
    .close

trainerdata 67, "Benny"
    .byte 0x00, 0x06, 0x00, 0x03, 0x00, 0x00, 0x00, 0x00, 0x00, 0x00, 0x00, 0x00, 0x01, 0x00, 0x00, 0x00
    .byte 0x00, 0x00, 0x00, 0x00
    .close

trainerdata 68, "Al"
    .byte 0x00, 0x06, 0x00, 0x02, 0x00, 0x00, 0x00, 0x00, 0x00, 0x00, 0x00, 0x00, 0x01, 0x00, 0x00, 0x00
    .byte 0x00, 0x00, 0x00, 0x00
    .close

trainerdata 69, "Josh"
    .byte 0x00, 0x06, 0x00, 0x01, 0x00, 0x00, 0x00, 0x00, 0x00, 0x00, 0x00, 0x00, 0x01, 0x00, 0x00, 0x00
    .byte 0x00, 0x00, 0x00, 0x00
    .close

trainerdata 70, "Samantha"
    .byte 0x01, 0x24, 0x00, 0x02, 0x00, 0x00, 0x00, 0x00, 0x00, 0x00, 0x00, 0x00, 0x01, 0x00, 0x00, 0x00
    .byte 0x00, 0x00, 0x00, 0x00
    .close

trainerdata 71, "Cathy"
    .byte 0x00, 0x03, 0x00, 0x03, 0x00, 0x00, 0x00, 0x00, 0x00, 0x00, 0x00, 0x00, 0x05, 0x00, 0x00, 0x00
    .byte 0x00, 0x00, 0x00, 0x00
    .close

trainerdata 72, "Bryan"
    .byte 0x00, 0x45, 0x00, 0x02, 0x00, 0x00, 0x00, 0x00, 0x00, 0x00, 0x00, 0x00, 0x01, 0x00, 0x00, 0x00
    .byte 0x00, 0x00, 0x00, 0x00
    .close

trainerdata 73, "Theo"
    .byte 0x00, 0x45, 0x00, 0x05, 0x00, 0x00, 0x00, 0x00, 0x00, 0x00, 0x00, 0x00, 0x01, 0x00, 0x00, 0x00
    .byte 0x00, 0x00, 0x00, 0x00
    .close

trainerdata 74, "Ivan"
    .byte 0x00, 0x04, 0x00, 0x03, 0x00, 0x00, 0x00, 0x00, 0x00, 0x00, 0x00, 0x00, 0x07, 0x00, 0x00, 0x00
    .byte 0x00, 0x00, 0x00, 0x00
    .close

trainerdata 75, "Elliot"
    .byte 0x00, 0x04, 0x00, 0x02, 0x00, 0x00, 0x00, 0x00, 0x00, 0x00, 0x00, 0x00, 0x07, 0x00, 0x00, 0x00
    .byte 0x00, 0x00, 0x00, 0x00
    .close

trainerdata 76, "Brooke"
    .byte 0x01, 0x05, 0x00, 0x01, 0x00, 0x00, 0x00, 0x00, 0x00, 0x00, 0x00, 0x00, 0x01, 0x00, 0x00, 0x00
    .byte 0x00, 0x00, 0x00, 0x00
    .close

trainerdata 77, "Kim"
    .byte 0x00, 0x05, 0x00, 0x01, 0x00, 0x00, 0x00, 0x00, 0x00, 0x00, 0x00, 0x00, 0x01, 0x00, 0x00, 0x00
    .byte 0x00, 0x00, 0x00, 0x00
    .close

trainerdata 78, "Arnie"
    .byte 0x00, 0x06, 0x00, 0x01, 0x00, 0x00, 0x00, 0x00, 0x00, 0x00, 0x00, 0x00, 0x01, 0x00, 0x00, 0x00
    .byte 0x00, 0x00, 0x00, 0x00
    .close

trainerdata 79, "Ken"
    .byte 0x00, 0x06, 0x00, 0x02, 0x00, 0x00, 0x00, 0x00, 0x00, 0x00, 0x00, 0x00, 0x01, 0x00, 0x00, 0x00
    .byte 0x00, 0x00, 0x00, 0x00
    .close

trainerdata 80, "Dirk"
    .byte 0x00, 0x26, 0x00, 0x02, 0x00, 0x00, 0x00, 0x00, 0x00, 0x00, 0x00, 0x00, 0x05, 0x00, 0x00, 0x00
    .byte 0x00, 0x00, 0x00, 0x00
    .close

trainerdata 81, "Tori & Til"
    .byte 0x00, 0x08, 0x00, 0x02, 0x00, 0x00, 0x00, 0x00, 0x00, 0x00, 0x00, 0x00, 0x01, 0x00, 0x00, 0x00
    .byte 0x02, 0x00, 0x00, 0x00
    .close

trainerdata 82, "Toby"
    .byte 0x00, 0x45, 0x00, 0x03, 0x00, 0x00, 0x00, 0x00, 0x00, 0x00, 0x00, 0x00, 0x01, 0x00, 0x00, 0x00
    .byte 0x00, 0x00, 0x00, 0x00
    .close

trainerdata 83, "Cindy"
    .byte 0x01, 0x05, 0x00, 0x01, 0x00, 0x00, 0x00, 0x00, 0x00, 0x00, 0x00, 0x00, 0x01, 0x00, 0x00, 0x00
    .byte 0x00, 0x00, 0x00, 0x00
    .close

trainerdata 84, "Barry"
    .byte 0x01, 0x04, 0x00, 0x01, 0x00, 0x00, 0x00, 0x00, 0x00, 0x00, 0x00, 0x00, 0x07, 0x00, 0x00, 0x00
    .byte 0x00, 0x00, 0x00, 0x00
    .close

trainerdata 85, "Paula"
    .byte 0x00, 0x2B, 0x00, 0x02, 0x00, 0x00, 0x00, 0x00, 0x00, 0x00, 0x00, 0x00, 0x01, 0x00, 0x00, 0x00
    .byte 0x00, 0x00, 0x00, 0x00
    .close

trainerdata 86, "Randall"
    .byte 0x01, 0x2A, 0x00, 0x03, 0x00, 0x00, 0x00, 0x00, 0x00, 0x00, 0x00, 0x00, 0x01, 0x00, 0x00, 0x00
    .byte 0x00, 0x00, 0x00, 0x00
    .close

trainerdata 87, "Mickey"
    .byte 0x00, 0x4F, 0x00, 0x01, 0x00, 0x00, 0x00, 0x00, 0x00, 0x00, 0x00, 0x00, 0x05, 0x00, 0x00, 0x00
    .byte 0x00, 0x00, 0x00, 0x00
    .close

trainerdata 88, "Mickey"
    .byte 0x00, 0x4F, 0x00, 0x05, 0x00, 0x00, 0x00, 0x00, 0x00, 0x00, 0x00, 0x00, 0x05, 0x00, 0x00, 0x00
    .byte 0x00, 0x00, 0x00, 0x00
    .close

trainerdata 89, "Grace"
    .byte 0x00, 0x52, 0x00, 0x02, 0x00, 0x00, 0x00, 0x00, 0x00, 0x00, 0x00, 0x00, 0x05, 0x00, 0x00, 0x00
    .byte 0x00, 0x00, 0x00, 0x00
    .close

trainerdata 90, "Kaylee"
    .byte 0x01, 0x2B, 0x00, 0x03, 0x00, 0x00, 0x00, 0x00, 0x00, 0x00, 0x00, 0x00, 0x01, 0x00, 0x00, 0x00
    .byte 0x00, 0x00, 0x00, 0x00
    .close

trainerdata 91, "Susie"
    .byte 0x01, 0x2B, 0x00, 0x02, 0x00, 0x00, 0x00, 0x00, 0x00, 0x00, 0x00, 0x00, 0x01, 0x00, 0x00, 0x00
    .byte 0x00, 0x00, 0x00, 0x00
    .close

trainerdata 92, "Denise"
    .byte 0x00, 0x2B, 0x00, 0x01, 0x00, 0x00, 0x00, 0x00, 0x00, 0x00, 0x00, 0x00, 0x01, 0x00, 0x00, 0x00
    .byte 0x00, 0x00, 0x00, 0x00
    .close

trainerdata 93, "Kara"
    .byte 0x00, 0x2B, 0x00, 0x02, 0x00, 0x00, 0x00, 0x00, 0x00, 0x00, 0x00, 0x00, 0x01, 0x00, 0x00, 0x00
    .byte 0x00, 0x00, 0x00, 0x00
    .close

trainerdata 94, "Wendy"
    .byte 0x01, 0x2B, 0x00, 0x02, 0x00, 0x00, 0x00, 0x00, 0x00, 0x00, 0x00, 0x00, 0x01, 0x00, 0x00, 0x00
    .byte 0x00, 0x00, 0x00, 0x00
    .close

trainerdata 95, "Charlie"
    .byte 0x00, 0x2A, 0x00, 0x03, 0x00, 0x00, 0x00, 0x00, 0x00, 0x00, 0x00, 0x00, 0x01, 0x00, 0x00, 0x00
    .byte 0x00, 0x00, 0x00, 0x00
    .close

trainerdata 96, "George"
    .byte 0x00, 0x2A, 0x00, 0x06, 0x00, 0x00, 0x00, 0x00, 0x00, 0x00, 0x00, 0x00, 0x01, 0x00, 0x00, 0x00
    .byte 0x00, 0x00, 0x00, 0x00
    .close

trainerdata 97, "Berke"
    .byte 0x00, 0x2A, 0x00, 0x01, 0x00, 0x00, 0x00, 0x00, 0x00, 0x00, 0x00, 0x00, 0x01, 0x00, 0x00, 0x00
    .byte 0x00, 0x00, 0x00, 0x00
    .close

trainerdata 98, "Ronald"
    .byte 0x00, 0x2A, 0x00, 0x02, 0x00, 0x00, 0x00, 0x00, 0x00, 0x00, 0x00, 0x00, 0x01, 0x00, 0x00, 0x00
    .byte 0x00, 0x00, 0x00, 0x00
    .close

trainerdata 99, "Matthew"
    .byte 0x00, 0x2A, 0x00, 0x01, 0x00, 0x00, 0x00, 0x00, 0x00, 0x00, 0x00, 0x00, 0x01, 0x00, 0x00, 0x00
    .byte 0x00, 0x00, 0x00, 0x00
    .close

trainerdata 100, "Anthony"
    .byte 0x00, 0x09, 0x00, 0x02, 0x00, 0x00, 0x00, 0x00, 0x00, 0x00, 0x00, 0x00, 0x21, 0x00, 0x00, 0x00
    .byte 0x00, 0x00, 0x00, 0x00
    .close

trainerdata 101, "Grunt"
    .byte 0x00, 0x37, 0x00, 0x02, 0x00, 0x00, 0x00, 0x00, 0x00, 0x00, 0x00, 0x00, 0x01, 0x00, 0x00, 0x00
    .byte 0x00, 0x00, 0x00, 0x00
    .close

trainerdata 102, "Gaven"
    .byte 0x01, 0x18, 0x00, 0x03, 0x00, 0x00, 0x00, 0x00, 0x00, 0x00, 0x00, 0x00, 0x07, 0x00, 0x00, 0x00
    .byte 0x00, 0x00, 0x00, 0x00
    .close

trainerdata 103, "Blake"
    .byte 0x01, 0x18, 0x00, 0x03, 0x00, 0x00, 0x00, 0x00, 0x00, 0x00, 0x00, 0x00, 0x07, 0x00, 0x00, 0x00
    .byte 0x00, 0x00, 0x00, 0x00
    .close

trainerdata 104, "Brian"
    .byte 0x01, 0x18, 0x00, 0x01, 0x00, 0x00, 0x00, 0x00, 0x00, 0x00, 0x00, 0x00, 0x07, 0x00, 0x00, 0x00
    .byte 0x00, 0x00, 0x00, 0x00
    .close

trainerdata 105, "Mickey"
    .byte 0x00, 0x18, 0x00, 0x03, 0x00, 0x00, 0x00, 0x00, 0x00, 0x00, 0x00, 0x00, 0x07, 0x00, 0x00, 0x00
    .byte 0x00, 0x00, 0x00, 0x00
    .close

trainerdata 106, "Mickey"
    .byte 0x00, 0x18, 0x00, 0x03, 0x00, 0x00, 0x00, 0x00, 0x00, 0x00, 0x00, 0x00, 0x07, 0x00, 0x00, 0x00
    .byte 0x00, 0x00, 0x00, 0x00
    .close

trainerdata 107, "Mickey"
    .byte 0x00, 0x18, 0x00, 0x03, 0x00, 0x00, 0x00, 0x00, 0x00, 0x00, 0x00, 0x00, 0x07, 0x00, 0x00, 0x00
    .byte 0x00, 0x00, 0x00, 0x00
    .close

trainerdata 108, "Ryan"
    .byte 0x01, 0x18, 0x00, 0x02, 0x00, 0x00, 0x00, 0x00, 0x00, 0x00, 0x00, 0x00, 0x07, 0x00, 0x00, 0x00
    .byte 0x00, 0x00, 0x00, 0x00
    .close

trainerdata 109, "Alton"
    .byte 0x00, 0x18, 0x00, 0x03, 0x00, 0x00, 0x00, 0x00, 0x00, 0x00, 0x00, 0x00, 0x07, 0x00, 0x00, 0x00
    .byte 0x00, 0x00, 0x00, 0x00
    .close

trainerdata 110, "Paulo"
    .byte 0x00, 0x18, 0x00, 0x03, 0x00, 0x00, 0x00, 0x00, 0x00, 0x00, 0x00, 0x00, 0x07, 0x00, 0x00, 0x00
    .byte 0x00, 0x00, 0x00, 0x00
    .close

trainerdata 111, "Mike"
    .byte 0x00, 0x18, 0x00, 0x01, 0x00, 0x00, 0x00, 0x00, 0x00, 0x00, 0x00, 0x00, 0x07, 0x00, 0x00, 0x00
    .byte 0x00, 0x00, 0x00, 0x00
    .close

trainerdata 112, "Cody"
    .byte 0x00, 0x18, 0x00, 0x02, 0x00, 0x00, 0x00, 0x00, 0x00, 0x00, 0x00, 0x00, 0x07, 0x00, 0x00, 0x00
    .byte 0x00, 0x00, 0x00, 0x00
    .close

trainerdata 113, "Jamie"
    .byte 0x01, 0x19, 0x00, 0x02, 0x00, 0x00, 0x00, 0x00, 0x00, 0x00, 0x00, 0x00, 0x07, 0x00, 0x00, 0x00
    .byte 0x00, 0x00, 0x00, 0x00
    .close

trainerdata 114, "Reena"
    .byte 0x00, 0x19, 0x00, 0x03, 0x00, 0x00, 0x00, 0x00, 0x00, 0x00, 0x00, 0x00, 0x07, 0x00, 0x00, 0x00
    .byte 0x00, 0x00, 0x00, 0x00
    .close

trainerdata 115, "Megan"
    .byte 0x01, 0x19, 0x00, 0x03, 0x00, 0x00, 0x00, 0x00, 0x00, 0x00, 0x00, 0x00, 0x07, 0x00, 0x00, 0x00
    .byte 0x00, 0x00, 0x00, 0x00
    .close

trainerdata 116, "Lois"
    .byte 0x01, 0x19, 0x00, 0x02, 0x00, 0x00, 0x00, 0x00, 0x00, 0x00, 0x00, 0x00, 0x07, 0x00, 0x00, 0x00
    .byte 0x00, 0x00, 0x00, 0x00
    .close

trainerdata 117, "Lola"
    .byte 0x00, 0x19, 0x00, 0x02, 0x00, 0x00, 0x00, 0x00, 0x00, 0x00, 0x00, 0x00, 0x07, 0x00, 0x00, 0x00
    .byte 0x00, 0x00, 0x00, 0x00
    .close

trainerdata 118, "Kate"
    .byte 0x00, 0x19, 0x00, 0x02, 0x00, 0x00, 0x00, 0x00, 0x00, 0x00, 0x00, 0x00, 0x07, 0x00, 0x00, 0x00
    .byte 0x00, 0x00, 0x00, 0x00
    .close

trainerdata 119, "Fran"
    .byte 0x00, 0x19, 0x00, 0x01, 0x00, 0x00, 0x00, 0x00, 0x00, 0x00, 0x00, 0x00, 0x07, 0x00, 0x00, 0x00
    .byte 0x00, 0x00, 0x00, 0x00
    .close

trainerdata 120, "Irene"
    .byte 0x00, 0x19, 0x00, 0x02, 0x00, 0x00, 0x00, 0x00, 0x00, 0x00, 0x00, 0x00, 0x07, 0x00, 0x00, 0x00
    .byte 0x00, 0x00, 0x00, 0x00
    .close

trainerdata 121, "Kelly"
    .byte 0x00, 0x19, 0x00, 0x03, 0x00, 0x00, 0x00, 0x00, 0x00, 0x00, 0x00, 0x00, 0x07, 0x00, 0x00, 0x00
    .byte 0x00, 0x00, 0x00, 0x00
    .close

trainerdata 122, "Marvin"
    .byte 0x01, 0x0B, 0x00, 0x03, 0x00, 0x00, 0x00, 0x00, 0x00, 0x00, 0x00, 0x00, 0x01, 0x00, 0x00, 0x00
    .byte 0x00, 0x00, 0x00, 0x00
    .close

trainerdata 123, "Tully"
    .byte 0x00, 0x0B, 0x00, 0x01, 0x00, 0x00, 0x00, 0x00, 0x00, 0x00, 0x00, 0x00, 0x01, 0x00, 0x00, 0x00
    .byte 0x00, 0x00, 0x00, 0x00
    .close

trainerdata 124, "Wilton"
    .byte 0x00, 0x0B, 0x00, 0x03, 0x00, 0x00, 0x00, 0x00, 0x00, 0x00, 0x00, 0x00, 0x01, 0x00, 0x00, 0x00
    .byte 0x00, 0x00, 0x00, 0x00
    .close

trainerdata 125, "Edgar"
    .byte 0x01, 0x0B, 0x00, 0x02, 0x00, 0x00, 0x00, 0x00, 0x00, 0x00, 0x00, 0x00, 0x01, 0x00, 0x00, 0x00
    .byte 0x00, 0x00, 0x00, 0x00
    .close

trainerdata 126, "Andre"
    .byte 0x00, 0x0B, 0x00, 0x01, 0x00, 0x00, 0x00, 0x00, 0x00, 0x00, 0x00, 0x00, 0x01, 0x00, 0x00, 0x00
    .byte 0x00, 0x00, 0x00, 0x00
    .close

trainerdata 127, "Raymond"
    .byte 0x00, 0x0B, 0x00, 0x04, 0x00, 0x00, 0x00, 0x00, 0x00, 0x00, 0x00, 0x00, 0x01, 0x00, 0x00, 0x00
    .byte 0x00, 0x00, 0x00, 0x00
    .close

trainerdata 128, "Jonah"
    .byte 0x00, 0x0B, 0x00, 0x04, 0x00, 0x00, 0x00, 0x00, 0x00, 0x00, 0x00, 0x00, 0x01, 0x00, 0x00, 0x00
    .byte 0x00, 0x00, 0x00, 0x00
    .close

trainerdata 129, "Shane"
    .byte 0x00, 0x44, 0x00, 0x02, 0x00, 0x00, 0x00, 0x00, 0x00, 0x00, 0x00, 0x00, 0x21, 0x00, 0x00, 0x00
    .byte 0x00, 0x00, 0x00, 0x00
    .close

trainerdata 130, "Beckett"
    .byte 0x00, 0x44, 0x00, 0x01, 0x00, 0x00, 0x00, 0x00, 0x00, 0x00, 0x00, 0x00, 0x21, 0x00, 0x00, 0x00
    .byte 0x00, 0x00, 0x00, 0x00
    .close

trainerdata 131, "Brent"
    .byte 0x00, 0x44, 0x00, 0x02, 0x00, 0x00, 0x00, 0x00, 0x00, 0x00, 0x00, 0x00, 0x21, 0x00, 0x00, 0x00
    .byte 0x00, 0x00, 0x00, 0x00
    .close

trainerdata 132, "Ron"
    .byte 0x00, 0x44, 0x00, 0x01, 0x00, 0x00, 0x00, 0x00, 0x00, 0x00, 0x00, 0x00, 0x21, 0x00, 0x00, 0x00
    .byte 0x00, 0x00, 0x00, 0x00
    .close

trainerdata 133, "Morgan"
    .byte 0x00, 0x44, 0x00, 0x02, 0x00, 0x00, 0x00, 0x00, 0x00, 0x00, 0x00, 0x00, 0x21, 0x00, 0x00, 0x00
    .byte 0x00, 0x00, 0x00, 0x00
    .close

trainerdata 134, "Benjamin"
    .byte 0x00, 0x09, 0x00, 0x03, 0x00, 0x00, 0x00, 0x00, 0x00, 0x00, 0x00, 0x00, 0x21, 0x00, 0x00, 0x00
    .byte 0x00, 0x00, 0x00, 0x00
    .close

trainerdata 135, "Johnny"
    .byte 0x00, 0x3C, 0x00, 0x03, 0x00, 0x00, 0x00, 0x00, 0x00, 0x00, 0x00, 0x00, 0x05, 0x00, 0x00, 0x00
    .byte 0x00, 0x00, 0x00, 0x00
    .close

trainerdata 136, "Linda"
    .byte 0x01, 0x03, 0x00, 0x03, 0x00, 0x00, 0x00, 0x00, 0x00, 0x00, 0x00, 0x00, 0x05, 0x00, 0x00, 0x00
    .byte 0x00, 0x00, 0x00, 0x00
    .close

trainerdata 137, "Vance"
    .byte 0x00, 0x45, 0x00, 0x02, 0x00, 0x00, 0x00, 0x00, 0x00, 0x00, 0x00, 0x00, 0x01, 0x00, 0x00, 0x00
    .byte 0x00, 0x00, 0x00, 0x00
    .close

trainerdata 138, "Mickey"
    .byte 0x00, 0x04, 0x00, 0x01, 0x00, 0x00, 0x00, 0x00, 0x00, 0x00, 0x00, 0x00, 0x07, 0x00, 0x00, 0x00
    .byte 0x00, 0x00, 0x00, 0x00
    .close

trainerdata 139, "Debra"
    .byte 0x00, 0x05, 0x00, 0x01, 0x00, 0x00, 0x00, 0x00, 0x00, 0x00, 0x00, 0x00, 0x01, 0x00, 0x00, 0x00
    .byte 0x00, 0x00, 0x00, 0x00
    .close

trainerdata 140, "Doug"
    .byte 0x00, 0x06, 0x00, 0x02, 0x00, 0x00, 0x00, 0x00, 0x00, 0x00, 0x00, 0x00, 0x01, 0x00, 0x00, 0x00
    .byte 0x00, 0x00, 0x00, 0x00
    .close

trainerdata 141, "Mickey"
    .byte 0x00, 0x04, 0x00, 0x01, 0x00, 0x00, 0x00, 0x00, 0x00, 0x00, 0x00, 0x00, 0x07, 0x00, 0x00, 0x00
    .byte 0x00, 0x00, 0x00, 0x00
    .close

trainerdata 142, "Gina"
    .byte 0x00, 0x05, 0x00, 0x03, 0x00, 0x00, 0x00, 0x00, 0x00, 0x00, 0x00, 0x00, 0x01, 0x00, 0x00, 0x00
    .byte 0x00, 0x00, 0x00, 0x00
    .close

trainerdata 143, "Erik"
    .byte 0x00, 0x09, 0x00, 0x03, 0x00, 0x00, 0x00, 0x00, 0x00, 0x00, 0x00, 0x00, 0x21, 0x00, 0x00, 0x00
    .byte 0x00, 0x00, 0x00, 0x00
    .close

trainerdata 144, "Michael"
    .byte 0x00, 0x09, 0x00, 0x03, 0x00, 0x00, 0x00, 0x00, 0x00, 0x00, 0x00, 0x00, 0x21, 0x00, 0x00, 0x00
    .byte 0x00, 0x00, 0x00, 0x00
    .close

trainerdata 145, "Parry"
    .byte 0x00, 0x09, 0x00, 0x01, 0x00, 0x00, 0x00, 0x00, 0x00, 0x00, 0x00, 0x00, 0x21, 0x00, 0x00, 0x00
    .byte 0x00, 0x00, 0x00, 0x00
    .close

trainerdata 146, "Timothy"
    .byte 0x01, 0x09, 0x00, 0x02, 0x00, 0x00, 0x00, 0x00, 0x00, 0x00, 0x00, 0x00, 0x21, 0x00, 0x00, 0x00
    .byte 0x00, 0x00, 0x00, 0x00
    .close

trainerdata 147, "Ted"
    .byte 0x00, 0x04, 0x00, 0x01, 0x00, 0x00, 0x00, 0x00, 0x00, 0x00, 0x00, 0x00, 0x07, 0x00, 0x00, 0x00
    .byte 0x00, 0x00, 0x00, 0x00
    .close

trainerdata 148, "Lloyd"
    .byte 0x00, 0x04, 0x00, 0x01, 0x00, 0x00, 0x00, 0x00, 0x00, 0x00, 0x00, 0x00, 0x07, 0x00, 0x00, 0x00
    .byte 0x00, 0x00, 0x00, 0x00
    .close

trainerdata 149, "Dean"
    .byte 0x00, 0x04, 0x00, 0x02, 0x00, 0x00, 0x00, 0x00, 0x00, 0x00, 0x00, 0x00, 0x07, 0x00, 0x00, 0x00
    .byte 0x00, 0x00, 0x00, 0x00
    .close

trainerdata 150, "Sid"
    .byte 0x00, 0x04, 0x00, 0x03, 0x00, 0x00, 0x00, 0x00, 0x00, 0x00, 0x00, 0x00, 0x07, 0x00, 0x00, 0x00
    .byte 0x00, 0x00, 0x00, 0x00
    .close

trainerdata 151, "Erin"
    .byte 0x00, 0x05, 0x00, 0x02, 0x00, 0x00, 0x00, 0x00, 0x00, 0x00, 0x00, 0x00, 0x01, 0x00, 0x00, 0x00
    .byte 0x00, 0x00, 0x00, 0x00
    .close

trainerdata 152, "Hope"
    .byte 0x00, 0x05, 0x00, 0x01, 0x00, 0x00, 0x00, 0x00, 0x00, 0x00, 0x00, 0x00, 0x01, 0x00, 0x00, 0x00
    .byte 0x00, 0x00, 0x00, 0x00
    .close

trainerdata 153, "Sharon"
    .byte 0x00, 0x05, 0x00, 0x02, 0x00, 0x00, 0x00, 0x00, 0x00, 0x00, 0x00, 0x00, 0x01, 0x00, 0x00, 0x00
    .byte 0x00, 0x00, 0x00, 0x00
    .close

trainerdata 154, "Bailey"
    .byte 0x00, 0x09, 0x00, 0x05, 0x00, 0x00, 0x00, 0x00, 0x00, 0x00, 0x00, 0x00, 0x21, 0x00, 0x00, 0x00
    .byte 0x00, 0x00, 0x00, 0x00
    .close

trainerdata 155, "Anthony"
    .byte 0x00, 0x09, 0x00, 0x03, 0x00, 0x00, 0x00, 0x00, 0x00, 0x00, 0x00, 0x00, 0x21, 0x00, 0x00, 0x00
    .byte 0x00, 0x00, 0x00, 0x00
    .close

trainerdata 156, "Yoshi"
    .byte 0x01, 0x0E, 0x00, 0x01, 0x00, 0x00, 0x00, 0x00, 0x00, 0x00, 0x00, 0x00, 0x21, 0x00, 0x00, 0x00
    .byte 0x00, 0x00, 0x00, 0x00
    .close

trainerdata 157, "Lao"
    .byte 0x01, 0x0E, 0x00, 0x01, 0x00, 0x00, 0x00, 0x00, 0x00, 0x00, 0x00, 0x00, 0x21, 0x00, 0x00, 0x00
    .byte 0x00, 0x00, 0x00, 0x00
    .close

trainerdata 158, "Kiyo"
    .byte 0x00, 0x0E, 0x00, 0x02, 0x00, 0x00, 0x00, 0x00, 0x00, 0x00, 0x00, 0x00, 0x21, 0x00, 0x00, 0x00
    .byte 0x00, 0x00, 0x00, 0x00
    .close

trainerdata 159, "Lung"
    .byte 0x00, 0x0E, 0x00, 0x03, 0x00, 0x00, 0x00, 0x00, 0x00, 0x00, 0x00, 0x00, 0x21, 0x00, 0x00, 0x00
    .byte 0x00, 0x00, 0x00, 0x00
    .close

trainerdata 160, "Naoko"
    .byte 0x03, 0x2F, 0x00, 0x01, 0x00, 0x00, 0x00, 0x00, 0x00, 0x00, 0x00, 0x00, 0x07, 0x00, 0x00, 0x00
    .byte 0x00, 0x00, 0x00, 0x00
    .close

trainerdata 161, "Sayo"
    .byte 0x03, 0x2F, 0x00, 0x01, 0x00, 0x00, 0x00, 0x00, 0x00, 0x00, 0x00, 0x00, 0x07, 0x00, 0x00, 0x00
    .byte 0x00, 0x00, 0x00, 0x00
    .close

trainerdata 162, "Zuki"
    .byte 0x03, 0x2F, 0x00, 0x01, 0x00, 0x00, 0x00, 0x00, 0x00, 0x00, 0x00, 0x00, 0x07, 0x00, 0x00, 0x00
    .byte 0x00, 0x00, 0x00, 0x00
    .close

trainerdata 163, "Kuni"
    .byte 0x03, 0x2F, 0x00, 0x01, 0x00, 0x00, 0x00, 0x00, 0x00, 0x00, 0x00, 0x00, 0x07, 0x00, 0x00, 0x00
    .byte 0x00, 0x00, 0x00, 0x00
    .close

trainerdata 164, "Miki"
    .byte 0x03, 0x2F, 0x00, 0x01, 0x00, 0x00, 0x00, 0x00, 0x00, 0x00, 0x00, 0x00, 0x07, 0x00, 0x00, 0x00
    .byte 0x00, 0x00, 0x00, 0x00
    .close

trainerdata 165, "Mickey"
    .byte 0x00, 0x2B, 0x00, 0x01, 0x00, 0x00, 0x00, 0x00, 0x00, 0x00, 0x00, 0x00, 0x01, 0x00, 0x00, 0x00
    .byte 0x00, 0x00, 0x00, 0x00
    .close

trainerdata 166, "Mickey"
    .byte 0x00, 0x2B, 0x00, 0x01, 0x00, 0x00, 0x00, 0x00, 0x00, 0x00, 0x00, 0x00, 0x01, 0x00, 0x00, 0x00
    .byte 0x00, 0x00, 0x00, 0x00
    .close

trainerdata 167, "Mickey"
    .byte 0x00, 0x2B, 0x00, 0x01, 0x00, 0x00, 0x00, 0x00, 0x00, 0x00, 0x00, 0x00, 0x01, 0x00, 0x00, 0x00
    .byte 0x00, 0x00, 0x00, 0x00
    .close

trainerdata 168, "Mickey"
    .byte 0x00, 0x2A, 0x00, 0x03, 0x00, 0x00, 0x00, 0x00, 0x00, 0x00, 0x00, 0x00, 0x01, 0x00, 0x00, 0x00
    .byte 0x00, 0x00, 0x00, 0x00
    .close

trainerdata 169, "Mickey"
    .byte 0x00, 0x2A, 0x00, 0x02, 0x00, 0x00, 0x00, 0x00, 0x00, 0x00, 0x00, 0x00, 0x01, 0x00, 0x00, 0x00
    .byte 0x00, 0x00, 0x00, 0x00
    .close

trainerdata 170, "Mickey"
    .byte 0x00, 0x2A, 0x00, 0x03, 0x00, 0x00, 0x00, 0x00, 0x00, 0x00, 0x00, 0x00, 0x01, 0x00, 0x00, 0x00
    .byte 0x00, 0x00, 0x00, 0x00
    .close

trainerdata 171, "Mickey"
    .byte 0x00, 0x2A, 0x00, 0x03, 0x00, 0x00, 0x00, 0x00, 0x00, 0x00, 0x00, 0x00, 0x01, 0x00, 0x00, 0x00
    .byte 0x00, 0x00, 0x00, 0x00
    .close

trainerdata 172, "Brent"
    .byte 0x00, 0x44, 0x00, 0x03, 0x00, 0x00, 0x00, 0x00, 0x00, 0x00, 0x00, 0x00, 0x21, 0x00, 0x00, 0x00
    .byte 0x00, 0x00, 0x00, 0x00
    .close

trainerdata 173, "Brent"
    .byte 0x00, 0x44, 0x00, 0x04, 0x00, 0x00, 0x00, 0x00, 0x00, 0x00, 0x00, 0x00, 0x21, 0x00, 0x00, 0x00
    .byte 0x00, 0x00, 0x00, 0x00
    .close

trainerdata 174, "Mickey"
    .byte 0x00, 0x41, 0x00, 0x03, 0x00, 0x00, 0x00, 0x00, 0x00, 0x00, 0x00, 0x00, 0x01, 0x00, 0x00, 0x00
    .byte 0x00, 0x00, 0x00, 0x00
    .close

trainerdata 175, "Bethany"
    .byte 0x00, 0x52, 0x00, 0x01, 0x00, 0x00, 0x00, 0x00, 0x00, 0x00, 0x00, 0x00, 0x05, 0x00, 0x00, 0x00
    .byte 0x00, 0x00, 0x00, 0x00
    .close

trainerdata 176, "Margaret"
    .byte 0x00, 0x52, 0x00, 0x01, 0x00, 0x00, 0x00, 0x00, 0x00, 0x00, 0x00, 0x00, 0x05, 0x00, 0x00, 0x00
    .byte 0x00, 0x00, 0x00, 0x00
    .close

trainerdata 177, "Ethel"
    .byte 0x00, 0x52, 0x00, 0x01, 0x00, 0x00, 0x00, 0x00, 0x00, 0x00, 0x00, 0x00, 0x05, 0x00, 0x00, 0x00
    .byte 0x00, 0x00, 0x00, 0x00
    .close

trainerdata 178, "Jack"
    .byte 0x00, 0x3C, 0x00, 0x02, 0x00, 0x00, 0x00, 0x00, 0x00, 0x00, 0x00, 0x00, 0x05, 0x00, 0x00, 0x00
    .byte 0x00, 0x00, 0x00, 0x00
    .close

trainerdata 179, "Kipp"
    .byte 0x00, 0x3C, 0x00, 0x04, 0x00, 0x00, 0x00, 0x00, 0x00, 0x00, 0x00, 0x00, 0x05, 0x00, 0x00, 0x00
    .byte 0x00, 0x00, 0x00, 0x00
    .close

trainerdata 180, "Mickey"
    .byte 0x00, 0x24, 0x00, 0x01, 0x00, 0x00, 0x00, 0x00, 0x00, 0x00, 0x00, 0x00, 0x01, 0x00, 0x00, 0x00
    .byte 0x00, 0x00, 0x00, 0x00
    .close

trainerdata 181, "William"
    .byte 0x00, 0x14, 0x00, 0x01, 0x00, 0x00, 0x00, 0x00, 0x00, 0x00, 0x00, 0x00, 0x01, 0x00, 0x00, 0x00
    .byte 0x00, 0x00, 0x00, 0x00
    .close

trainerdata 182, "Beverly"
    .byte 0x00, 0x15, 0x00, 0x01, 0x00, 0x00, 0x00, 0x00, 0x00, 0x00, 0x00, 0x00, 0x01, 0x00, 0x00, 0x00
    .byte 0x00, 0x00, 0x00, 0x00
    .close

trainerdata 183, "Alice"
    .byte 0x01, 0x03, 0x00, 0x03, 0x00, 0x00, 0x00, 0x00, 0x00, 0x00, 0x00, 0x00, 0x05, 0x00, 0x00, 0x00
    .byte 0x00, 0x00, 0x00, 0x00
    .close

trainerdata 184, "Krise"
    .byte 0x00, 0x03, 0x00, 0x02, 0x00, 0x00, 0x00, 0x00, 0x00, 0x00, 0x00, 0x00, 0x05, 0x00, 0x00, 0x00
    .byte 0x00, 0x00, 0x00, 0x00
    .close

trainerdata 185, "Grunt"
    .byte 0x00, 0x37, 0x00, 0x02, 0x00, 0x00, 0x00, 0x00, 0x00, 0x00, 0x00, 0x00, 0x01, 0x00, 0x00, 0x00
    .byte 0x00, 0x00, 0x00, 0x00
    .close

trainerdata 186, "Grunt"
    .byte 0x00, 0x37, 0x00, 0x03, 0x00, 0x00, 0x00, 0x00, 0x00, 0x00, 0x00, 0x00, 0x01, 0x00, 0x00, 0x00
    .byte 0x00, 0x00, 0x00, 0x00
    .close

trainerdata 187, "Grunt"
    .byte 0x00, 0x37, 0x00, 0x05, 0x00, 0x00, 0x00, 0x00, 0x00, 0x00, 0x00, 0x00, 0x01, 0x00, 0x00, 0x00
    .byte 0x00, 0x00, 0x00, 0x00
    .close

trainerdata 188, "Grunt"
    .byte 0x00, 0x37, 0x00, 0x02, 0x00, 0x00, 0x00, 0x00, 0x00, 0x00, 0x00, 0x00, 0x01, 0x00, 0x00, 0x00
    .byte 0x00, 0x00, 0x00, 0x00
    .close

trainerdata 189, "Grunt"
    .byte 0x00, 0x37, 0x00, 0x04, 0x00, 0x00, 0x00, 0x00, 0x00, 0x00, 0x00, 0x00, 0x01, 0x00, 0x00, 0x00
    .byte 0x00, 0x00, 0x00, 0x00
    .close

trainerdata 190, "Grunt"
    .byte 0x00, 0x37, 0x00, 0x01, 0x00, 0x00, 0x00, 0x00, 0x00, 0x00, 0x00, 0x00, 0x01, 0x00, 0x00, 0x00
    .byte 0x00, 0x00, 0x00, 0x00
    .close

trainerdata 191, "Grunt"
    .byte 0x00, 0x37, 0x00, 0x02, 0x00, 0x00, 0x00, 0x00, 0x00, 0x00, 0x00, 0x00, 0x01, 0x00, 0x00, 0x00
    .byte 0x00, 0x00, 0x00, 0x00
    .close

trainerdata 192, "Grunt"
    .byte 0x00, 0x37, 0x00, 0x03, 0x00, 0x00, 0x00, 0x00, 0x00, 0x00, 0x00, 0x00, 0x01, 0x00, 0x00, 0x00
    .byte 0x00, 0x00, 0x00, 0x00
    .close

trainerdata 193, "Grunt"
    .byte 0x00, 0x37, 0x00, 0x03, 0x00, 0x00, 0x00, 0x00, 0x00, 0x00, 0x00, 0x00, 0x01, 0x00, 0x00, 0x00
    .byte 0x00, 0x00, 0x00, 0x00
    .close

trainerdata 194, "Mickey"
    .byte 0x00, 0x37, 0x00, 0x01, 0x00, 0x00, 0x00, 0x00, 0x00, 0x00, 0x00, 0x00, 0x07, 0x00, 0x00, 0x00
    .byte 0x00, 0x00, 0x00, 0x00
    .close

trainerdata 195, "Grunt"
    .byte 0x00, 0x37, 0x00, 0x01, 0x00, 0x00, 0x00, 0x00, 0x00, 0x00, 0x00, 0x00, 0x01, 0x00, 0x00, 0x00
    .byte 0x00, 0x00, 0x00, 0x00
    .close

trainerdata 196, "Grunt"
    .byte 0x00, 0x37, 0x00, 0x02, 0x00, 0x00, 0x00, 0x00, 0x00, 0x00, 0x00, 0x00, 0x01, 0x00, 0x00, 0x00
    .byte 0x00, 0x00, 0x00, 0x00
    .close

trainerdata 197, "Grunt"
    .byte 0x00, 0x37, 0x00, 0x02, 0x00, 0x00, 0x00, 0x00, 0x00, 0x00, 0x00, 0x00, 0x01, 0x00, 0x00, 0x00
    .byte 0x00, 0x00, 0x00, 0x00
    .close

trainerdata 198, "Grunt"
    .byte 0x00, 0x3E, 0x00, 0x01, 0x00, 0x00, 0x00, 0x00, 0x00, 0x00, 0x00, 0x00, 0x01, 0x00, 0x00, 0x00
    .byte 0x00, 0x00, 0x00, 0x00
    .close

trainerdata 199, "Grunt"
    .byte 0x00, 0x3E, 0x00, 0x02, 0x00, 0x00, 0x00, 0x00, 0x00, 0x00, 0x00, 0x00, 0x01, 0x00, 0x00, 0x00
    .byte 0x00, 0x00, 0x00, 0x00
    .close

trainerdata 200, "Grunt"
    .byte 0x00, 0x3E, 0x00, 0x04, 0x00, 0x00, 0x00, 0x00, 0x00, 0x00, 0x00, 0x00, 0x01, 0x00, 0x00, 0x00
    .byte 0x00, 0x00, 0x00, 0x00
    .close

trainerdata 201, "Andrew"
    .byte 0x00, 0x44, 0x00, 0x02, 0x00, 0x00, 0x00, 0x00, 0x00, 0x00, 0x00, 0x00, 0x21, 0x00, 0x00, 0x00
    .byte 0x00, 0x00, 0x00, 0x00
    .close

trainerdata 202, "Calvin"
    .byte 0x00, 0x44, 0x00, 0x01, 0x00, 0x00, 0x00, 0x00, 0x00, 0x00, 0x00, 0x00, 0x21, 0x00, 0x00, 0x00
    .byte 0x00, 0x00, 0x00, 0x00
    .close

trainerdata 203, "Phillip"
    .byte 0x00, 0x09, 0x00, 0x02, 0x00, 0x00, 0x00, 0x00, 0x00, 0x00, 0x00, 0x00, 0x21, 0x00, 0x00, 0x00
    .byte 0x00, 0x00, 0x00, 0x00
    .close

trainerdata 204, "Leonard"
    .byte 0x00, 0x09, 0x00, 0x02, 0x00, 0x00, 0x00, 0x00, 0x00, 0x00, 0x00, 0x00, 0x21, 0x00, 0x00, 0x00
    .byte 0x00, 0x00, 0x00, 0x00
    .close

trainerdata 205, "Nick"
    .byte 0x01, 0x18, 0x00, 0x03, 0x00, 0x00, 0x00, 0x00, 0x00, 0x00, 0x00, 0x00, 0x07, 0x00, 0x00, 0x00
    .byte 0x00, 0x00, 0x00, 0x00
    .close

trainerdata 206, "Gwen"
    .byte 0x00, 0x19, 0x00, 0x04, 0x00, 0x00, 0x00, 0x00, 0x00, 0x00, 0x00, 0x00, 0x07, 0x00, 0x00, 0x00
    .byte 0x00, 0x00, 0x00, 0x00
    .close

trainerdata 207, "Mickey"
    .byte 0x00, 0x24, 0x00, 0x01, 0x00, 0x00, 0x00, 0x00, 0x00, 0x00, 0x00, 0x00, 0x01, 0x00, 0x00, 0x00
    .byte 0x00, 0x00, 0x00, 0x00
    .close

trainerdata 208, "Mickey"
    .byte 0x00, 0x24, 0x00, 0x01, 0x00, 0x00, 0x00, 0x00, 0x00, 0x00, 0x00, 0x00, 0x01, 0x00, 0x00, 0x00
    .byte 0x00, 0x00, 0x00, 0x00
    .close

trainerdata 209, "Cassie"
    .byte 0x00, 0x24, 0x00, 0x02, 0x00, 0x00, 0x00, 0x00, 0x00, 0x00, 0x00, 0x00, 0x01, 0x00, 0x00, 0x00
    .byte 0x00, 0x00, 0x00, 0x00
    .close

trainerdata 210, "Caroline"
    .byte 0x00, 0x24, 0x00, 0x03, 0x00, 0x00, 0x00, 0x00, 0x00, 0x00, 0x00, 0x00, 0x01, 0x00, 0x00, 0x00
    .byte 0x00, 0x00, 0x00, 0x00
    .close

trainerdata 211, "Huey"
    .byte 0x00, 0x2E, 0x00, 0x02, 0x00, 0x00, 0x00, 0x00, 0x00, 0x00, 0x00, 0x00, 0x01, 0x00, 0x00, 0x00
    .byte 0x00, 0x00, 0x00, 0x00
    .close

trainerdata 212, "Terrell"
    .byte 0x00, 0x2E, 0x00, 0x01, 0x00, 0x00, 0x00, 0x00, 0x00, 0x00, 0x00, 0x00, 0x01, 0x00, 0x00, 0x00
    .byte 0x00, 0x00, 0x00, 0x00
    .close

trainerdata 213, "Kent"
    .byte 0x01, 0x2E, 0x00, 0x02, 0x00, 0x00, 0x00, 0x00, 0x00, 0x00, 0x00, 0x00, 0x01, 0x00, 0x00, 0x00
    .byte 0x00, 0x00, 0x00, 0x00
    .close

trainerdata 214, "Roberto"
    .byte 0x00, 0x2E, 0x00, 0x03, 0x00, 0x00, 0x00, 0x00, 0x00, 0x00, 0x00, 0x00, 0x01, 0x00, 0x00, 0x00
    .byte 0x00, 0x00, 0x00, 0x00
    .close

trainerdata 215, "Connie"
    .byte 0x00, 0x03, 0x00, 0x01, 0x00, 0x00, 0x00, 0x00, 0x00, 0x00, 0x00, 0x00, 0x05, 0x00, 0x00, 0x00
    .byte 0x00, 0x00, 0x00, 0x00
    .close

trainerdata 216, "Grunt"
    .byte 0x00, 0x37, 0x00, 0x04, 0x00, 0x00, 0x00, 0x00, 0x00, 0x00, 0x00, 0x00, 0x01, 0x00, 0x00, 0x00
    .byte 0x00, 0x00, 0x00, 0x00
    .close

trainerdata 217, "Denis"
    .byte 0x00, 0x45, 0x00, 0x03, 0x00, 0x00, 0x00, 0x00, 0x00, 0x00, 0x00, 0x00, 0x01, 0x00, 0x00, 0x00
    .byte 0x00, 0x00, 0x00, 0x00
    .close

trainerdata 218, "Grunt"
    .byte 0x00, 0x37, 0x00, 0x01, 0x00, 0x00, 0x00, 0x00, 0x00, 0x00, 0x00, 0x00, 0x01, 0x00, 0x00, 0x00
    .byte 0x00, 0x00, 0x00, 0x00
    .close

trainerdata 219, "Grunt"
    .byte 0x00, 0x37, 0x00, 0x03, 0x00, 0x00, 0x00, 0x00, 0x00, 0x00, 0x00, 0x00, 0x01, 0x00, 0x00, 0x00
    .byte 0x00, 0x00, 0x00, 0x00
    .close

trainerdata 220, "Grunt"
    .byte 0x00, 0x37, 0x00, 0x02, 0x00, 0x00, 0x00, 0x00, 0x00, 0x00, 0x00, 0x00, 0x01, 0x00, 0x00, 0x00
    .byte 0x00, 0x00, 0x00, 0x00
    .close

trainerdata 221, "Mickey"
    .byte 0x00, 0x37, 0x00, 0x01, 0x00, 0x00, 0x00, 0x00, 0x00, 0x00, 0x00, 0x00, 0x07, 0x00, 0x00, 0x00
    .byte 0x00, 0x00, 0x00, 0x00
    .close

trainerdata 222, "Grunt"
    .byte 0x00, 0x37, 0x00, 0x01, 0x00, 0x00, 0x00, 0x00, 0x00, 0x00, 0x00, 0x00, 0x01, 0x00, 0x00, 0x00
    .byte 0x00, 0x00, 0x00, 0x00
    .close

trainerdata 223, "Grunt"
    .byte 0x00, 0x37, 0x00, 0x02, 0x00, 0x00, 0x00, 0x00, 0x00, 0x00, 0x00, 0x00, 0x01, 0x00, 0x00, 0x00
    .byte 0x00, 0x00, 0x00, 0x00
    .close

trainerdata 224, "Grunt"
    .byte 0x00, 0x37, 0x00, 0x03, 0x00, 0x00, 0x00, 0x00, 0x00, 0x00, 0x00, 0x00, 0x01, 0x00, 0x00, 0x00
    .byte 0x00, 0x00, 0x00, 0x00
    .close

trainerdata 225, "Mickey"
    .byte 0x00, 0x37, 0x00, 0x01, 0x00, 0x00, 0x00, 0x00, 0x00, 0x00, 0x00, 0x00, 0x07, 0x00, 0x00, 0x00
    .byte 0x00, 0x00, 0x00, 0x00
    .close

trainerdata 226, "Mickey"
    .byte 0x00, 0x37, 0x00, 0x01, 0x00, 0x00, 0x00, 0x00, 0x00, 0x00, 0x00, 0x00, 0x07, 0x00, 0x00, 0x00
    .byte 0x00, 0x00, 0x00, 0x00
    .close

trainerdata 227, "Grunt"
    .byte 0x00, 0x37, 0x00, 0x02, 0x00, 0x00, 0x00, 0x00, 0x00, 0x00, 0x00, 0x00, 0x01, 0x00, 0x00, 0x00
    .byte 0x00, 0x00, 0x00, 0x00
    .close

trainerdata 228, "Grunt"
    .byte 0x00, 0x37, 0x00, 0x02, 0x00, 0x00, 0x00, 0x00, 0x00, 0x00, 0x00, 0x00, 0x01, 0x00, 0x00, 0x00
    .byte 0x00, 0x00, 0x00, 0x00
    .close

trainerdata 229, "Mickey"
    .byte 0x00, 0x37, 0x00, 0x02, 0x00, 0x00, 0x00, 0x00, 0x00, 0x00, 0x00, 0x00, 0x01, 0x00, 0x00, 0x00
    .byte 0x00, 0x00, 0x00, 0x00
    .close

trainerdata 230, "Franklin"
    .byte 0x01, 0x31, 0x00, 0x02, 0x00, 0x00, 0x00, 0x00, 0x00, 0x00, 0x00, 0x00, 0x03, 0x00, 0x00, 0x00
    .byte 0x00, 0x00, 0x00, 0x00
    .close

trainerdata 231, "Edward"
    .byte 0x00, 0x22, 0x00, 0x01, 0x17, 0x00, 0x00, 0x00, 0x00, 0x00, 0x00, 0x00, 0x01, 0x00, 0x00, 0x00
    .byte 0x00, 0x00, 0x00, 0x00
    .close

trainerdata 232, "Vincent"
    .byte 0x01, 0x34, 0x00, 0x03, 0x00, 0x00, 0x00, 0x00, 0x00, 0x00, 0x00, 0x00, 0x01, 0x00, 0x00, 0x00
    .byte 0x00, 0x00, 0x00, 0x00
    .close

trainerdata 233, "Eric"
    .byte 0x00, 0x4E, 0x00, 0x02, 0x00, 0x00, 0x00, 0x00, 0x00, 0x00, 0x00, 0x00, 0x05, 0x00, 0x00, 0x00
    .byte 0x00, 0x00, 0x00, 0x00
    .close

trainerdata 234, "Eoin"
    .byte 0x00, 0x09, 0x00, 0x03, 0x00, 0x00, 0x00, 0x00, 0x00, 0x00, 0x00, 0x00, 0x21, 0x00, 0x00, 0x00
    .byte 0x00, 0x00, 0x00, 0x00
    .close

trainerdata 235, "Noland"
    .byte 0x00, 0x09, 0x00, 0x02, 0x00, 0x00, 0x00, 0x00, 0x00, 0x00, 0x00, 0x00, 0x21, 0x00, 0x00, 0x00
    .byte 0x00, 0x00, 0x00, 0x00
    .close

trainerdata 236, "Shaye"
    .byte 0x01, 0x18, 0x00, 0x03, 0x00, 0x00, 0x00, 0x00, 0x00, 0x00, 0x00, 0x00, 0x07, 0x00, 0x00, 0x00
    .byte 0x00, 0x00, 0x00, 0x00
    .close

trainerdata 237, "Carol"
    .byte 0x01, 0x19, 0x00, 0x03, 0x00, 0x00, 0x00, 0x00, 0x00, 0x00, 0x00, 0x00, 0x07, 0x00, 0x00, 0x00
    .byte 0x00, 0x00, 0x00, 0x00
    .close

trainerdata 238, "Stanly"
    .byte 0x00, 0x2E, 0x00, 0x03, 0x00, 0x00, 0x00, 0x00, 0x00, 0x00, 0x00, 0x00, 0x01, 0x00, 0x00, 0x00
    .byte 0x00, 0x00, 0x00, 0x00
    .close

trainerdata 239, "Jeff"
    .byte 0x00, 0x2E, 0x00, 0x02, 0x00, 0x00, 0x00, 0x00, 0x00, 0x00, 0x00, 0x00, 0x01, 0x00, 0x00, 0x00
    .byte 0x00, 0x00, 0x00, 0x00
    .close

trainerdata 240, "Garrett"
    .byte 0x00, 0x2E, 0x00, 0x01, 0x00, 0x00, 0x00, 0x00, 0x00, 0x00, 0x00, 0x00, 0x01, 0x00, 0x00, 0x00
    .byte 0x00, 0x00, 0x00, 0x00
    .close

trainerdata 241, "Kenneth"
    .byte 0x00, 0x2E, 0x00, 0x04, 0x00, 0x00, 0x00, 0x00, 0x00, 0x00, 0x00, 0x00, 0x01, 0x00, 0x00, 0x00
    .byte 0x00, 0x00, 0x00, 0x00
    .close

trainerdata 242, "Fritz"
    .byte 0x01, 0x1F, 0x00, 0x03, 0x00, 0x00, 0x00, 0x00, 0x00, 0x00, 0x00, 0x00, 0x01, 0x00, 0x00, 0x00
    .byte 0x00, 0x00, 0x00, 0x00
    .close

trainerdata 243, "Katie"
    .byte 0x00, 0x2B, 0x00, 0x01, 0x00, 0x00, 0x00, 0x00, 0x00, 0x00, 0x00, 0x00, 0x01, 0x00, 0x00, 0x00
    .byte 0x00, 0x00, 0x00, 0x00
    .close

trainerdata 244, "Lance"
    .byte 0x03, 0x56, 0x00, 0x06, 0x17, 0x00, 0x17, 0x00, 0x17, 0x00, 0x17, 0x00, 0x07, 0x00, 0x00, 0x00
    .byte 0x00, 0x00, 0x00, 0x00
    .close

trainerdata 245, "Will"
    .byte 0x03, 0x57, 0x00, 0x05, 0x17, 0x00, 0x17, 0x00, 0x00, 0x00, 0x00, 0x00, 0x07, 0x00, 0x00, 0x00
    .byte 0x00, 0x00, 0x00, 0x00
    .close

trainerdata 246, "Karen"
    .byte 0x03, 0x58, 0x00, 0x05, 0x17, 0x00, 0x17, 0x00, 0x00, 0x00, 0x00, 0x00, 0x07, 0x00, 0x00, 0x00
    .byte 0x00, 0x00, 0x00, 0x00
    .close

trainerdata 247, "Koga"
    .byte 0x03, 0x59, 0x00, 0x05, 0x17, 0x00, 0x17, 0x00, 0x00, 0x00, 0x00, 0x00, 0x07, 0x00, 0x00, 0x00
    .byte 0x00, 0x00, 0x00, 0x00
    .close

trainerdata 248, "Ed"
    .byte 0x00, 0x06, 0x00, 0x03, 0x00, 0x00, 0x00, 0x00, 0x00, 0x00, 0x00, 0x00, 0x01, 0x00, 0x00, 0x00
    .byte 0x00, 0x00, 0x00, 0x00
    .close

trainerdata 249, "Don"
    .byte 0x00, 0x06, 0x00, 0x02, 0x00, 0x00, 0x00, 0x00, 0x00, 0x00, 0x00, 0x00, 0x01, 0x00, 0x00, 0x00
    .byte 0x00, 0x00, 0x00, 0x00
    .close

trainerdata 250, "Kenji"
    .byte 0x00, 0x0E, 0x00, 0x04, 0x00, 0x00, 0x00, 0x00, 0x00, 0x00, 0x00, 0x00, 0x21, 0x00, 0x00, 0x00
    .byte 0x00, 0x00, 0x00, 0x00
    .close

trainerdata 251, "Nob"
    .byte 0x01, 0x0E, 0x00, 0x02, 0x00, 0x00, 0x00, 0x00, 0x00, 0x00, 0x00, 0x00, 0x21, 0x00, 0x00, 0x00
    .byte 0x00, 0x00, 0x00, 0x00
    .close

trainerdata 252, "Harold"
    .byte 0x00, 0x2A, 0x00, 0x02, 0x00, 0x00, 0x00, 0x00, 0x00, 0x00, 0x00, 0x00, 0x01, 0x00, 0x00, 0x00
    .byte 0x00, 0x00, 0x00, 0x00
    .close

trainerdata 253, "Brock"
    .byte 0x03, 0x62, 0x00, 0x06, 0x17, 0x00, 0x17, 0x00, 0x17, 0x00, 0x00, 0x00, 0x07, 0x00, 0x00, 0x00
    .byte 0x00, 0x00, 0x00, 0x00
    .close

trainerdata 254, "Misty"
    .byte 0x03, 0x67, 0x00, 0x06, 0x17, 0x00, 0x17, 0x00, 0x17, 0x00, 0x00, 0x00, 0x07, 0x00, 0x00, 0x00
    .byte 0x00, 0x00, 0x00, 0x00
    .close

trainerdata 255, "Lt. Surge"
    .byte 0x03, 0x68, 0x00, 0x06, 0x17, 0x00, 0x17, 0x00, 0x17, 0x00, 0x00, 0x00, 0x07, 0x00, 0x00, 0x00
    .byte 0x00, 0x00, 0x00, 0x00
    .close

trainerdata 256, "Erika"
    .byte 0x03, 0x69, 0x00, 0x06, 0x17, 0x00, 0x17, 0x00, 0x17, 0x00, 0x00, 0x00, 0x07, 0x02, 0x00, 0x00
    .byte 0x00, 0x00, 0x00, 0x00
    .close

trainerdata 257, "Janine"
    .byte 0x03, 0x6A, 0x00, 0x06, 0x17, 0x00, 0x17, 0x00, 0x17, 0x00, 0x00, 0x00, 0x07, 0x00, 0x00, 0x00
    .byte 0x00, 0x00, 0x00, 0x00
    .close

trainerdata 258, "Sabrina"
    .byte 0x03, 0x6B, 0x00, 0x06, 0x17, 0x00, 0x17, 0x00, 0x17, 0x00, 0x00, 0x00, 0x07, 0x00, 0x00, 0x00
    .byte 0x00, 0x00, 0x00, 0x00
    .close

trainerdata 259, "Blaine"
    .byte 0x03, 0x6C, 0x00, 0x06, 0x17, 0x00, 0x17, 0x00, 0x17, 0x00, 0x00, 0x00, 0x07, 0x02, 0x00, 0x00
    .byte 0x00, 0x00, 0x00, 0x00
    .close

trainerdata 260, "Red"
    .byte 0x03, 0x6D, 0x00, 0x06, 0x17, 0x00, 0x17, 0x00, 0x17, 0x00, 0x17, 0x00, 0x07, 0x00, 0x00, 0x00
    .byte 0x00, 0x00, 0x00, 0x00
    .close

trainerdata 261, "Blue"
    .byte 0x03, 0x6E, 0x00, 0x06, 0x17, 0x00, 0x17, 0x00, 0x17, 0x00, 0x17, 0x00, 0x07, 0x00, 0x00, 0x00
    .byte 0x00, 0x00, 0x00, 0x00
    .close

trainerdata 262, "Mickey"
    .byte 0x00, 0x37, 0x00, 0x03, 0x00, 0x00, 0x00, 0x00, 0x00, 0x00, 0x00, 0x00, 0x01, 0x00, 0x00, 0x00
    .byte 0x00, 0x00, 0x00, 0x00
    .close

trainerdata 263, "Silver"
    .byte 0x01, 0x17, 0x00, 0x04, 0x00, 0x00, 0x00, 0x00, 0x00, 0x00, 0x00, 0x00, 0x23, 0x00, 0x00, 0x00
    .byte 0x00, 0x00, 0x00, 0x00
    .close

trainerdata 264, "Silver"
    .byte 0x01, 0x17, 0x00, 0x06, 0x00, 0x00, 0x00, 0x00, 0x00, 0x00, 0x00, 0x00, 0x07, 0x00, 0x00, 0x00
    .byte 0x00, 0x00, 0x00, 0x00
    .close

trainerdata 265, "Silver"
    .byte 0x00, 0x17, 0x00, 0x01, 0x00, 0x00, 0x00, 0x00, 0x00, 0x00, 0x00, 0x00, 0x01, 0x00, 0x00, 0x00
    .byte 0x00, 0x00, 0x00, 0x00
    .close

trainerdata 266, "Silver"
    .byte 0x00, 0x17, 0x00, 0x03, 0x00, 0x00, 0x00, 0x00, 0x00, 0x00, 0x00, 0x00, 0x23, 0x00, 0x00, 0x00
    .byte 0x00, 0x00, 0x00, 0x00
    .close

trainerdata 267, "Silver"
    .byte 0x01, 0x17, 0x00, 0x04, 0x00, 0x00, 0x00, 0x00, 0x00, 0x00, 0x00, 0x00, 0x23, 0x00, 0x00, 0x00
    .byte 0x00, 0x00, 0x00, 0x00
    .close

trainerdata 268, "Silver"
    .byte 0x01, 0x17, 0x00, 0x06, 0x00, 0x00, 0x00, 0x00, 0x00, 0x00, 0x00, 0x00, 0x07, 0x00, 0x00, 0x00
    .byte 0x00, 0x00, 0x00, 0x00
    .close

trainerdata 269, "Silver"
    .byte 0x00, 0x17, 0x00, 0x03, 0x00, 0x00, 0x00, 0x00, 0x00, 0x00, 0x00, 0x00, 0x23, 0x00, 0x00, 0x00
    .byte 0x00, 0x00, 0x00, 0x00
    .close

trainerdata 270, "Silver"
    .byte 0x01, 0x17, 0x00, 0x04, 0x00, 0x00, 0x00, 0x00, 0x00, 0x00, 0x00, 0x00, 0x23, 0x00, 0x00, 0x00
    .byte 0x00, 0x00, 0x00, 0x00
    .close

trainerdata 271, "Silver"
    .byte 0x01, 0x17, 0x00, 0x05, 0x00, 0x00, 0x00, 0x00, 0x00, 0x00, 0x00, 0x00, 0x07, 0x00, 0x00, 0x00
    .byte 0x00, 0x00, 0x00, 0x00
    .close

trainerdata 272, "Silver"
    .byte 0x01, 0x17, 0x00, 0x06, 0x00, 0x00, 0x00, 0x00, 0x00, 0x00, 0x00, 0x00, 0x07, 0x00, 0x00, 0x00
    .byte 0x00, 0x00, 0x00, 0x00
    .close

trainerdata 273, "Mickey"
    .byte 0x00, 0x2A, 0x00, 0x03, 0x00, 0x00, 0x00, 0x00, 0x00, 0x00, 0x00, 0x00, 0x01, 0x00, 0x00, 0x00
    .byte 0x00, 0x00, 0x00, 0x00
    .close

trainerdata 274, "Todd"
    .byte 0x00, 0x04, 0x00, 0x03, 0x00, 0x00, 0x00, 0x00, 0x00, 0x00, 0x00, 0x00, 0x07, 0x00, 0x00, 0x00
    .byte 0x00, 0x00, 0x00, 0x00
    .close

trainerdata 275, "Todd"
    .byte 0x00, 0x04, 0x00, 0x04, 0x00, 0x00, 0x00, 0x00, 0x00, 0x00, 0x00, 0x00, 0x07, 0x00, 0x00, 0x00
    .byte 0x00, 0x00, 0x00, 0x00
    .close

trainerdata 276, "Liz"
    .byte 0x00, 0x05, 0x00, 0x02, 0x00, 0x00, 0x00, 0x00, 0x00, 0x00, 0x00, 0x00, 0x01, 0x00, 0x00, 0x00
    .byte 0x00, 0x00, 0x00, 0x00
    .close

trainerdata 277, "Liz"
    .byte 0x00, 0x05, 0x00, 0x03, 0x00, 0x00, 0x00, 0x00, 0x00, 0x00, 0x00, 0x00, 0x01, 0x00, 0x00, 0x00
    .byte 0x00, 0x00, 0x00, 0x00
    .close

trainerdata 278, "Kenji"
    .byte 0x00, 0x0E, 0x00, 0x04, 0x00, 0x00, 0x00, 0x00, 0x00, 0x00, 0x00, 0x00, 0x21, 0x00, 0x00, 0x00
    .byte 0x00, 0x00, 0x00, 0x00
    .close

trainerdata 279, "Joey"
    .byte 0x00, 0x02, 0x00, 0x01, 0x00, 0x00, 0x00, 0x00, 0x00, 0x00, 0x00, 0x00, 0x01, 0x00, 0x00, 0x00
    .byte 0x00, 0x00, 0x00, 0x00
    .close

trainerdata 280, "Joey"
    .byte 0x01, 0x02, 0x00, 0x01, 0x00, 0x00, 0x00, 0x00, 0x00, 0x00, 0x00, 0x00, 0x01, 0x00, 0x00, 0x00
    .byte 0x00, 0x00, 0x00, 0x00
    .close

trainerdata 281, "Richard"
    .byte 0x00, 0x40, 0x00, 0x01, 0x00, 0x00, 0x00, 0x00, 0x00, 0x00, 0x00, 0x00, 0x01, 0x00, 0x00, 0x00
    .byte 0x00, 0x00, 0x00, 0x00
    .close

trainerdata 282, "Ned"
    .byte 0x00, 0x40, 0x00, 0x03, 0x00, 0x00, 0x00, 0x00, 0x00, 0x00, 0x00, 0x00, 0x01, 0x00, 0x00, 0x00
    .byte 0x00, 0x00, 0x00, 0x00
    .close

trainerdata 283, "Orson"
    .byte 0x01, 0x3F, 0x00, 0x02, 0x00, 0x00, 0x00, 0x00, 0x00, 0x00, 0x00, 0x00, 0x01, 0x00, 0x00, 0x00
    .byte 0x00, 0x00, 0x00, 0x00
    .close

trainerdata 284, "Corey"
    .byte 0x00, 0x3F, 0x00, 0x04, 0x00, 0x00, 0x00, 0x00, 0x00, 0x00, 0x00, 0x00, 0x01, 0x00, 0x00, 0x00
    .byte 0x00, 0x00, 0x00, 0x00
    .close

trainerdata 285, "Silver"
    .byte 0x01, 0x17, 0x00, 0x06, 0x00, 0x00, 0x00, 0x00, 0x00, 0x00, 0x00, 0x00, 0x07, 0x00, 0x00, 0x00
    .byte 0x00, 0x00, 0x00, 0x00
    .close

trainerdata 286, "Silver"
    .byte 0x01, 0x17, 0x00, 0x06, 0x00, 0x00, 0x00, 0x00, 0x00, 0x00, 0x00, 0x00, 0x07, 0x00, 0x00, 0x00
    .byte 0x00, 0x00, 0x00, 0x00
    .close

trainerdata 287, "Silver"
    .byte 0x01, 0x17, 0x00, 0x06, 0x00, 0x00, 0x00, 0x00, 0x00, 0x00, 0x00, 0x00, 0x07, 0x00, 0x00, 0x00
    .byte 0x00, 0x00, 0x00, 0x00
    .close

trainerdata 288, "Silver"
    .byte 0x01, 0x17, 0x00, 0x05, 0x00, 0x00, 0x00, 0x00, 0x00, 0x00, 0x00, 0x00, 0x07, 0x00, 0x00, 0x00
    .byte 0x00, 0x00, 0x00, 0x00
    .close

trainerdata 289, "Silver"
    .byte 0x01, 0x17, 0x00, 0x05, 0x00, 0x00, 0x00, 0x00, 0x00, 0x00, 0x00, 0x00, 0x07, 0x00, 0x00, 0x00
    .byte 0x00, 0x00, 0x00, 0x00
    .close

trainerdata 290, "Li"
    .byte 0x00, 0x6F, 0x00, 0x03, 0x00, 0x00, 0x00, 0x00, 0x00, 0x00, 0x00, 0x00, 0x05, 0x00, 0x00, 0x00
    .byte 0x00, 0x00, 0x00, 0x00
    .close

trainerdata 291, "Debbie"
    .byte 0x00, 0x2B, 0x00, 0x01, 0x00, 0x00, 0x00, 0x00, 0x00, 0x00, 0x00, 0x00, 0x01, 0x00, 0x00, 0x00
    .byte 0x00, 0x00, 0x00, 0x00
    .close

trainerdata 292, "Mickey"
    .byte 0x00, 0x2B, 0x00, 0x01, 0x00, 0x00, 0x00, 0x00, 0x00, 0x00, 0x00, 0x00, 0x01, 0x00, 0x00, 0x00
    .byte 0x00, 0x00, 0x00, 0x00
    .close

trainerdata 293, "Nicole"
    .byte 0x00, 0x2B, 0x00, 0x03, 0x00, 0x00, 0x00, 0x00, 0x00, 0x00, 0x00, 0x00, 0x01, 0x00, 0x00, 0x00
    .byte 0x00, 0x00, 0x00, 0x00
    .close

trainerdata 294, "Lori"
    .byte 0x01, 0x2B, 0x00, 0x03, 0x00, 0x00, 0x00, 0x00, 0x00, 0x00, 0x00, 0x00, 0x01, 0x00, 0x00, 0x00
    .byte 0x00, 0x00, 0x00, 0x00
    .close

trainerdata 295, "Mickey"
    .byte 0x00, 0x2B, 0x00, 0x01, 0x00, 0x00, 0x00, 0x00, 0x00, 0x00, 0x00, 0x00, 0x01, 0x00, 0x00, 0x00
    .byte 0x00, 0x00, 0x00, 0x00
    .close

trainerdata 296, "Nikki"
    .byte 0x00, 0x2B, 0x00, 0x02, 0x00, 0x00, 0x00, 0x00, 0x00, 0x00, 0x00, 0x00, 0x01, 0x00, 0x00, 0x00
    .byte 0x00, 0x00, 0x00, 0x00
    .close

trainerdata 297, "Diana"
    .byte 0x01, 0x2B, 0x00, 0x01, 0x00, 0x00, 0x00, 0x00, 0x00, 0x00, 0x00, 0x00, 0x01, 0x00, 0x00, 0x00
    .byte 0x00, 0x00, 0x00, 0x00
    .close

trainerdata 298, "Briana"
    .byte 0x01, 0x2B, 0x00, 0x02, 0x00, 0x00, 0x00, 0x00, 0x00, 0x00, 0x00, 0x00, 0x01, 0x00, 0x00, 0x00
    .byte 0x00, 0x00, 0x00, 0x00
    .close

trainerdata 299, "Hank"
    .byte 0x00, 0x45, 0x00, 0x02, 0x00, 0x00, 0x00, 0x00, 0x00, 0x00, 0x00, 0x00, 0x01, 0x00, 0x00, 0x00
    .byte 0x00, 0x00, 0x00, 0x00
    .close

trainerdata 300, "Roy"
    .byte 0x00, 0x45, 0x00, 0x02, 0x00, 0x00, 0x00, 0x00, 0x00, 0x00, 0x00, 0x00, 0x01, 0x00, 0x00, 0x00
    .byte 0x00, 0x00, 0x00, 0x00
    .close

trainerdata 301, "Boris"
    .byte 0x00, 0x45, 0x00, 0x03, 0x00, 0x00, 0x00, 0x00, 0x00, 0x00, 0x00, 0x00, 0x01, 0x00, 0x00, 0x00
    .byte 0x00, 0x00, 0x00, 0x00
    .close

trainerdata 302, "Bob"
    .byte 0x00, 0x45, 0x00, 0x01, 0x00, 0x00, 0x00, 0x00, 0x00, 0x00, 0x00, 0x00, 0x01, 0x00, 0x00, 0x00
    .byte 0x00, 0x00, 0x00, 0x00
    .close

trainerdata 303, "Jose"
    .byte 0x00, 0x45, 0x00, 0x01, 0x00, 0x00, 0x00, 0x00, 0x00, 0x00, 0x00, 0x00, 0x01, 0x00, 0x00, 0x00
    .byte 0x00, 0x00, 0x00, 0x00
    .close

trainerdata 304, "Mickey"
    .byte 0x00, 0x04, 0x00, 0x04, 0x00, 0x00, 0x00, 0x00, 0x00, 0x00, 0x00, 0x00, 0x07, 0x00, 0x00, 0x00
    .byte 0x00, 0x00, 0x00, 0x00
    .close

trainerdata 305, "Mickey"
    .byte 0x00, 0x04, 0x00, 0x04, 0x00, 0x00, 0x00, 0x00, 0x00, 0x00, 0x00, 0x00, 0x07, 0x00, 0x00, 0x00
    .byte 0x00, 0x00, 0x00, 0x00
    .close

trainerdata 306, "Mickey"
    .byte 0x00, 0x04, 0x00, 0x04, 0x00, 0x00, 0x00, 0x00, 0x00, 0x00, 0x00, 0x00, 0x07, 0x00, 0x00, 0x00
    .byte 0x00, 0x00, 0x00, 0x00
    .close

trainerdata 307, "Mickey"
    .byte 0x00, 0x04, 0x00, 0x04, 0x00, 0x00, 0x00, 0x00, 0x00, 0x00, 0x00, 0x00, 0x07, 0x00, 0x00, 0x00
    .byte 0x00, 0x00, 0x00, 0x00
    .close

trainerdata 308, "Jerry"
    .byte 0x01, 0x04, 0x00, 0x01, 0x00, 0x00, 0x00, 0x00, 0x00, 0x00, 0x00, 0x00, 0x07, 0x00, 0x00, 0x00
    .byte 0x00, 0x00, 0x00, 0x00
    .close

trainerdata 309, "Dwayne"
    .byte 0x00, 0x41, 0x00, 0x04, 0x00, 0x00, 0x00, 0x00, 0x00, 0x00, 0x00, 0x00, 0x01, 0x00, 0x00, 0x00
    .byte 0x00, 0x00, 0x00, 0x00
    .close

trainerdata 310, "Harris"
    .byte 0x00, 0x41, 0x00, 0x01, 0x00, 0x00, 0x00, 0x00, 0x00, 0x00, 0x00, 0x00, 0x01, 0x00, 0x00, 0x00
    .byte 0x00, 0x00, 0x00, 0x00
    .close

trainerdata 311, "Zeke"
    .byte 0x00, 0x41, 0x00, 0x02, 0x00, 0x00, 0x00, 0x00, 0x00, 0x00, 0x00, 0x00, 0x01, 0x00, 0x00, 0x00
    .byte 0x00, 0x00, 0x00, 0x00
    .close

trainerdata 312, "Charles"
    .byte 0x00, 0x41, 0x00, 0x03, 0x00, 0x00, 0x00, 0x00, 0x00, 0x00, 0x00, 0x00, 0x01, 0x00, 0x00, 0x00
    .byte 0x00, 0x00, 0x00, 0x00
    .close

trainerdata 313, "Reese"
    .byte 0x00, 0x41, 0x00, 0x01, 0x00, 0x00, 0x00, 0x00, 0x00, 0x00, 0x00, 0x00, 0x01, 0x00, 0x00, 0x00
    .byte 0x00, 0x00, 0x00, 0x00
    .close

trainerdata 314, "Joel"
    .byte 0x00, 0x41, 0x00, 0x02, 0x00, 0x00, 0x00, 0x00, 0x00, 0x00, 0x00, 0x00, 0x01, 0x00, 0x00, 0x00
    .byte 0x00, 0x00, 0x00, 0x00
    .close

trainerdata 315, "Glenn"
    .byte 0x00, 0x41, 0x00, 0x03, 0x00, 0x00, 0x00, 0x00, 0x00, 0x00, 0x00, 0x00, 0x01, 0x00, 0x00, 0x00
    .byte 0x00, 0x00, 0x00, 0x00
    .close

trainerdata 316, "Herman"
    .byte 0x01, 0x31, 0x00, 0x03, 0x00, 0x00, 0x00, 0x00, 0x00, 0x00, 0x00, 0x00, 0x07, 0x00, 0x00, 0x00
    .byte 0x00, 0x00, 0x00, 0x00
    .close

trainerdata 317, "Fidel"
    .byte 0x01, 0x31, 0x00, 0x01, 0x00, 0x00, 0x00, 0x00, 0x00, 0x00, 0x00, 0x00, 0x07, 0x00, 0x00, 0x00
    .byte 0x00, 0x00, 0x00, 0x00
    .close

trainerdata 318, "Burt"
    .byte 0x01, 0x40, 0x00, 0x02, 0x00, 0x00, 0x00, 0x00, 0x00, 0x00, 0x00, 0x00, 0x01, 0x00, 0x00, 0x00
    .byte 0x00, 0x00, 0x00, 0x00
    .close

trainerdata 319, "Bill"
    .byte 0x00, 0x40, 0x00, 0x02, 0x00, 0x00, 0x00, 0x00, 0x00, 0x00, 0x00, 0x00, 0x01, 0x00, 0x00, 0x00
    .byte 0x00, 0x00, 0x00, 0x00
    .close

trainerdata 320, "Martin"
    .byte 0x00, 0x0B, 0x00, 0x02, 0x00, 0x00, 0x00, 0x00, 0x00, 0x00, 0x00, 0x00, 0x01, 0x00, 0x00, 0x00
    .byte 0x00, 0x00, 0x00, 0x00
    .close

trainerdata 321, "Stephen"
    .byte 0x00, 0x0B, 0x00, 0x03, 0x00, 0x00, 0x00, 0x00, 0x00, 0x00, 0x00, 0x00, 0x01, 0x00, 0x00, 0x00
    .byte 0x00, 0x00, 0x00, 0x00
    .close

trainerdata 322, "Barney"
    .byte 0x00, 0x0B, 0x00, 0x03, 0x00, 0x00, 0x00, 0x00, 0x00, 0x00, 0x00, 0x00, 0x01, 0x00, 0x00, 0x00
    .byte 0x00, 0x00, 0x00, 0x00
    .close

trainerdata 323, "Tully"
    .byte 0x00, 0x0B, 0x00, 0x01, 0x00, 0x00, 0x00, 0x00, 0x00, 0x00, 0x00, 0x00, 0x01, 0x00, 0x00, 0x00
    .byte 0x00, 0x00, 0x00, 0x00
    .close

trainerdata 324, "Tully"
    .byte 0x00, 0x0B, 0x00, 0x03, 0x00, 0x00, 0x00, 0x00, 0x00, 0x00, 0x00, 0x00, 0x01, 0x00, 0x00, 0x00
    .byte 0x00, 0x00, 0x00, 0x00
    .close

trainerdata 325, "Wilton"
    .byte 0x00, 0x0B, 0x00, 0x03, 0x00, 0x00, 0x00, 0x00, 0x00, 0x00, 0x00, 0x00, 0x01, 0x00, 0x00, 0x00
    .byte 0x00, 0x00, 0x00, 0x00
    .close

trainerdata 326, "Jo & Zoe"
    .byte 0x01, 0x08, 0x00, 0x02, 0x00, 0x00, 0x00, 0x00, 0x00, 0x00, 0x00, 0x00, 0x01, 0x00, 0x00, 0x00
    .byte 0x02, 0x00, 0x00, 0x00
    .close

trainerdata 327, "Danny"
    .byte 0x00, 0x3C, 0x00, 0x03, 0x00, 0x00, 0x00, 0x00, 0x00, 0x00, 0x00, 0x00, 0x05, 0x00, 0x00, 0x00
    .byte 0x00, 0x00, 0x00, 0x00
    .close

trainerdata 328, "Tommy"
    .byte 0x01, 0x3C, 0x00, 0x02, 0x00, 0x00, 0x00, 0x00, 0x00, 0x00, 0x00, 0x00, 0x05, 0x00, 0x00, 0x00
    .byte 0x00, 0x00, 0x00, 0x00
    .close

trainerdata 329, "Dudley"
    .byte 0x02, 0x3C, 0x00, 0x01, 0x00, 0x00, 0x00, 0x00, 0x00, 0x00, 0x00, 0x00, 0x07, 0x00, 0x00, 0x00
    .byte 0x00, 0x00, 0x00, 0x00
    .close

trainerdata 330, "Joe"
    .byte 0x02, 0x3C, 0x00, 0x02, 0x00, 0x00, 0x00, 0x00, 0x00, 0x00, 0x00, 0x00, 0x07, 0x00, 0x00, 0x00
    .byte 0x00, 0x00, 0x00, 0x00
    .close

trainerdata 331, "Billy"
    .byte 0x00, 0x3C, 0x00, 0x03, 0x00, 0x00, 0x00, 0x00, 0x00, 0x00, 0x00, 0x00, 0x05, 0x00, 0x00, 0x00
    .byte 0x00, 0x00, 0x00, 0x00
    .close

trainerdata 332, "Heidi"
    .byte 0x00, 0x05, 0x00, 0x02, 0x00, 0x00, 0x00, 0x00, 0x00, 0x00, 0x00, 0x00, 0x01, 0x00, 0x00, 0x00
    .byte 0x00, 0x00, 0x00, 0x00
    .close

trainerdata 333, "Edna"
    .byte 0x00, 0x05, 0x00, 0x02, 0x00, 0x00, 0x00, 0x00, 0x00, 0x00, 0x00, 0x00, 0x01, 0x00, 0x00, 0x00
    .byte 0x00, 0x00, 0x00, 0x00
    .close

trainerdata 334, "Gina"
    .byte 0x00, 0x05, 0x00, 0x03, 0x00, 0x00, 0x00, 0x00, 0x00, 0x00, 0x00, 0x00, 0x01, 0x00, 0x00, 0x00
    .byte 0x00, 0x00, 0x00, 0x00
    .close

trainerdata 335, "Erin"
    .byte 0x00, 0x05, 0x00, 0x02, 0x00, 0x00, 0x00, 0x00, 0x00, 0x00, 0x00, 0x00, 0x01, 0x00, 0x00, 0x00
    .byte 0x00, 0x00, 0x00, 0x00
    .close

trainerdata 336, "Tanya"
    .byte 0x01, 0x05, 0x00, 0x01, 0x00, 0x00, 0x00, 0x00, 0x00, 0x00, 0x00, 0x00, 0x01, 0x00, 0x00, 0x00
    .byte 0x00, 0x00, 0x00, 0x00
    .close

trainerdata 337, "Gregory"
    .byte 0x01, 0x22, 0x00, 0x03, 0x17, 0x00, 0x00, 0x00, 0x00, 0x00, 0x00, 0x00, 0x01, 0x00, 0x00, 0x00
    .byte 0x00, 0x00, 0x00, 0x00
    .close

trainerdata 338, "Mickey"
    .byte 0x00, 0x22, 0x00, 0x01, 0x17, 0x00, 0x00, 0x00, 0x00, 0x00, 0x00, 0x00, 0x01, 0x00, 0x00, 0x00
    .byte 0x00, 0x00, 0x00, 0x00
    .close

trainerdata 339, "Wai"
    .byte 0x00, 0x0E, 0x00, 0x03, 0x00, 0x00, 0x00, 0x00, 0x00, 0x00, 0x00, 0x00, 0x21, 0x00, 0x00, 0x00
    .byte 0x00, 0x00, 0x00, 0x00
    .close

trainerdata 340, "Mickey"
    .byte 0x00, 0x24, 0x00, 0x01, 0x00, 0x00, 0x00, 0x00, 0x00, 0x00, 0x00, 0x00, 0x01, 0x00, 0x00, 0x00
    .byte 0x00, 0x00, 0x00, 0x00
    .close

trainerdata 341, "Mickey"
    .byte 0x00, 0x24, 0x00, 0x01, 0x00, 0x00, 0x00, 0x00, 0x00, 0x00, 0x00, 0x00, 0x01, 0x00, 0x00, 0x00
    .byte 0x00, 0x00, 0x00, 0x00
    .close

trainerdata 342, "Mickey"
    .byte 0x00, 0x24, 0x00, 0x01, 0x00, 0x00, 0x00, 0x00, 0x00, 0x00, 0x00, 0x00, 0x01, 0x00, 0x00, 0x00
    .byte 0x00, 0x00, 0x00, 0x00
    .close

trainerdata 343, "Mickey"
    .byte 0x00, 0x24, 0x00, 0x01, 0x00, 0x00, 0x00, 0x00, 0x00, 0x00, 0x00, 0x00, 0x01, 0x00, 0x00, 0x00
    .byte 0x00, 0x00, 0x00, 0x00
    .close

trainerdata 344, "Mickey"
    .byte 0x00, 0x24, 0x00, 0x01, 0x00, 0x00, 0x00, 0x00, 0x00, 0x00, 0x00, 0x00, 0x01, 0x00, 0x00, 0x00
    .byte 0x00, 0x00, 0x00, 0x00
    .close

trainerdata 345, "Mickey"
    .byte 0x00, 0x24, 0x00, 0x01, 0x00, 0x00, 0x00, 0x00, 0x00, 0x00, 0x00, 0x00, 0x01, 0x00, 0x00, 0x00
    .byte 0x00, 0x00, 0x00, 0x00
    .close

trainerdata 346, "Julia"
    .byte 0x01, 0x24, 0x00, 0x03, 0x00, 0x00, 0x00, 0x00, 0x00, 0x00, 0x00, 0x00, 0x01, 0x00, 0x00, 0x00
    .byte 0x00, 0x00, 0x00, 0x00
    .close

trainerdata 347, "Mickey"
    .byte 0x00, 0x24, 0x00, 0x01, 0x00, 0x00, 0x00, 0x00, 0x00, 0x00, 0x00, 0x00, 0x01, 0x00, 0x00, 0x00
    .byte 0x00, 0x00, 0x00, 0x00
    .close

trainerdata 348, "Robert"
    .byte 0x00, 0x14, 0x00, 0x01, 0x00, 0x00, 0x00, 0x00, 0x00, 0x00, 0x00, 0x00, 0x01, 0x00, 0x00, 0x00
    .byte 0x00, 0x00, 0x00, 0x00
    .close

trainerdata 349, "Joshua"
    .byte 0x00, 0x14, 0x00, 0x06, 0x00, 0x00, 0x00, 0x00, 0x00, 0x00, 0x00, 0x00, 0x01, 0x00, 0x00, 0x00
    .byte 0x00, 0x00, 0x00, 0x00
    .close

trainerdata 350, "Carter"
    .byte 0x00, 0x14, 0x00, 0x03, 0x00, 0x00, 0x00, 0x00, 0x00, 0x00, 0x00, 0x00, 0x01, 0x00, 0x00, 0x00
    .byte 0x00, 0x00, 0x00, 0x00
    .close

trainerdata 351, "Trevor"
    .byte 0x00, 0x14, 0x00, 0x01, 0x00, 0x00, 0x00, 0x00, 0x00, 0x00, 0x00, 0x00, 0x01, 0x00, 0x00, 0x00
    .byte 0x00, 0x00, 0x00, 0x00
    .close

trainerdata 352, "Georgia"
    .byte 0x00, 0x15, 0x00, 0x05, 0x00, 0x00, 0x00, 0x00, 0x00, 0x00, 0x00, 0x00, 0x01, 0x00, 0x00, 0x00
    .byte 0x00, 0x00, 0x00, 0x00
    .close

trainerdata 353, "Grunt"
    .byte 0x00, 0x37, 0x00, 0x01, 0x00, 0x00, 0x00, 0x00, 0x00, 0x00, 0x00, 0x00, 0x01, 0x00, 0x00, 0x00
    .byte 0x00, 0x00, 0x00, 0x00
    .close

trainerdata 354, "Laura"
    .byte 0x02, 0x03, 0x00, 0x03, 0x00, 0x00, 0x00, 0x00, 0x00, 0x00, 0x00, 0x00, 0x07, 0x00, 0x00, 0x00
    .byte 0x00, 0x00, 0x00, 0x00
    .close

trainerdata 355, "Shannon"
    .byte 0x00, 0x03, 0x00, 0x03, 0x00, 0x00, 0x00, 0x00, 0x00, 0x00, 0x00, 0x00, 0x05, 0x00, 0x00, 0x00
    .byte 0x00, 0x00, 0x00, 0x00
    .close

trainerdata 356, "Michelle"
    .byte 0x01, 0x03, 0x00, 0x03, 0x00, 0x00, 0x00, 0x00, 0x00, 0x00, 0x00, 0x00, 0x05, 0x02, 0x00, 0x00
    .byte 0x00, 0x00, 0x00, 0x00
    .close

trainerdata 357, "Clarke"
    .byte 0x00, 0x09, 0x00, 0x02, 0x00, 0x00, 0x00, 0x00, 0x00, 0x00, 0x00, 0x00, 0x21, 0x00, 0x00, 0x00
    .byte 0x00, 0x00, 0x00, 0x00
    .close

trainerdata 358, "Kenny"
    .byte 0x00, 0x09, 0x00, 0x03, 0x00, 0x00, 0x00, 0x00, 0x00, 0x00, 0x00, 0x00, 0x21, 0x00, 0x00, 0x00
    .byte 0x00, 0x00, 0x00, 0x00
    .close

trainerdata 359, "Jim"
    .byte 0x00, 0x09, 0x00, 0x01, 0x00, 0x00, 0x00, 0x00, 0x00, 0x00, 0x00, 0x00, 0x21, 0x00, 0x00, 0x00
    .byte 0x00, 0x00, 0x00, 0x00
    .close

trainerdata 360, "Arnie"
    .byte 0x00, 0x06, 0x00, 0x01, 0x00, 0x00, 0x00, 0x00, 0x00, 0x00, 0x00, 0x00, 0x01, 0x00, 0x00, 0x00
    .byte 0x00, 0x00, 0x00, 0x00
    .close

trainerdata 361, "Kevin"
    .byte 0x01, 0x18, 0x00, 0x03, 0x00, 0x00, 0x00, 0x00, 0x00, 0x00, 0x00, 0x00, 0x07, 0x00, 0x00, 0x00
    .byte 0x00, 0x00, 0x00, 0x00
    .close

trainerdata 362, "Quinn"
    .byte 0x01, 0x19, 0x00, 0x02, 0x00, 0x00, 0x00, 0x00, 0x00, 0x00, 0x00, 0x00, 0x07, 0x02, 0x00, 0x00
    .byte 0x00, 0x00, 0x00, 0x00
    .close

trainerdata 363, "Emma"
    .byte 0x00, 0x19, 0x00, 0x01, 0x00, 0x00, 0x00, 0x00, 0x00, 0x00, 0x00, 0x00, 0x07, 0x00, 0x00, 0x00
    .byte 0x00, 0x00, 0x00, 0x00
    .close

trainerdata 364, "Sam"
    .byte 0x02, 0x4E, 0x00, 0x02, 0x00, 0x00, 0x00, 0x00, 0x00, 0x00, 0x00, 0x00, 0x05, 0x00, 0x00, 0x00
    .byte 0x00, 0x00, 0x00, 0x00
    .close

trainerdata 365, "Tyrone"
    .byte 0x00, 0x4E, 0x00, 0x03, 0x00, 0x00, 0x00, 0x00, 0x00, 0x00, 0x00, 0x00, 0x05, 0x00, 0x00, 0x00
    .byte 0x00, 0x00, 0x00, 0x00
    .close

trainerdata 366, "Pat"
    .byte 0x03, 0x4E, 0x00, 0x01, 0x00, 0x00, 0x00, 0x00, 0x00, 0x00, 0x00, 0x00, 0x05, 0x00, 0x00, 0x00
    .byte 0x00, 0x00, 0x00, 0x00
    .close

trainerdata 367, "Shawn"
    .byte 0x02, 0x4E, 0x00, 0x03, 0x00, 0x00, 0x00, 0x00, 0x00, 0x00, 0x00, 0x00, 0x05, 0x00, 0x00, 0x00
    .byte 0x00, 0x00, 0x00, 0x00
    .close

trainerdata 368, "Rebecca"
    .byte 0x01, 0x52, 0x00, 0x02, 0x00, 0x00, 0x00, 0x00, 0x00, 0x00, 0x00, 0x00, 0x03, 0x00, 0x00, 0x00
    .byte 0x00, 0x00, 0x00, 0x00
    .close

trainerdata 369, "Darcy"
    .byte 0x01, 0x52, 0x00, 0x02, 0x00, 0x00, 0x00, 0x00, 0x00, 0x00, 0x00, 0x00, 0x05, 0x00, 0x00, 0x00
    .byte 0x00, 0x00, 0x00, 0x00
    .close

trainerdata 370, "Jerome"
    .byte 0x00, 0x2A, 0x00, 0x04, 0x00, 0x00, 0x00, 0x00, 0x00, 0x00, 0x00, 0x00, 0x01, 0x00, 0x00, 0x00
    .byte 0x00, 0x00, 0x00, 0x00
    .close

trainerdata 371, "Tucker"
    .byte 0x00, 0x2A, 0x00, 0x02, 0x00, 0x00, 0x00, 0x00, 0x00, 0x00, 0x00, 0x00, 0x01, 0x00, 0x00, 0x00
    .byte 0x00, 0x00, 0x00, 0x00
    .close

trainerdata 372, "Mickey"
    .byte 0x00, 0x2A, 0x00, 0x03, 0x00, 0x00, 0x00, 0x00, 0x00, 0x00, 0x00, 0x00, 0x01, 0x00, 0x00, 0x00
    .byte 0x00, 0x00, 0x00, 0x00
    .close

trainerdata 373, "Frankie"
    .byte 0x00, 0x2A, 0x00, 0x01, 0x00, 0x00, 0x00, 0x00, 0x00, 0x00, 0x00, 0x00, 0x01, 0x00, 0x00, 0x00
    .byte 0x00, 0x00, 0x00, 0x00
    .close

trainerdata 374, "Tyson"
    .byte 0x01, 0x2A, 0x00, 0x02, 0x00, 0x00, 0x00, 0x00, 0x00, 0x00, 0x00, 0x00, 0x01, 0x00, 0x00, 0x00
    .byte 0x00, 0x00, 0x00, 0x00
    .close

trainerdata 375, "Mickey"
    .byte 0x00, 0x2A, 0x00, 0x03, 0x00, 0x00, 0x00, 0x00, 0x00, 0x00, 0x00, 0x00, 0x01, 0x00, 0x00, 0x00
    .byte 0x00, 0x00, 0x00, 0x00
    .close

trainerdata 376, "Mickey"
    .byte 0x00, 0x2A, 0x00, 0x03, 0x00, 0x00, 0x00, 0x00, 0x00, 0x00, 0x00, 0x00, 0x01, 0x00, 0x00, 0x00
    .byte 0x00, 0x00, 0x00, 0x00
    .close

trainerdata 377, "Parker"
    .byte 0x01, 0x2A, 0x00, 0x02, 0x00, 0x00, 0x00, 0x00, 0x00, 0x00, 0x00, 0x00, 0x01, 0x00, 0x00, 0x00
    .byte 0x00, 0x00, 0x00, 0x00
    .close

trainerdata 378, "Warren"
    .byte 0x00, 0x02, 0x00, 0x02, 0x00, 0x00, 0x00, 0x00, 0x00, 0x00, 0x00, 0x00, 0x01, 0x00, 0x00, 0x00
    .byte 0x00, 0x00, 0x00, 0x00
    .close

trainerdata 379, "Jimmy"
    .byte 0x00, 0x02, 0x00, 0x03, 0x00, 0x00, 0x00, 0x00, 0x00, 0x00, 0x00, 0x00, 0x01, 0x00, 0x00, 0x00
    .byte 0x00, 0x00, 0x00, 0x00
    .close

trainerdata 380, "Owen"
    .byte 0x00, 0x02, 0x00, 0x01, 0x00, 0x00, 0x00, 0x00, 0x00, 0x00, 0x00, 0x00, 0x01, 0x00, 0x00, 0x00
    .byte 0x00, 0x00, 0x00, 0x00
    .close

trainerdata 381, "Jason"
    .byte 0x00, 0x02, 0x00, 0x02, 0x00, 0x00, 0x00, 0x00, 0x00, 0x00, 0x00, 0x00, 0x01, 0x00, 0x00, 0x00
    .byte 0x00, 0x00, 0x00, 0x00
    .close

trainerdata 382, "Hillary"
    .byte 0x00, 0x4D, 0x00, 0x02, 0x00, 0x00, 0x00, 0x00, 0x00, 0x00, 0x00, 0x00, 0x07, 0x00, 0x00, 0x00
    .byte 0x00, 0x00, 0x00, 0x00
    .close

trainerdata 383, "Peter"
    .byte 0x00, 0x45, 0x00, 0x03, 0x00, 0x00, 0x00, 0x00, 0x00, 0x00, 0x00, 0x00, 0x01, 0x00, 0x00, 0x00
    .byte 0x00, 0x00, 0x00, 0x00
    .close

trainerdata 384, "Daniel"
    .byte 0x00, 0x09, 0x00, 0x01, 0x00, 0x00, 0x00, 0x00, 0x00, 0x00, 0x00, 0x00, 0x21, 0x00, 0x00, 0x00
    .byte 0x00, 0x00, 0x00, 0x00
    .close

trainerdata 385, "Dara & Dia"
    .byte 0x00, 0x08, 0x00, 0x02, 0x00, 0x00, 0x00, 0x00, 0x00, 0x00, 0x00, 0x00, 0x01, 0x00, 0x00, 0x00
    .byte 0x02, 0x00, 0x00, 0x00
    .close

trainerdata 386, "Greg"
    .byte 0x01, 0x31, 0x00, 0x01, 0x00, 0x00, 0x00, 0x00, 0x00, 0x00, 0x00, 0x00, 0x07, 0x00, 0x00, 0x00
    .byte 0x00, 0x00, 0x00, 0x00
    .close

trainerdata 387, "Amy & Mimi"
    .byte 0x00, 0x08, 0x00, 0x02, 0x00, 0x00, 0x00, 0x00, 0x00, 0x00, 0x00, 0x00, 0x01, 0x00, 0x00, 0x00
    .byte 0x02, 0x00, 0x00, 0x00
    .close

trainerdata 388, "Walt"
    .byte 0x00, 0x40, 0x00, 0x02, 0x00, 0x00, 0x00, 0x00, 0x00, 0x00, 0x00, 0x00, 0x01, 0x00, 0x00, 0x00
    .byte 0x00, 0x00, 0x00, 0x00
    .close

trainerdata 389, "Nelson"
    .byte 0x01, 0x31, 0x00, 0x02, 0x00, 0x00, 0x00, 0x00, 0x00, 0x00, 0x00, 0x00, 0x07, 0x00, 0x00, 0x00
    .byte 0x00, 0x00, 0x00, 0x00
    .close

trainerdata 390, "Ray"
    .byte 0x00, 0x40, 0x00, 0x01, 0x00, 0x00, 0x00, 0x00, 0x00, 0x00, 0x00, 0x00, 0x01, 0x00, 0x00, 0x00
    .byte 0x00, 0x00, 0x00, 0x00
    .close

trainerdata 391, "Issac"
    .byte 0x01, 0x44, 0x00, 0x01, 0x00, 0x00, 0x00, 0x00, 0x00, 0x00, 0x00, 0x00, 0x21, 0x00, 0x00, 0x00
    .byte 0x00, 0x00, 0x00, 0x00
    .close

trainerdata 392, "Donald"
    .byte 0x00, 0x44, 0x00, 0x02, 0x00, 0x00, 0x00, 0x00, 0x00, 0x00, 0x00, 0x00, 0x21, 0x00, 0x00, 0x00
    .byte 0x00, 0x00, 0x00, 0x00
    .close

trainerdata 393, "Teru"
    .byte 0x00, 0x4E, 0x00, 0x04, 0x00, 0x00, 0x00, 0x00, 0x00, 0x00, 0x00, 0x00, 0x05, 0x00, 0x00, 0x00
    .byte 0x00, 0x00, 0x00, 0x00
    .close

trainerdata 394, "Mickey"
    .byte 0x00, 0x18, 0x00, 0x03, 0x00, 0x00, 0x00, 0x00, 0x00, 0x00, 0x00, 0x00, 0x07, 0x00, 0x00, 0x00
    .byte 0x00, 0x00, 0x00, 0x00
    .close

trainerdata 395, "Mark"
    .byte 0x01, 0x31, 0x00, 0x03, 0x00, 0x00, 0x00, 0x00, 0x00, 0x00, 0x00, 0x00, 0x07, 0x00, 0x00, 0x00
    .byte 0x00, 0x00, 0x00, 0x00
    .close

trainerdata 396, "Horton"
    .byte 0x01, 0x1F, 0x00, 0x03, 0x00, 0x00, 0x00, 0x00, 0x00, 0x00, 0x00, 0x00, 0x01, 0x00, 0x00, 0x00
    .byte 0x00, 0x00, 0x00, 0x00
    .close

trainerdata 397, "Chad"
    .byte 0x00, 0x3C, 0x00, 0x01, 0x00, 0x00, 0x00, 0x00, 0x00, 0x00, 0x00, 0x00, 0x05, 0x00, 0x00, 0x00
    .byte 0x00, 0x00, 0x00, 0x00
    .close

trainerdata 398, "Valerie"
    .byte 0x01, 0x24, 0x00, 0x02, 0x00, 0x00, 0x00, 0x00, 0x00, 0x00, 0x00, 0x00, 0x01, 0x00, 0x00, 0x00
    .byte 0x00, 0x00, 0x00, 0x00
    .close

trainerdata 399, "Lyle"
    .byte 0x00, 0x40, 0x00, 0x03, 0x00, 0x00, 0x00, 0x00, 0x00, 0x00, 0x00, 0x00, 0x01, 0x00, 0x00, 0x00
    .byte 0x00, 0x00, 0x00, 0x00
    .close

trainerdata 400, "Dana"
    .byte 0x01, 0x03, 0x00, 0x02, 0x21, 0x00, 0x00, 0x00, 0x00, 0x00, 0x00, 0x00, 0x05, 0x00, 0x00, 0x00
    .byte 0x00, 0x00, 0x00, 0x00
    .close

trainerdata 401, "Alfred"
    .byte 0x00, 0x22, 0x00, 0x01, 0x17, 0x00, 0x00, 0x00, 0x00, 0x00, 0x00, 0x00, 0x01, 0x00, 0x00, 0x00
    .byte 0x00, 0x00, 0x00, 0x00
    .close

trainerdata 402, "Tiffany"
    .byte 0x01, 0x05, 0x00, 0x01, 0x00, 0x00, 0x00, 0x00, 0x00, 0x00, 0x00, 0x00, 0x01, 0x00, 0x00, 0x00
    .byte 0x00, 0x00, 0x00, 0x00
    .close

trainerdata 403, "Spencer"
    .byte 0x00, 0x04, 0x00, 0x03, 0x00, 0x00, 0x00, 0x00, 0x00, 0x00, 0x00, 0x00, 0x07, 0x00, 0x00, 0x00
    .byte 0x00, 0x00, 0x00, 0x00
    .close

trainerdata 404, "Grunt"
    .byte 0x01, 0x3E, 0x00, 0x02, 0x00, 0x00, 0x00, 0x00, 0x00, 0x00, 0x00, 0x00, 0x01, 0x00, 0x00, 0x00
    .byte 0x00, 0x00, 0x00, 0x00
    .close

trainerdata 405, "Phil"
    .byte 0x01, 0x31, 0x00, 0x02, 0x00, 0x00, 0x00, 0x00, 0x00, 0x00, 0x00, 0x00, 0x07, 0x00, 0x00, 0x00
    .byte 0x00, 0x00, 0x00, 0x00
    .close

trainerdata 406, "Zach"
    .byte 0x00, 0x44, 0x00, 0x01, 0x00, 0x00, 0x00, 0x00, 0x00, 0x00, 0x00, 0x00, 0x21, 0x00, 0x00, 0x00
    .byte 0x00, 0x00, 0x00, 0x00
    .close

trainerdata 407, "Allen"
    .byte 0x01, 0x18, 0x00, 0x02, 0x00, 0x00, 0x00, 0x00, 0x00, 0x00, 0x00, 0x00, 0x07, 0x00, 0x00, 0x00
    .byte 0x00, 0x00, 0x00, 0x00
    .close

trainerdata 408, "Cybil"
    .byte 0x01, 0x19, 0x00, 0x02, 0x00, 0x00, 0x00, 0x00, 0x00, 0x00, 0x00, 0x00, 0x07, 0x00, 0x00, 0x00
    .byte 0x00, 0x00, 0x00, 0x00
    .close

trainerdata 409, "Brandon"
    .byte 0x00, 0x14, 0x00, 0x02, 0x00, 0x00, 0x00, 0x00, 0x00, 0x00, 0x00, 0x00, 0x01, 0x00, 0x00, 0x00
    .byte 0x00, 0x00, 0x00, 0x00
    .close

trainerdata 410, "Harry"
    .byte 0x01, 0x2E, 0x00, 0x01, 0x00, 0x00, 0x00, 0x00, 0x00, 0x00, 0x00, 0x00, 0x01, 0x00, 0x00, 0x00
    .byte 0x00, 0x00, 0x00, 0x00
    .close

trainerdata 411, "Vernon"
    .byte 0x00, 0x31, 0x00, 0x01, 0x00, 0x00, 0x00, 0x00, 0x00, 0x00, 0x00, 0x00, 0x07, 0x00, 0x00, 0x00
    .byte 0x00, 0x00, 0x00, 0x00
    .close

trainerdata 412, "Eli"
    .byte 0x00, 0x31, 0x00, 0x03, 0x00, 0x00, 0x00, 0x00, 0x00, 0x00, 0x00, 0x00, 0x07, 0x00, 0x00, 0x00
    .byte 0x00, 0x00, 0x00, 0x00
    .close

trainerdata 413, "Scott"
    .byte 0x01, 0x0B, 0x00, 0x03, 0x00, 0x00, 0x00, 0x00, 0x00, 0x00, 0x00, 0x00, 0x01, 0x00, 0x00, 0x00
    .byte 0x00, 0x00, 0x00, 0x00
    .close

trainerdata 414, "Jose"
    .byte 0x00, 0x45, 0x00, 0x01, 0x00, 0x00, 0x00, 0x00, 0x00, 0x00, 0x00, 0x00, 0x01, 0x00, 0x00, 0x00
    .byte 0x00, 0x00, 0x00, 0x00
    .close

trainerdata 415, "Jared"
    .byte 0x01, 0x31, 0x00, 0x03, 0x00, 0x00, 0x00, 0x00, 0x00, 0x00, 0x00, 0x00, 0x07, 0x00, 0x00, 0x00
    .byte 0x00, 0x00, 0x00, 0x00
    .close

trainerdata 416, "Jo & Zoe"
    .byte 0x01, 0x08, 0x00, 0x02, 0x00, 0x00, 0x00, 0x00, 0x00, 0x00, 0x00, 0x00, 0x01, 0x00, 0x00, 0x00
    .byte 0x02, 0x00, 0x00, 0x00
    .close

trainerdata 417, "Jenn"
    .byte 0x00, 0x19, 0x00, 0x02, 0x00, 0x00, 0x00, 0x00, 0x00, 0x00, 0x00, 0x00, 0x07, 0x00, 0x00, 0x00
    .byte 0x00, 0x00, 0x00, 0x00
    .close

trainerdata 418, "Bruno"
    .byte 0x03, 0x70, 0x00, 0x05, 0x17, 0x00, 0x17, 0x00, 0x00, 0x00, 0x00, 0x00, 0x07, 0x00, 0x00, 0x00
    .byte 0x00, 0x00, 0x00, 0x00
    .close

trainerdata 419, "Ellen"
    .byte 0x00, 0x03, 0x00, 0x02, 0x00, 0x00, 0x00, 0x00, 0x00, 0x00, 0x00, 0x00, 0x05, 0x00, 0x00, 0x00
    .byte 0x00, 0x00, 0x00, 0x00
    .close

trainerdata 420, "Perry"
    .byte 0x00, 0x45, 0x00, 0x01, 0x00, 0x00, 0x00, 0x00, 0x00, 0x00, 0x00, 0x00, 0x01, 0x00, 0x00, 0x00
    .byte 0x00, 0x00, 0x00, 0x00
    .close

trainerdata 421, "Bret"
    .byte 0x00, 0x45, 0x00, 0x02, 0x00, 0x00, 0x00, 0x00, 0x00, 0x00, 0x00, 0x00, 0x01, 0x00, 0x00, 0x00
    .byte 0x00, 0x00, 0x00, 0x00
    .close

trainerdata 422, "Rodney"
    .byte 0x00, 0x31, 0x00, 0x02, 0x00, 0x00, 0x00, 0x00, 0x00, 0x00, 0x00, 0x00, 0x07, 0x00, 0x00, 0x00
    .byte 0x00, 0x00, 0x00, 0x00
    .close

trainerdata 423, "Jeremy"
    .byte 0x00, 0x14, 0x00, 0x03, 0x00, 0x00, 0x00, 0x00, 0x00, 0x00, 0x00, 0x00, 0x01, 0x00, 0x00, 0x00
    .byte 0x00, 0x00, 0x00, 0x00
    .close

trainerdata 424, "Colin"
    .byte 0x01, 0x14, 0x00, 0x01, 0x00, 0x00, 0x00, 0x00, 0x00, 0x00, 0x00, 0x00, 0x01, 0x00, 0x00, 0x00
    .byte 0x00, 0x00, 0x00, 0x00
    .close

trainerdata 425, "Meg & Peg"
    .byte 0x00, 0x08, 0x00, 0x02, 0x00, 0x00, 0x00, 0x00, 0x00, 0x00, 0x00, 0x00, 0x01, 0x00, 0x00, 0x00
    .byte 0x02, 0x00, 0x00, 0x00
    .close

trainerdata 426, "Meg & Peg"
    .byte 0x00, 0x08, 0x00, 0x02, 0x00, 0x00, 0x00, 0x00, 0x00, 0x00, 0x00, 0x00, 0x01, 0x00, 0x00, 0x00
    .byte 0x02, 0x00, 0x00, 0x00
    .close

trainerdata 427, "Shirley"
    .byte 0x00, 0x4D, 0x00, 0x02, 0x00, 0x00, 0x00, 0x00, 0x00, 0x00, 0x00, 0x00, 0x07, 0x00, 0x00, 0x00
    .byte 0x00, 0x00, 0x00, 0x00
    .close

trainerdata 428, "Nate"
    .byte 0x00, 0x3C, 0x00, 0x02, 0x00, 0x00, 0x00, 0x00, 0x00, 0x00, 0x00, 0x00, 0x45, 0x00, 0x00, 0x00
    .byte 0x00, 0x00, 0x00, 0x00
    .close

trainerdata 429, "Ricky"
    .byte 0x02, 0x3C, 0x00, 0x02, 0x00, 0x00, 0x00, 0x00, 0x00, 0x00, 0x00, 0x00, 0x05, 0x00, 0x00, 0x00
    .byte 0x00, 0x00, 0x00, 0x00
    .close

trainerdata 430, "Jack"
    .byte 0x00, 0x3C, 0x00, 0x02, 0x00, 0x00, 0x00, 0x00, 0x00, 0x00, 0x00, 0x00, 0x05, 0x00, 0x00, 0x00
    .byte 0x00, 0x00, 0x00, 0x00
    .close

trainerdata 431, "Jack"
    .byte 0x00, 0x3C, 0x00, 0x02, 0x00, 0x00, 0x00, 0x00, 0x00, 0x00, 0x00, 0x00, 0x05, 0x00, 0x00, 0x00
    .byte 0x00, 0x00, 0x00, 0x00
    .close

trainerdata 432, "Alan"
    .byte 0x00, 0x3C, 0x00, 0x02, 0x00, 0x00, 0x00, 0x00, 0x00, 0x00, 0x00, 0x00, 0x05, 0x00, 0x00, 0x00
    .byte 0x00, 0x00, 0x00, 0x00
    .close

trainerdata 433, "Alan"
    .byte 0x00, 0x3C, 0x00, 0x04, 0x00, 0x00, 0x00, 0x00, 0x00, 0x00, 0x00, 0x00, 0x05, 0x00, 0x00, 0x00
    .byte 0x00, 0x00, 0x00, 0x00
    .close

trainerdata 434, "Chad"
    .byte 0x00, 0x3C, 0x00, 0x02, 0x00, 0x00, 0x00, 0x00, 0x00, 0x00, 0x00, 0x00, 0x05, 0x00, 0x00, 0x00
    .byte 0x00, 0x00, 0x00, 0x00
    .close

trainerdata 435, "Chad"
    .byte 0x00, 0x3C, 0x00, 0x02, 0x00, 0x00, 0x00, 0x00, 0x00, 0x00, 0x00, 0x00, 0x05, 0x00, 0x00, 0x00
    .byte 0x00, 0x00, 0x00, 0x00
    .close

trainerdata 436, "Beverly"
    .byte 0x00, 0x15, 0x00, 0x01, 0x00, 0x00, 0x00, 0x00, 0x00, 0x00, 0x00, 0x00, 0x01, 0x00, 0x00, 0x00
    .byte 0x00, 0x00, 0x00, 0x00
    .close

trainerdata 437, "Beverly"
    .byte 0x00, 0x15, 0x00, 0x01, 0x00, 0x00, 0x00, 0x00, 0x00, 0x00, 0x00, 0x00, 0x01, 0x00, 0x00, 0x00
    .byte 0x00, 0x00, 0x00, 0x00
    .close

trainerdata 438, "Derek"
    .byte 0x00, 0x14, 0x00, 0x02, 0x00, 0x00, 0x00, 0x00, 0x00, 0x00, 0x00, 0x00, 0x01, 0x00, 0x00, 0x00
    .byte 0x00, 0x00, 0x00, 0x00
    .close

trainerdata 439, "Derek"
    .byte 0x00, 0x14, 0x00, 0x04, 0x00, 0x00, 0x00, 0x00, 0x00, 0x00, 0x00, 0x00, 0x01, 0x00, 0x00, 0x00
    .byte 0x00, 0x00, 0x00, 0x00
    .close

trainerdata 440, "Huey"
    .byte 0x00, 0x2E, 0x00, 0x02, 0x00, 0x00, 0x00, 0x00, 0x00, 0x00, 0x00, 0x00, 0x01, 0x00, 0x00, 0x00
    .byte 0x00, 0x00, 0x00, 0x00
    .close

trainerdata 441, "Huey"
    .byte 0x00, 0x2E, 0x00, 0x02, 0x00, 0x00, 0x00, 0x00, 0x00, 0x00, 0x00, 0x00, 0x01, 0x00, 0x00, 0x00
    .byte 0x00, 0x00, 0x00, 0x00
    .close

trainerdata 442, "Mickey"
    .byte 0x00, 0x03, 0x00, 0x01, 0x00, 0x00, 0x00, 0x00, 0x00, 0x00, 0x00, 0x00, 0x05, 0x00, 0x00, 0x00
    .byte 0x00, 0x00, 0x00, 0x00
    .close

trainerdata 443, "Mickey"
    .byte 0x00, 0x03, 0x00, 0x01, 0x00, 0x00, 0x00, 0x00, 0x00, 0x00, 0x00, 0x00, 0x05, 0x00, 0x00, 0x00
    .byte 0x00, 0x00, 0x00, 0x00
    .close

trainerdata 444, "Reena"
    .byte 0x00, 0x19, 0x00, 0x03, 0x00, 0x00, 0x00, 0x00, 0x00, 0x00, 0x00, 0x00, 0x07, 0x00, 0x00, 0x00
    .byte 0x00, 0x00, 0x00, 0x00
    .close

trainerdata 445, "Reena"
    .byte 0x00, 0x19, 0x00, 0x03, 0x00, 0x00, 0x00, 0x00, 0x00, 0x00, 0x00, 0x00, 0x07, 0x00, 0x00, 0x00
    .byte 0x00, 0x00, 0x00, 0x00
    .close

trainerdata 446, "Jose"
    .byte 0x00, 0x45, 0x00, 0x02, 0x00, 0x00, 0x00, 0x00, 0x00, 0x00, 0x00, 0x00, 0x01, 0x00, 0x00, 0x00
    .byte 0x00, 0x00, 0x00, 0x00
    .close

trainerdata 447, "Vance"
    .byte 0x00, 0x45, 0x00, 0x02, 0x00, 0x00, 0x00, 0x00, 0x00, 0x00, 0x00, 0x00, 0x01, 0x00, 0x00, 0x00
    .byte 0x00, 0x00, 0x00, 0x00
    .close

trainerdata 448, "Vance"
    .byte 0x00, 0x45, 0x00, 0x03, 0x00, 0x00, 0x00, 0x00, 0x00, 0x00, 0x00, 0x00, 0x01, 0x00, 0x00, 0x00
    .byte 0x00, 0x00, 0x00, 0x00
    .close

trainerdata 449, "Arnie"
    .byte 0x01, 0x06, 0x00, 0x01, 0x00, 0x00, 0x00, 0x00, 0x00, 0x00, 0x00, 0x00, 0x01, 0x00, 0x00, 0x00
    .byte 0x00, 0x00, 0x00, 0x00
    .close

trainerdata 450, "Wilton"
    .byte 0x00, 0x0B, 0x00, 0x03, 0x00, 0x00, 0x00, 0x00, 0x00, 0x00, 0x00, 0x00, 0x01, 0x00, 0x00, 0x00
    .byte 0x00, 0x00, 0x00, 0x00
    .close

trainerdata 451, "Parry"
    .byte 0x00, 0x09, 0x00, 0x02, 0x00, 0x00, 0x00, 0x00, 0x00, 0x00, 0x00, 0x00, 0x21, 0x00, 0x00, 0x00
    .byte 0x00, 0x00, 0x00, 0x00
    .close

trainerdata 452, "Parry"
    .byte 0x00, 0x09, 0x00, 0x02, 0x00, 0x00, 0x00, 0x00, 0x00, 0x00, 0x00, 0x00, 0x21, 0x00, 0x00, 0x00
    .byte 0x00, 0x00, 0x00, 0x00
    .close

trainerdata 453, "Erin"
    .byte 0x00, 0x05, 0x00, 0x03, 0x00, 0x00, 0x00, 0x00, 0x00, 0x00, 0x00, 0x00, 0x01, 0x00, 0x00, 0x00
    .byte 0x00, 0x00, 0x00, 0x00
    .close

trainerdata 454, "Irwin"
    .byte 0x00, 0x1F, 0x00, 0x04, 0x00, 0x00, 0x00, 0x00, 0x00, 0x00, 0x00, 0x00, 0x01, 0x00, 0x00, 0x00
    .byte 0x00, 0x00, 0x00, 0x00
    .close

trainerdata 455, "Irwin"
    .byte 0x00, 0x1F, 0x00, 0x04, 0x00, 0x00, 0x00, 0x00, 0x00, 0x00, 0x00, 0x00, 0x01, 0x00, 0x00, 0x00
    .byte 0x00, 0x00, 0x00, 0x00
    .close

trainerdata 456, "Gaven"
    .byte 0x01, 0x18, 0x00, 0x03, 0x00, 0x00, 0x00, 0x00, 0x00, 0x00, 0x00, 0x00, 0x07, 0x00, 0x00, 0x00
    .byte 0x00, 0x00, 0x00, 0x00
    .close

trainerdata 457, "Gaven"
    .byte 0x01, 0x18, 0x00, 0x03, 0x00, 0x00, 0x00, 0x00, 0x00, 0x00, 0x00, 0x00, 0x07, 0x00, 0x00, 0x00
    .byte 0x00, 0x00, 0x00, 0x00
    .close

trainerdata 458, "Jamie"
    .byte 0x01, 0x19, 0x00, 0x02, 0x00, 0x00, 0x00, 0x00, 0x00, 0x00, 0x00, 0x00, 0x07, 0x00, 0x00, 0x00
    .byte 0x00, 0x00, 0x00, 0x00
    .close

trainerdata 459, "Jamie"
    .byte 0x01, 0x19, 0x00, 0x02, 0x00, 0x00, 0x00, 0x00, 0x00, 0x00, 0x00, 0x00, 0x07, 0x00, 0x00, 0x00
    .byte 0x00, 0x00, 0x00, 0x00
    .close

trainerdata 460, "Wade"
    .byte 0x01, 0x06, 0x00, 0x04, 0x00, 0x00, 0x00, 0x00, 0x00, 0x00, 0x00, 0x00, 0x01, 0x00, 0x00, 0x00
    .byte 0x00, 0x00, 0x00, 0x00
    .close

trainerdata 461, "Wade"
    .byte 0x01, 0x06, 0x00, 0x04, 0x00, 0x00, 0x00, 0x00, 0x00, 0x00, 0x00, 0x00, 0x01, 0x00, 0x00, 0x00
    .byte 0x00, 0x00, 0x00, 0x00
    .close

trainerdata 462, "Ralph"
    .byte 0x00, 0x0B, 0x00, 0x01, 0x00, 0x00, 0x00, 0x00, 0x00, 0x00, 0x00, 0x00, 0x01, 0x00, 0x00, 0x00
    .byte 0x00, 0x00, 0x00, 0x00
    .close

trainerdata 463, "Ralph"
    .byte 0x00, 0x0B, 0x00, 0x02, 0x00, 0x00, 0x00, 0x00, 0x00, 0x00, 0x00, 0x00, 0x01, 0x00, 0x00, 0x00
    .byte 0x00, 0x00, 0x00, 0x00
    .close

trainerdata 464, "Dana"
    .byte 0x01, 0x03, 0x00, 0x02, 0x21, 0x00, 0x00, 0x00, 0x00, 0x00, 0x00, 0x00, 0x05, 0x00, 0x00, 0x00
    .byte 0x00, 0x00, 0x00, 0x00
    .close

trainerdata 465, "Dana"
    .byte 0x01, 0x03, 0x00, 0x02, 0x21, 0x00, 0x00, 0x00, 0x00, 0x00, 0x00, 0x00, 0x05, 0x00, 0x00, 0x00
    .byte 0x00, 0x00, 0x00, 0x00
    .close

trainerdata 466, "Tiffany"
    .byte 0x01, 0x05, 0x00, 0x01, 0x00, 0x00, 0x00, 0x00, 0x00, 0x00, 0x00, 0x00, 0x01, 0x00, 0x00, 0x00
    .byte 0x00, 0x00, 0x00, 0x00
    .close

trainerdata 467, "Tiffany"
    .byte 0x01, 0x05, 0x00, 0x01, 0x00, 0x00, 0x00, 0x00, 0x00, 0x00, 0x00, 0x00, 0x01, 0x00, 0x00, 0x00
    .byte 0x00, 0x00, 0x00, 0x00
    .close

trainerdata 468, "Ross"
    .byte 0x00, 0x71, 0x00, 0x02, 0x00, 0x00, 0x00, 0x00, 0x00, 0x00, 0x00, 0x00, 0x05, 0x00, 0x00, 0x00
    .byte 0x00, 0x00, 0x00, 0x00
    .close

trainerdata 469, "Mitch"
    .byte 0x00, 0x71, 0x00, 0x01, 0x00, 0x00, 0x00, 0x00, 0x00, 0x00, 0x00, 0x00, 0x05, 0x00, 0x00, 0x00
    .byte 0x00, 0x00, 0x00, 0x00
    .close

trainerdata 470, "Gregg"
    .byte 0x00, 0x71, 0x00, 0x03, 0x00, 0x00, 0x00, 0x00, 0x00, 0x00, 0x00, 0x00, 0x05, 0x00, 0x00, 0x00
    .byte 0x00, 0x00, 0x00, 0x00
    .close

trainerdata 471, "Garett"
    .byte 0x00, 0x71, 0x00, 0x03, 0x00, 0x00, 0x00, 0x00, 0x00, 0x00, 0x00, 0x00, 0x05, 0x00, 0x00, 0x00
    .byte 0x00, 0x00, 0x00, 0x00
    .close

trainerdata 472, "Trenton"
    .byte 0x01, 0x71, 0x00, 0x01, 0x00, 0x00, 0x00, 0x00, 0x00, 0x00, 0x00, 0x00, 0x05, 0x00, 0x00, 0x00
    .byte 0x00, 0x00, 0x00, 0x00
    .close

trainerdata 473, "Mickey"
    .byte 0x00, 0x4E, 0x00, 0x02, 0x00, 0x00, 0x00, 0x00, 0x00, 0x00, 0x00, 0x00, 0x05, 0x00, 0x00, 0x00
    .byte 0x00, 0x00, 0x00, 0x00
    .close

trainerdata 474, "Mickey"
    .byte 0x00, 0x4E, 0x00, 0x01, 0x00, 0x00, 0x00, 0x00, 0x00, 0x00, 0x00, 0x00, 0x05, 0x00, 0x00, 0x00
    .byte 0x00, 0x00, 0x00, 0x00
    .close

trainerdata 475, "Mickey"
    .byte 0x00, 0x4E, 0x00, 0x03, 0x00, 0x00, 0x00, 0x00, 0x00, 0x00, 0x00, 0x00, 0x05, 0x00, 0x00, 0x00
    .byte 0x00, 0x00, 0x00, 0x00
    .close

trainerdata 476, "Mickey"
    .byte 0x00, 0x4E, 0x00, 0x03, 0x00, 0x00, 0x00, 0x00, 0x00, 0x00, 0x00, 0x00, 0x05, 0x00, 0x00, 0x00
    .byte 0x00, 0x00, 0x00, 0x00
    .close

trainerdata 477, "Mickey"
    .byte 0x01, 0x4E, 0x00, 0x01, 0x00, 0x00, 0x00, 0x00, 0x00, 0x00, 0x00, 0x00, 0x05, 0x00, 0x00, 0x00
    .byte 0x00, 0x00, 0x00, 0x00
    .close

trainerdata 478, "Ariana"
    .byte 0x01, 0x72, 0x00, 0x03, 0x00, 0x00, 0x00, 0x00, 0x00, 0x00, 0x00, 0x00, 0x07, 0x00, 0x00, 0x00
    .byte 0x00, 0x00, 0x00, 0x00
    .close

trainerdata 479, "Ariana"
    .byte 0x01, 0x72, 0x00, 0x03, 0x00, 0x00, 0x00, 0x00, 0x00, 0x00, 0x00, 0x00, 0x07, 0x00, 0x00, 0x00
    .byte 0x00, 0x00, 0x00, 0x00
    .close

trainerdata 480, "Diana"
    .byte 0x00, 0x38, 0x00, 0x01, 0x00, 0x00, 0x00, 0x00, 0x00, 0x00, 0x00, 0x00, 0x01, 0x00, 0x00, 0x00
    .byte 0x00, 0x00, 0x00, 0x00
    .close

trainerdata 481, "Jill"
    .byte 0x00, 0x38, 0x00, 0x01, 0x00, 0x00, 0x00, 0x00, 0x00, 0x00, 0x00, 0x00, 0x01, 0x00, 0x00, 0x00
    .byte 0x00, 0x00, 0x00, 0x00
    .close

trainerdata 482, "Deandre"
    .byte 0x00, 0x73, 0x00, 0x03, 0x00, 0x00, 0x00, 0x00, 0x00, 0x00, 0x00, 0x00, 0x01, 0x00, 0x00, 0x00
    .byte 0x00, 0x00, 0x00, 0x00
    .close

trainerdata 483, "Patton"
    .byte 0x00, 0x73, 0x00, 0x02, 0x00, 0x00, 0x00, 0x00, 0x00, 0x00, 0x00, 0x00, 0x01, 0x00, 0x00, 0x00
    .byte 0x00, 0x00, 0x00, 0x00
    .close

trainerdata 484, "Gerardo"
    .byte 0x01, 0x73, 0x00, 0x03, 0x00, 0x00, 0x00, 0x00, 0x00, 0x00, 0x00, 0x00, 0x01, 0x00, 0x00, 0x00
    .byte 0x00, 0x00, 0x00, 0x00
    .close

trainerdata 485, "Archer"
    .byte 0x01, 0x74, 0x00, 0x03, 0x00, 0x00, 0x00, 0x00, 0x00, 0x00, 0x00, 0x00, 0x07, 0x00, 0x00, 0x00
    .byte 0x00, 0x00, 0x00, 0x00
    .close

trainerdata 486, "Proton"
    .byte 0x00, 0x75, 0x00, 0x02, 0x00, 0x00, 0x00, 0x00, 0x00, 0x00, 0x00, 0x00, 0x07, 0x00, 0x00, 0x00
    .byte 0x00, 0x00, 0x00, 0x00
    .close

trainerdata 487, "Petrel"
    .byte 0x01, 0x76, 0x00, 0x06, 0x00, 0x00, 0x00, 0x00, 0x00, 0x00, 0x00, 0x00, 0x07, 0x00, 0x00, 0x00
    .byte 0x00, 0x00, 0x00, 0x00
    .close

trainerdata 488, "Petrel"
    .byte 0x00, 0x76, 0x00, 0x03, 0x00, 0x00, 0x00, 0x00, 0x00, 0x00, 0x00, 0x00, 0x07, 0x00, 0x00, 0x00
    .byte 0x00, 0x00, 0x00, 0x00
    .close

trainerdata 489, "Silver"
    .byte 0x01, 0x17, 0x00, 0x06, 0x17, 0x00, 0x17, 0x00, 0x00, 0x00, 0x00, 0x00, 0x07, 0x00, 0x00, 0x00
    .byte 0x00, 0x00, 0x00, 0x00
    .close

trainerdata 490, "Silver"
    .byte 0x01, 0x17, 0x00, 0x06, 0x17, 0x00, 0x17, 0x00, 0x00, 0x00, 0x00, 0x00, 0x07, 0x00, 0x00, 0x00
    .byte 0x00, 0x00, 0x00, 0x00
    .close

trainerdata 491, "Silver"
    .byte 0x03, 0x17, 0x00, 0x06, 0x17, 0x00, 0x17, 0x00, 0x00, 0x00, 0x00, 0x00, 0x07, 0x00, 0x00, 0x00
    .byte 0x00, 0x00, 0x00, 0x00
    .close

trainerdata 492, "Alex"
    .byte 0x00, 0x14, 0x00, 0x03, 0x00, 0x00, 0x00, 0x00, 0x00, 0x00, 0x00, 0x00, 0x01, 0x00, 0x00, 0x00
    .byte 0x00, 0x00, 0x00, 0x00
    .close

trainerdata 493, "Edith"
    .byte 0x00, 0x52, 0x00, 0x01, 0x00, 0x00, 0x00, 0x00, 0x00, 0x00, 0x00, 0x00, 0x05, 0x00, 0x00, 0x00
    .byte 0x00, 0x00, 0x00, 0x00
    .close

trainerdata 494, "Georgina"
    .byte 0x00, 0x52, 0x00, 0x05, 0x00, 0x00, 0x00, 0x00, 0x00, 0x00, 0x00, 0x00, 0x05, 0x00, 0x00, 0x00
    .byte 0x00, 0x00, 0x00, 0x00
    .close

trainerdata 495, "Boy"
    .byte 0x00, 0x77, 0x00, 0x01, 0x00, 0x00, 0x00, 0x00, 0x00, 0x00, 0x00, 0x00, 0x01, 0x00, 0x00, 0x00
    .byte 0x00, 0x00, 0x00, 0x00
    .close

trainerdata 496, "Boy"
    .byte 0x00, 0x77, 0x00, 0x01, 0x00, 0x00, 0x00, 0x00, 0x00, 0x00, 0x00, 0x00, 0x01, 0x00, 0x00, 0x00
    .byte 0x00, 0x00, 0x00, 0x00
    .close

trainerdata 497, "Boy"
    .byte 0x00, 0x77, 0x00, 0x01, 0x00, 0x00, 0x00, 0x00, 0x00, 0x00, 0x00, 0x00, 0x01, 0x00, 0x00, 0x00
    .byte 0x00, 0x00, 0x00, 0x00
    .close

trainerdata 498, "Eusine"
    .byte 0x01, 0x78, 0x00, 0x03, 0x00, 0x00, 0x00, 0x00, 0x00, 0x00, 0x00, 0x00, 0x07, 0x00, 0x00, 0x00
    .byte 0x00, 0x00, 0x00, 0x00
    .close

trainerdata 499, "Grunt"
    .byte 0x01, 0x37, 0x00, 0x02, 0x00, 0x00, 0x00, 0x00, 0x00, 0x00, 0x00, 0x00, 0x01, 0x00, 0x00, 0x00
    .byte 0x00, 0x00, 0x00, 0x00
    .close

trainerdata 500, "Kobe"
    .byte 0x01, 0x18, 0x00, 0x01, 0x00, 0x00, 0x00, 0x00, 0x00, 0x00, 0x00, 0x00, 0x07, 0x00, 0x00, 0x00
    .byte 0x00, 0x00, 0x00, 0x00
    .close

trainerdata 501, "Piper"
    .byte 0x01, 0x19, 0x00, 0x03, 0x00, 0x00, 0x00, 0x00, 0x00, 0x00, 0x00, 0x00, 0x07, 0x00, 0x00, 0x00
    .byte 0x00, 0x00, 0x00, 0x00
    .close

trainerdata 502, "Clea & Gil"
    .byte 0x01, 0x08, 0x00, 0x02, 0x00, 0x00, 0x00, 0x00, 0x00, 0x00, 0x00, 0x00, 0x01, 0x00, 0x00, 0x00
    .byte 0x02, 0x00, 0x00, 0x00
    .close

trainerdata 503, "Jack"
    .byte 0x01, 0x3C, 0x00, 0x03, 0x19, 0x00, 0x00, 0x00, 0x00, 0x00, 0x00, 0x00, 0x05, 0x00, 0x00, 0x00
    .byte 0x00, 0x00, 0x00, 0x00
    .close

trainerdata 504, "Mickey"
    .byte 0x01, 0x3C, 0x00, 0x03, 0x00, 0x00, 0x00, 0x00, 0x00, 0x00, 0x00, 0x00, 0x05, 0x00, 0x00, 0x00
    .byte 0x00, 0x00, 0x00, 0x00
    .close

trainerdata 505, "Alan"
    .byte 0x00, 0x3C, 0x00, 0x04, 0x00, 0x00, 0x00, 0x00, 0x00, 0x00, 0x00, 0x00, 0x05, 0x00, 0x00, 0x00
    .byte 0x00, 0x00, 0x00, 0x00
    .close

trainerdata 506, "Mickey"
    .byte 0x01, 0x3C, 0x00, 0x04, 0x00, 0x00, 0x00, 0x00, 0x00, 0x00, 0x00, 0x00, 0x05, 0x00, 0x00, 0x00
    .byte 0x00, 0x00, 0x00, 0x00
    .close

trainerdata 507, "Chad"
    .byte 0x01, 0x3C, 0x00, 0x02, 0x00, 0x00, 0x00, 0x00, 0x00, 0x00, 0x00, 0x00, 0x0D, 0x00, 0x00, 0x00
    .byte 0x00, 0x00, 0x00, 0x00
    .close

trainerdata 508, "Mickey"
    .byte 0x01, 0x3C, 0x00, 0x02, 0x00, 0x00, 0x00, 0x00, 0x00, 0x00, 0x00, 0x00, 0x05, 0x00, 0x00, 0x00
    .byte 0x00, 0x00, 0x00, 0x00
    .close

trainerdata 509, "Huey"
    .byte 0x01, 0x2E, 0x00, 0x02, 0x00, 0x00, 0x00, 0x00, 0x00, 0x00, 0x00, 0x00, 0x01, 0x00, 0x00, 0x00
    .byte 0x00, 0x00, 0x00, 0x00
    .close

trainerdata 510, "Joey"
    .byte 0x01, 0x02, 0x00, 0x01, 0x00, 0x00, 0x00, 0x00, 0x00, 0x00, 0x00, 0x00, 0x01, 0x00, 0x00, 0x00
    .byte 0x00, 0x00, 0x00, 0x00
    .close

trainerdata 511, "Mickey"
    .byte 0x01, 0x02, 0x00, 0x01, 0x00, 0x00, 0x00, 0x00, 0x00, 0x00, 0x00, 0x00, 0x01, 0x00, 0x00, 0x00
    .byte 0x00, 0x00, 0x00, 0x00
    .close

trainerdata 512, "Wade"
    .byte 0x01, 0x06, 0x00, 0x04, 0x00, 0x00, 0x00, 0x00, 0x00, 0x00, 0x00, 0x00, 0x01, 0x00, 0x00, 0x00
    .byte 0x00, 0x00, 0x00, 0x00
    .close

trainerdata 513, "Arnie"
    .byte 0x01, 0x06, 0x00, 0x02, 0x00, 0x00, 0x00, 0x00, 0x00, 0x00, 0x00, 0x00, 0x01, 0x00, 0x00, 0x00
    .byte 0x00, 0x00, 0x00, 0x00
    .close

trainerdata 514, "Mickey"
    .byte 0x01, 0x06, 0x00, 0x01, 0x00, 0x00, 0x00, 0x00, 0x00, 0x00, 0x00, 0x00, 0x01, 0x00, 0x00, 0x00
    .byte 0x00, 0x00, 0x00, 0x00
    .close

trainerdata 515, "Ralph"
    .byte 0x00, 0x0B, 0x00, 0x02, 0x00, 0x00, 0x00, 0x00, 0x00, 0x00, 0x00, 0x00, 0x01, 0x00, 0x00, 0x00
    .byte 0x00, 0x00, 0x00, 0x00
    .close

trainerdata 516, "Mickey"
    .byte 0x01, 0x0B, 0x00, 0x02, 0x00, 0x00, 0x00, 0x00, 0x00, 0x00, 0x00, 0x00, 0x01, 0x00, 0x00, 0x00
    .byte 0x00, 0x00, 0x00, 0x00
    .close

trainerdata 517, "Tully"
    .byte 0x01, 0x0B, 0x00, 0x03, 0x00, 0x00, 0x00, 0x00, 0x00, 0x00, 0x00, 0x00, 0x01, 0x00, 0x00, 0x00
    .byte 0x00, 0x00, 0x00, 0x00
    .close

trainerdata 518, "Liz"
    .byte 0x00, 0x05, 0x00, 0x03, 0x00, 0x00, 0x00, 0x00, 0x00, 0x00, 0x00, 0x00, 0x01, 0x00, 0x00, 0x00
    .byte 0x00, 0x00, 0x00, 0x00
    .close

trainerdata 519, "Mickey"
    .byte 0x01, 0x05, 0x00, 0x03, 0x00, 0x00, 0x00, 0x00, 0x00, 0x00, 0x00, 0x00, 0x01, 0x00, 0x00, 0x00
    .byte 0x00, 0x00, 0x00, 0x00
    .close

trainerdata 520, "Gina"
    .byte 0x00, 0x05, 0x00, 0x03, 0x00, 0x00, 0x00, 0x00, 0x00, 0x00, 0x00, 0x00, 0x01, 0x00, 0x00, 0x00
    .byte 0x00, 0x00, 0x00, 0x00
    .close

trainerdata 521, "Mickey"
    .byte 0x01, 0x05, 0x00, 0x03, 0x00, 0x00, 0x00, 0x00, 0x00, 0x00, 0x00, 0x00, 0x01, 0x00, 0x00, 0x00
    .byte 0x00, 0x00, 0x00, 0x00
    .close

trainerdata 522, "Tiffany"
    .byte 0x01, 0x05, 0x00, 0x01, 0x00, 0x00, 0x00, 0x00, 0x00, 0x00, 0x00, 0x00, 0x01, 0x00, 0x00, 0x00
    .byte 0x00, 0x00, 0x00, 0x00
    .close

trainerdata 523, "Anthony"
    .byte 0x00, 0x09, 0x00, 0x03, 0x00, 0x00, 0x00, 0x00, 0x00, 0x00, 0x00, 0x00, 0x21, 0x00, 0x00, 0x00
    .byte 0x00, 0x00, 0x00, 0x00
    .close

trainerdata 524, "Mickey"
    .byte 0x01, 0x09, 0x00, 0x03, 0x00, 0x00, 0x00, 0x00, 0x00, 0x00, 0x00, 0x00, 0x21, 0x00, 0x00, 0x00
    .byte 0x00, 0x00, 0x00, 0x00
    .close

trainerdata 525, "Todd"
    .byte 0x00, 0x04, 0x00, 0x04, 0x00, 0x00, 0x00, 0x00, 0x00, 0x00, 0x00, 0x00, 0x07, 0x00, 0x00, 0x00
    .byte 0x00, 0x00, 0x00, 0x00
    .close

trainerdata 526, "Mickey"
    .byte 0x01, 0x04, 0x00, 0x04, 0x00, 0x00, 0x00, 0x00, 0x00, 0x00, 0x00, 0x00, 0x07, 0x00, 0x00, 0x00
    .byte 0x00, 0x00, 0x00, 0x00
    .close

trainerdata 527, "Irwin"
    .byte 0x01, 0x1F, 0x00, 0x04, 0x00, 0x00, 0x00, 0x00, 0x00, 0x00, 0x00, 0x00, 0x01, 0x00, 0x00, 0x00
    .byte 0x00, 0x00, 0x00, 0x00
    .close

trainerdata 528, "Dana"
    .byte 0x01, 0x03, 0x00, 0x02, 0x21, 0x00, 0x00, 0x00, 0x00, 0x00, 0x00, 0x00, 0x05, 0x00, 0x00, 0x00
    .byte 0x00, 0x00, 0x00, 0x00
    .close

trainerdata 529, "Mickey"
    .byte 0x01, 0x03, 0x00, 0x02, 0x00, 0x00, 0x00, 0x00, 0x00, 0x00, 0x00, 0x00, 0x05, 0x00, 0x00, 0x00
    .byte 0x00, 0x00, 0x00, 0x00
    .close

trainerdata 530, "Brent"
    .byte 0x00, 0x44, 0x00, 0x04, 0x00, 0x00, 0x00, 0x00, 0x00, 0x00, 0x00, 0x00, 0x21, 0x00, 0x00, 0x00
    .byte 0x00, 0x00, 0x00, 0x00
    .close

trainerdata 531, "Mickey"
    .byte 0x01, 0x08, 0x00, 0x02, 0x00, 0x00, 0x00, 0x00, 0x00, 0x00, 0x00, 0x00, 0x01, 0x00, 0x00, 0x00
    .byte 0x02, 0x00, 0x00, 0x00
    .close

trainerdata 532, "Mickey"
    .byte 0x01, 0x06, 0x00, 0x04, 0x00, 0x00, 0x00, 0x00, 0x00, 0x00, 0x00, 0x00, 0x01, 0x00, 0x00, 0x00
    .byte 0x00, 0x00, 0x00, 0x00
    .close

trainerdata 533, "Wayne"
    .byte 0x00, 0x06, 0x00, 0x02, 0x00, 0x00, 0x00, 0x00, 0x00, 0x00, 0x00, 0x00, 0x01, 0x00, 0x00, 0x00
    .byte 0x00, 0x00, 0x00, 0x00
    .close

trainerdata 534, "Kimberly"
    .byte 0x00, 0x24, 0x00, 0x01, 0x00, 0x00, 0x00, 0x00, 0x00, 0x00, 0x00, 0x00, 0x01, 0x00, 0x00, 0x00
    .byte 0x00, 0x00, 0x00, 0x00
    .close

trainerdata 535, "Marigold"
    .byte 0x00, 0x15, 0x00, 0x01, 0x00, 0x00, 0x00, 0x00, 0x00, 0x00, 0x00, 0x00, 0x01, 0x00, 0x00, 0x00
    .byte 0x00, 0x00, 0x00, 0x00
    .close

trainerdata 536, "Bertrand"
    .byte 0x00, 0x04, 0x00, 0x03, 0x00, 0x00, 0x00, 0x00, 0x00, 0x00, 0x00, 0x00, 0x07, 0x00, 0x00, 0x00
    .byte 0x00, 0x00, 0x00, 0x00
    .close

trainerdata 537, "Harrison"
    .byte 0x00, 0x44, 0x00, 0x02, 0x00, 0x00, 0x00, 0x00, 0x00, 0x00, 0x00, 0x00, 0x21, 0x00, 0x00, 0x00
    .byte 0x00, 0x00, 0x00, 0x00
    .close

trainerdata 538, "Hugh"
    .byte 0x01, 0x4E, 0x00, 0x01, 0x00, 0x00, 0x00, 0x00, 0x00, 0x00, 0x00, 0x00, 0x05, 0x00, 0x00, 0x00
    .byte 0x00, 0x00, 0x00, 0x00
    .close

trainerdata 539, "Markus"
    .byte 0x01, 0x4E, 0x00, 0x01, 0x00, 0x00, 0x00, 0x00, 0x00, 0x00, 0x00, 0x00, 0x05, 0x00, 0x00, 0x00
    .byte 0x00, 0x00, 0x00, 0x00
    .close

trainerdata 540, "Rex"
    .byte 0x00, 0x14, 0x00, 0x01, 0x00, 0x00, 0x00, 0x00, 0x00, 0x00, 0x00, 0x00, 0x01, 0x00, 0x00, 0x00
    .byte 0x00, 0x00, 0x00, 0x00
    .close

trainerdata 541, "Andy"
    .byte 0x00, 0x14, 0x00, 0x01, 0x00, 0x00, 0x00, 0x00, 0x00, 0x00, 0x00, 0x00, 0x01, 0x00, 0x00, 0x00
    .byte 0x00, 0x00, 0x00, 0x00
    .close

trainerdata 542, "Mickey"
    .byte 0x01, 0x4F, 0x00, 0x02, 0x00, 0x00, 0x00, 0x00, 0x00, 0x00, 0x00, 0x00, 0x05, 0x00, 0x00, 0x00
    .byte 0x00, 0x00, 0x00, 0x00
    .close

trainerdata 543, "Mickey"
    .byte 0x01, 0x4F, 0x00, 0x02, 0x00, 0x00, 0x00, 0x00, 0x00, 0x00, 0x00, 0x00, 0x05, 0x00, 0x00, 0x00
    .byte 0x00, 0x00, 0x00, 0x00
    .close

trainerdata 544, "Mickey"
    .byte 0x01, 0x4F, 0x00, 0x02, 0x00, 0x00, 0x00, 0x00, 0x00, 0x00, 0x00, 0x00, 0x05, 0x00, 0x00, 0x00
    .byte 0x00, 0x00, 0x00, 0x00
    .close

trainerdata 545, "French"
    .byte 0x03, 0x18, 0x00, 0x02, 0x38, 0x00, 0x00, 0x00, 0x00, 0x00, 0x00, 0x00, 0x07, 0x00, 0x00, 0x00
    .byte 0x00, 0x00, 0x00, 0x00
    .close

trainerdata 546, "Sherman"
    .byte 0x01, 0x3C, 0x00, 0x02, 0x00, 0x00, 0x00, 0x00, 0x00, 0x00, 0x00, 0x00, 0x47, 0x00, 0x00, 0x00
    .byte 0x00, 0x00, 0x00, 0x00
    .close

trainerdata 547, "Bruce"
    .byte 0x00, 0x09, 0x00, 0x03, 0x00, 0x00, 0x00, 0x00, 0x00, 0x00, 0x00, 0x00, 0x21, 0x00, 0x00, 0x00
    .byte 0x00, 0x00, 0x00, 0x00
    .close

trainerdata 548, "Manford"
    .byte 0x01, 0x0E, 0x00, 0x01, 0x00, 0x00, 0x00, 0x00, 0x00, 0x00, 0x00, 0x00, 0x21, 0x00, 0x00, 0x00
    .byte 0x00, 0x00, 0x00, 0x00
    .close

trainerdata 549, "Zac & Jen"
    .byte 0x01, 0x79, 0x00, 0x02, 0x00, 0x00, 0x00, 0x00, 0x00, 0x00, 0x00, 0x00, 0x07, 0x00, 0x00, 0x00
    .byte 0x02, 0x00, 0x00, 0x00
    .close

trainerdata 550, "Ander"
    .byte 0x00, 0x0E, 0x00, 0x03, 0x00, 0x00, 0x00, 0x00, 0x00, 0x00, 0x00, 0x00, 0x21, 0x00, 0x00, 0x00
    .byte 0x00, 0x00, 0x00, 0x00
    .close

trainerdata 551, "Dwight"
    .byte 0x00, 0x09, 0x00, 0x02, 0x00, 0x00, 0x00, 0x00, 0x00, 0x00, 0x00, 0x00, 0x21, 0x00, 0x00, 0x00
    .byte 0x00, 0x00, 0x00, 0x00
    .close

trainerdata 552, "Regis"
    .byte 0x00, 0x02, 0x00, 0x02, 0x00, 0x00, 0x00, 0x00, 0x00, 0x00, 0x00, 0x00, 0x01, 0x00, 0x00, 0x00
    .byte 0x00, 0x00, 0x00, 0x00
    .close

trainerdata 553, "Moe & Lulu"
    .byte 0x00, 0x7A, 0x00, 0x02, 0x00, 0x00, 0x00, 0x00, 0x00, 0x00, 0x00, 0x00, 0x01, 0x00, 0x00, 0x00
    .byte 0x02, 0x00, 0x00, 0x00
    .close

trainerdata 554, "Milton"
    .byte 0x00, 0x22, 0x00, 0x01, 0x17, 0x00, 0x00, 0x00, 0x00, 0x00, 0x00, 0x00, 0x01, 0x00, 0x00, 0x00
    .byte 0x00, 0x00, 0x00, 0x00
    .close

trainerdata 555, "Justin"
    .byte 0x00, 0x45, 0x00, 0x02, 0x00, 0x00, 0x00, 0x00, 0x00, 0x00, 0x00, 0x00, 0x01, 0x00, 0x00, 0x00
    .byte 0x00, 0x00, 0x00, 0x00
    .close

trainerdata 556, "Gail"
    .byte 0x00, 0x45, 0x00, 0x02, 0x00, 0x00, 0x00, 0x00, 0x00, 0x00, 0x00, 0x00, 0x01, 0x00, 0x00, 0x00
    .byte 0x00, 0x00, 0x00, 0x00
    .close

trainerdata 557, "Vic & Tara"
    .byte 0x01, 0x7A, 0x00, 0x02, 0x00, 0x00, 0x00, 0x00, 0x00, 0x00, 0x00, 0x00, 0x01, 0x02, 0x00, 0x00
    .byte 0x02, 0x00, 0x00, 0x00
    .close

trainerdata 558, "Kyler"
    .byte 0x00, 0x0B, 0x00, 0x03, 0x00, 0x00, 0x00, 0x00, 0x00, 0x00, 0x00, 0x00, 0x01, 0x00, 0x00, 0x00
    .byte 0x00, 0x00, 0x00, 0x00
    .close

trainerdata 559, "Tim & Sue"
    .byte 0x00, 0x7A, 0x00, 0x02, 0x00, 0x00, 0x00, 0x00, 0x00, 0x00, 0x00, 0x00, 0x01, 0x00, 0x00, 0x00
    .byte 0x02, 0x00, 0x00, 0x00
    .close

trainerdata 560, "Clark"
    .byte 0x00, 0x04, 0x00, 0x01, 0x00, 0x00, 0x00, 0x00, 0x00, 0x00, 0x00, 0x00, 0x07, 0x00, 0x00, 0x00
    .byte 0x00, 0x00, 0x00, 0x00
    .close

trainerdata 561, "Tanner"
    .byte 0x00, 0x04, 0x00, 0x01, 0x00, 0x00, 0x00, 0x00, 0x00, 0x00, 0x00, 0x00, 0x07, 0x00, 0x00, 0x00
    .byte 0x00, 0x00, 0x00, 0x00
    .close

trainerdata 562, "Piper"
    .byte 0x00, 0x05, 0x00, 0x01, 0x00, 0x00, 0x00, 0x00, 0x00, 0x00, 0x00, 0x00, 0x01, 0x00, 0x00, 0x00
    .byte 0x00, 0x00, 0x00, 0x00
    .close

trainerdata 563, "Ginger"
    .byte 0x00, 0x05, 0x00, 0x01, 0x00, 0x00, 0x00, 0x00, 0x00, 0x00, 0x00, 0x00, 0x01, 0x00, 0x00, 0x00
    .byte 0x00, 0x00, 0x00, 0x00
    .close

trainerdata 564, "Clarice"
    .byte 0x03, 0x4D, 0x00, 0x02, 0x00, 0x00, 0x00, 0x00, 0x00, 0x00, 0x00, 0x00, 0x07, 0x00, 0x00, 0x00
    .byte 0x00, 0x00, 0x00, 0x00
    .close

trainerdata 565, "Josh"
    .byte 0x00, 0x45, 0x00, 0x01, 0x00, 0x00, 0x00, 0x00, 0x00, 0x00, 0x00, 0x00, 0x01, 0x00, 0x00, 0x00
    .byte 0x00, 0x00, 0x00, 0x00
    .close

trainerdata 566, "Connor"
    .byte 0x03, 0x3C, 0x00, 0x01, 0x00, 0x00, 0x00, 0x00, 0x00, 0x00, 0x00, 0x00, 0x05, 0x00, 0x00, 0x00
    .byte 0x00, 0x00, 0x00, 0x00
    .close

trainerdata 567, "Torin"
    .byte 0x00, 0x3C, 0x00, 0x02, 0x00, 0x00, 0x00, 0x00, 0x00, 0x00, 0x00, 0x00, 0x05, 0x00, 0x00, 0x00
    .byte 0x00, 0x00, 0x00, 0x00
    .close

trainerdata 568, "Travis"
    .byte 0x01, 0x3C, 0x00, 0x01, 0x00, 0x00, 0x00, 0x00, 0x00, 0x00, 0x00, 0x00, 0x05, 0x00, 0x00, 0x00
    .byte 0x00, 0x00, 0x00, 0x00
    .close

trainerdata 569, "Kay & Tia"
    .byte 0x01, 0x08, 0x00, 0x02, 0x00, 0x00, 0x00, 0x00, 0x00, 0x00, 0x00, 0x00, 0x01, 0x00, 0x00, 0x00
    .byte 0x02, 0x00, 0x00, 0x00
    .close

trainerdata 570, "Boone"
    .byte 0x00, 0x14, 0x00, 0x02, 0x00, 0x00, 0x00, 0x00, 0x00, 0x00, 0x00, 0x00, 0x01, 0x00, 0x00, 0x00
    .byte 0x00, 0x00, 0x00, 0x00
    .close

trainerdata 571, "Eleanor"
    .byte 0x00, 0x15, 0x00, 0x02, 0x00, 0x00, 0x00, 0x00, 0x00, 0x00, 0x00, 0x00, 0x01, 0x00, 0x00, 0x00
    .byte 0x00, 0x00, 0x00, 0x00
    .close

trainerdata 572, "Dale"
    .byte 0x02, 0x41, 0x00, 0x01, 0x00, 0x00, 0x00, 0x00, 0x00, 0x00, 0x00, 0x00, 0x01, 0x00, 0x00, 0x00
    .byte 0x00, 0x00, 0x00, 0x00
    .close

trainerdata 573, "Jacob"
    .byte 0x00, 0x41, 0x00, 0x02, 0x00, 0x00, 0x00, 0x00, 0x00, 0x00, 0x00, 0x00, 0x01, 0x00, 0x00, 0x00
    .byte 0x00, 0x00, 0x00, 0x00
    .close

trainerdata 574, "Aiden"
    .byte 0x00, 0x41, 0x00, 0x01, 0x00, 0x00, 0x00, 0x00, 0x00, 0x00, 0x00, 0x00, 0x01, 0x00, 0x00, 0x00
    .byte 0x00, 0x00, 0x00, 0x00
    .close

trainerdata 575, "Dan"
    .byte 0x00, 0x41, 0x00, 0x03, 0x00, 0x00, 0x00, 0x00, 0x00, 0x00, 0x00, 0x00, 0x01, 0x00, 0x00, 0x00
    .byte 0x00, 0x00, 0x00, 0x00
    .close

trainerdata 576, "Theron"
    .byte 0x00, 0x41, 0x00, 0x01, 0x00, 0x00, 0x00, 0x00, 0x00, 0x00, 0x00, 0x00, 0x01, 0x00, 0x00, 0x00
    .byte 0x00, 0x00, 0x00, 0x00
    .close

trainerdata 577, "Markey"
    .byte 0x00, 0x41, 0x00, 0x01, 0x00, 0x00, 0x00, 0x00, 0x00, 0x00, 0x00, 0x00, 0x01, 0x00, 0x00, 0x00
    .byte 0x00, 0x00, 0x00, 0x00
    .close

trainerdata 578, "Teddy"
    .byte 0x00, 0x41, 0x00, 0x01, 0x00, 0x00, 0x00, 0x00, 0x00, 0x00, 0x00, 0x00, 0x01, 0x00, 0x00, 0x00
    .byte 0x00, 0x00, 0x00, 0x00
    .close

trainerdata 579, "Ernest"
    .byte 0x00, 0x41, 0x00, 0x02, 0x00, 0x00, 0x00, 0x00, 0x00, 0x00, 0x00, 0x00, 0x01, 0x00, 0x00, 0x00
    .byte 0x00, 0x00, 0x00, 0x00
    .close

trainerdata 580, "Pedro"
    .byte 0x03, 0x04, 0x00, 0x01, 0x00, 0x00, 0x00, 0x00, 0x00, 0x00, 0x00, 0x00, 0x07, 0x00, 0x00, 0x00
    .byte 0x00, 0x00, 0x00, 0x00
    .close

trainerdata 581, "Adrian"
    .byte 0x00, 0x05, 0x00, 0x01, 0x00, 0x00, 0x00, 0x00, 0x00, 0x00, 0x00, 0x00, 0x01, 0x00, 0x00, 0x00
    .byte 0x00, 0x00, 0x00, 0x00
    .close

trainerdata 582, "Cheyenne"
    .byte 0x00, 0x05, 0x00, 0x01, 0x00, 0x00, 0x00, 0x00, 0x00, 0x00, 0x00, 0x00, 0x01, 0x00, 0x00, 0x00
    .byte 0x00, 0x00, 0x00, 0x00
    .close

trainerdata 583, "Bert"
    .byte 0x00, 0x45, 0x00, 0x02, 0x00, 0x00, 0x00, 0x00, 0x00, 0x00, 0x00, 0x00, 0x01, 0x00, 0x00, 0x00
    .byte 0x00, 0x00, 0x00, 0x00
    .close

trainerdata 584, "Ernie"
    .byte 0x00, 0x45, 0x00, 0x01, 0x00, 0x00, 0x00, 0x00, 0x00, 0x00, 0x00, 0x00, 0x01, 0x00, 0x00, 0x00
    .byte 0x00, 0x00, 0x00, 0x00
    .close

trainerdata 585, "Elmo"
    .byte 0x00, 0x2A, 0x00, 0x02, 0x00, 0x00, 0x00, 0x00, 0x00, 0x00, 0x00, 0x00, 0x01, 0x00, 0x00, 0x00
    .byte 0x00, 0x00, 0x00, 0x00
    .close

trainerdata 586, "Luis"
    .byte 0x00, 0x2A, 0x00, 0x02, 0x00, 0x00, 0x00, 0x00, 0x00, 0x00, 0x00, 0x00, 0x01, 0x00, 0x00, 0x00
    .byte 0x00, 0x00, 0x00, 0x00
    .close

trainerdata 587, "Leona"
    .byte 0x00, 0x2B, 0x00, 0x01, 0x00, 0x00, 0x00, 0x00, 0x00, 0x00, 0x00, 0x00, 0x01, 0x00, 0x00, 0x00
    .byte 0x00, 0x00, 0x00, 0x00
    .close

trainerdata 588, "Mina"
    .byte 0x00, 0x2B, 0x00, 0x03, 0x00, 0x00, 0x00, 0x00, 0x00, 0x00, 0x00, 0x00, 0x01, 0x00, 0x00, 0x00
    .byte 0x00, 0x00, 0x00, 0x00
    .close

trainerdata 589, "Murphy"
    .byte 0x00, 0x0B, 0x00, 0x04, 0x00, 0x00, 0x00, 0x00, 0x00, 0x00, 0x00, 0x00, 0x01, 0x00, 0x00, 0x00
    .byte 0x00, 0x00, 0x00, 0x00
    .close

trainerdata 590, "Liam"
    .byte 0x00, 0x0B, 0x00, 0x01, 0x00, 0x00, 0x00, 0x00, 0x00, 0x00, 0x00, 0x00, 0x01, 0x00, 0x00, 0x00
    .byte 0x00, 0x00, 0x00, 0x00
    .close

trainerdata 591, "Gideon"
    .byte 0x01, 0x0B, 0x00, 0x02, 0x00, 0x00, 0x00, 0x00, 0x00, 0x00, 0x00, 0x00, 0x01, 0x00, 0x00, 0x00
    .byte 0x00, 0x00, 0x00, 0x00
    .close

trainerdata 592, "Chelan"
    .byte 0x01, 0x2B, 0x00, 0x01, 0x00, 0x00, 0x00, 0x00, 0x00, 0x00, 0x00, 0x00, 0x01, 0x00, 0x00, 0x00
    .byte 0x00, 0x00, 0x00, 0x00
    .close

trainerdata 593, "Kendra"
    .byte 0x00, 0x2B, 0x00, 0x01, 0x00, 0x00, 0x00, 0x00, 0x00, 0x00, 0x00, 0x00, 0x01, 0x00, 0x00, 0x00
    .byte 0x00, 0x00, 0x00, 0x00
    .close

trainerdata 594, "Esteban"
    .byte 0x00, 0x2A, 0x00, 0x02, 0x00, 0x00, 0x00, 0x00, 0x00, 0x00, 0x00, 0x00, 0x01, 0x00, 0x00, 0x00
    .byte 0x00, 0x00, 0x00, 0x00
    .close

trainerdata 595, "Duane"
    .byte 0x00, 0x2A, 0x00, 0x02, 0x00, 0x00, 0x00, 0x00, 0x00, 0x00, 0x00, 0x00, 0x01, 0x00, 0x00, 0x00
    .byte 0x00, 0x00, 0x00, 0x00
    .close

trainerdata 596, "Kinsley"
    .byte 0x00, 0x45, 0x00, 0x03, 0x00, 0x00, 0x00, 0x00, 0x00, 0x00, 0x00, 0x00, 0x01, 0x00, 0x00, 0x00
    .byte 0x00, 0x00, 0x00, 0x00
    .close

trainerdata 597, "Easton"
    .byte 0x00, 0x45, 0x00, 0x04, 0x00, 0x00, 0x00, 0x00, 0x00, 0x00, 0x00, 0x00, 0x01, 0x00, 0x00, 0x00
    .byte 0x00, 0x00, 0x00, 0x00
    .close

trainerdata 598, "Day & Dani"
    .byte 0x00, 0x08, 0x00, 0x02, 0x00, 0x00, 0x00, 0x00, 0x00, 0x00, 0x00, 0x00, 0x01, 0x00, 0x00, 0x00
    .byte 0x02, 0x00, 0x00, 0x00
    .close

trainerdata 599, "Virgil"
    .byte 0x00, 0x04, 0x00, 0x01, 0x00, 0x00, 0x00, 0x00, 0x00, 0x00, 0x00, 0x00, 0x07, 0x00, 0x00, 0x00
    .byte 0x00, 0x00, 0x00, 0x00
    .close

trainerdata 600, "Selina"
    .byte 0x00, 0x05, 0x00, 0x01, 0x00, 0x00, 0x00, 0x00, 0x00, 0x00, 0x00, 0x00, 0x01, 0x00, 0x00, 0x00
    .byte 0x00, 0x00, 0x00, 0x00
    .close

trainerdata 601, "Grunt"
    .byte 0x00, 0x37, 0x00, 0x01, 0x00, 0x00, 0x00, 0x00, 0x00, 0x00, 0x00, 0x00, 0x01, 0x00, 0x00, 0x00
    .byte 0x00, 0x00, 0x00, 0x00
    .close

trainerdata 602, "Jose"
    .byte 0x00, 0x45, 0x00, 0x03, 0x39, 0x00, 0x00, 0x00, 0x00, 0x00, 0x00, 0x00, 0x01, 0x00, 0x00, 0x00
    .byte 0x00, 0x00, 0x00, 0x00
    .close

trainerdata 603, "Erin"
    .byte 0x00, 0x05, 0x00, 0x04, 0x00, 0x00, 0x00, 0x00, 0x00, 0x00, 0x00, 0x00, 0x01, 0x00, 0x00, 0x00
    .byte 0x00, 0x00, 0x00, 0x00
    .close

trainerdata 604, "Gaven"
    .byte 0x01, 0x18, 0x00, 0x03, 0x00, 0x00, 0x00, 0x00, 0x00, 0x00, 0x00, 0x00, 0x07, 0x00, 0x00, 0x00
    .byte 0x00, 0x00, 0x00, 0x00
    .close

trainerdata 605, "Kenji"
    .byte 0x00, 0x0E, 0x00, 0x04, 0x00, 0x00, 0x00, 0x00, 0x00, 0x00, 0x00, 0x00, 0x21, 0x00, 0x00, 0x00
    .byte 0x00, 0x00, 0x00, 0x00
    .close

trainerdata 606, "Parry"
    .byte 0x00, 0x09, 0x00, 0x02, 0x00, 0x00, 0x00, 0x00, 0x00, 0x00, 0x00, 0x00, 0x21, 0x00, 0x00, 0x00
    .byte 0x00, 0x00, 0x00, 0x00
    .close

trainerdata 607, "Reena"
    .byte 0x01, 0x19, 0x00, 0x03, 0x00, 0x00, 0x00, 0x00, 0x00, 0x00, 0x00, 0x00, 0x07, 0x00, 0x00, 0x00
    .byte 0x00, 0x00, 0x00, 0x00
    .close

trainerdata 608, "Wilton"
    .byte 0x00, 0x0B, 0x00, 0x03, 0x00, 0x00, 0x00, 0x00, 0x00, 0x00, 0x00, 0x00, 0x01, 0x00, 0x00, 0x00
    .byte 0x00, 0x00, 0x00, 0x00
    .close

trainerdata 609, "Jamie"
    .byte 0x01, 0x19, 0x00, 0x02, 0x00, 0x00, 0x00, 0x00, 0x00, 0x00, 0x00, 0x00, 0x07, 0x00, 0x00, 0x00
    .byte 0x00, 0x00, 0x00, 0x00
    .close

trainerdata 610, "Derek"
    .byte 0x00, 0x14, 0x00, 0x04, 0x00, 0x00, 0x00, 0x00, 0x00, 0x00, 0x00, 0x00, 0x01, 0x00, 0x00, 0x00
    .byte 0x00, 0x00, 0x00, 0x00
    .close

trainerdata 611, "Beverly"
    .byte 0x00, 0x15, 0x00, 0x01, 0x00, 0x00, 0x00, 0x00, 0x00, 0x00, 0x00, 0x00, 0x01, 0x00, 0x00, 0x00
    .byte 0x00, 0x00, 0x00, 0x00
    .close

trainerdata 612, "Vance"
    .byte 0x00, 0x45, 0x00, 0x03, 0x00, 0x00, 0x00, 0x00, 0x00, 0x00, 0x00, 0x00, 0x01, 0x00, 0x00, 0x00
    .byte 0x00, 0x00, 0x00, 0x00
    .close

trainerdata 613, "Krise"
    .byte 0x00, 0x03, 0x00, 0x02, 0x00, 0x00, 0x00, 0x00, 0x00, 0x00, 0x00, 0x00, 0x05, 0x00, 0x00, 0x00
    .byte 0x00, 0x00, 0x00, 0x00
    .close

trainerdata 614, "Krise"
    .byte 0x00, 0x03, 0x00, 0x02, 0x00, 0x00, 0x00, 0x00, 0x00, 0x00, 0x00, 0x00, 0x05, 0x00, 0x00, 0x00
    .byte 0x00, 0x00, 0x00, 0x00
    .close

trainerdata 615, "Krise"
    .byte 0x00, 0x03, 0x00, 0x02, 0x00, 0x00, 0x00, 0x00, 0x00, 0x00, 0x00, 0x00, 0x05, 0x00, 0x00, 0x00
    .byte 0x00, 0x00, 0x00, 0x00
    .close

trainerdata 616, "Ian"
    .byte 0x00, 0x02, 0x00, 0x02, 0x00, 0x00, 0x00, 0x00, 0x00, 0x00, 0x00, 0x00, 0x01, 0x00, 0x00, 0x00
    .byte 0x00, 0x00, 0x00, 0x00
    .close

trainerdata 617, "Ian"
    .byte 0x00, 0x02, 0x00, 0x02, 0x00, 0x00, 0x00, 0x00, 0x00, 0x00, 0x00, 0x00, 0x01, 0x00, 0x00, 0x00
    .byte 0x00, 0x00, 0x00, 0x00
    .close

trainerdata 618, "Ian"
    .byte 0x00, 0x02, 0x00, 0x02, 0x00, 0x00, 0x00, 0x00, 0x00, 0x00, 0x00, 0x00, 0x01, 0x00, 0x00, 0x00
    .byte 0x00, 0x00, 0x00, 0x00
    .close

trainerdata 619, "Walt"
    .byte 0x00, 0x40, 0x00, 0x02, 0x00, 0x00, 0x00, 0x00, 0x00, 0x00, 0x00, 0x00, 0x01, 0x00, 0x00, 0x00
    .byte 0x00, 0x00, 0x00, 0x00
    .close

trainerdata 620, "Walt"
    .byte 0x00, 0x40, 0x00, 0x02, 0x00, 0x00, 0x00, 0x00, 0x00, 0x00, 0x00, 0x00, 0x01, 0x00, 0x00, 0x00
    .byte 0x00, 0x00, 0x00, 0x00
    .close

trainerdata 621, "Walt"
    .byte 0x00, 0x40, 0x00, 0x03, 0x00, 0x00, 0x00, 0x00, 0x00, 0x00, 0x00, 0x00, 0x01, 0x00, 0x00, 0x00
    .byte 0x00, 0x00, 0x00, 0x00
    .close

trainerdata 622, "Doug"
    .byte 0x00, 0x06, 0x00, 0x02, 0x00, 0x00, 0x00, 0x00, 0x00, 0x00, 0x00, 0x00, 0x01, 0x00, 0x00, 0x00
    .byte 0x00, 0x00, 0x00, 0x00
    .close

trainerdata 623, "Doug"
    .byte 0x00, 0x06, 0x00, 0x02, 0x00, 0x00, 0x00, 0x00, 0x00, 0x00, 0x00, 0x00, 0x01, 0x00, 0x00, 0x00
    .byte 0x00, 0x00, 0x00, 0x00
    .close

trainerdata 624, "Doug"
    .byte 0x00, 0x06, 0x00, 0x02, 0x00, 0x00, 0x00, 0x00, 0x00, 0x00, 0x00, 0x00, 0x01, 0x00, 0x00, 0x00
    .byte 0x00, 0x00, 0x00, 0x00
    .close

trainerdata 625, "Rob"
    .byte 0x00, 0x06, 0x00, 0x02, 0x00, 0x00, 0x00, 0x00, 0x00, 0x00, 0x00, 0x00, 0x01, 0x00, 0x00, 0x00
    .byte 0x00, 0x00, 0x00, 0x00
    .close

trainerdata 626, "Rob"
    .byte 0x00, 0x06, 0x00, 0x02, 0x00, 0x00, 0x00, 0x00, 0x00, 0x00, 0x00, 0x00, 0x01, 0x00, 0x00, 0x00
    .byte 0x00, 0x00, 0x00, 0x00
    .close

trainerdata 627, "Rob"
    .byte 0x00, 0x06, 0x00, 0x02, 0x00, 0x00, 0x00, 0x00, 0x00, 0x00, 0x00, 0x00, 0x01, 0x00, 0x00, 0x00
    .byte 0x00, 0x00, 0x00, 0x00
    .close

trainerdata 628, "Reese"
    .byte 0x01, 0x41, 0x00, 0x02, 0x00, 0x00, 0x00, 0x00, 0x00, 0x00, 0x00, 0x00, 0x01, 0x00, 0x00, 0x00
    .byte 0x00, 0x00, 0x00, 0x00
    .close

trainerdata 629, "Reese"
    .byte 0x01, 0x41, 0x00, 0x02, 0x00, 0x00, 0x00, 0x00, 0x00, 0x00, 0x00, 0x00, 0x01, 0x00, 0x00, 0x00
    .byte 0x00, 0x00, 0x00, 0x00
    .close

trainerdata 630, "Reese"
    .byte 0x01, 0x41, 0x00, 0x02, 0x00, 0x00, 0x00, 0x00, 0x00, 0x00, 0x00, 0x00, 0x01, 0x00, 0x00, 0x00
    .byte 0x00, 0x00, 0x00, 0x00
    .close

trainerdata 631, "Aiden"
    .byte 0x00, 0x41, 0x00, 0x02, 0x00, 0x00, 0x00, 0x00, 0x00, 0x00, 0x00, 0x00, 0x01, 0x00, 0x00, 0x00
    .byte 0x00, 0x00, 0x00, 0x00
    .close

trainerdata 632, "Aiden"
    .byte 0x00, 0x41, 0x00, 0x02, 0x00, 0x00, 0x00, 0x00, 0x00, 0x00, 0x00, 0x00, 0x01, 0x00, 0x00, 0x00
    .byte 0x00, 0x00, 0x00, 0x00
    .close

trainerdata 633, "Aiden"
    .byte 0x00, 0x41, 0x00, 0x03, 0x00, 0x00, 0x00, 0x00, 0x00, 0x00, 0x00, 0x00, 0x01, 0x00, 0x00, 0x00
    .byte 0x00, 0x00, 0x00, 0x00
    .close

trainerdata 634, "Ernest"
    .byte 0x00, 0x41, 0x00, 0x02, 0x00, 0x00, 0x00, 0x00, 0x00, 0x00, 0x00, 0x00, 0x01, 0x00, 0x00, 0x00
    .byte 0x00, 0x00, 0x00, 0x00
    .close

trainerdata 635, "Ernest"
    .byte 0x00, 0x41, 0x00, 0x02, 0x00, 0x00, 0x00, 0x00, 0x00, 0x00, 0x00, 0x00, 0x01, 0x00, 0x00, 0x00
    .byte 0x00, 0x00, 0x00, 0x00
    .close

trainerdata 636, "Ernest"
    .byte 0x00, 0x41, 0x00, 0x02, 0x00, 0x00, 0x00, 0x00, 0x00, 0x00, 0x00, 0x00, 0x01, 0x00, 0x00, 0x00
    .byte 0x00, 0x00, 0x00, 0x00
    .close

trainerdata 637, "Hillary"
    .byte 0x00, 0x4D, 0x00, 0x02, 0x00, 0x00, 0x00, 0x00, 0x00, 0x00, 0x00, 0x00, 0x07, 0x00, 0x00, 0x00
    .byte 0x00, 0x00, 0x00, 0x00
    .close

trainerdata 638, "Hillary"
    .byte 0x00, 0x4D, 0x00, 0x02, 0x00, 0x00, 0x00, 0x00, 0x00, 0x00, 0x00, 0x00, 0x07, 0x00, 0x00, 0x00
    .byte 0x00, 0x00, 0x00, 0x00
    .close

trainerdata 639, "Hillary"
    .byte 0x00, 0x4D, 0x00, 0x02, 0x00, 0x00, 0x00, 0x00, 0x00, 0x00, 0x00, 0x00, 0x07, 0x00, 0x00, 0x00
    .byte 0x00, 0x00, 0x00, 0x00
    .close

trainerdata 640, "Billy"
    .byte 0x00, 0x3C, 0x00, 0x03, 0x00, 0x00, 0x00, 0x00, 0x00, 0x00, 0x00, 0x00, 0x05, 0x00, 0x00, 0x00
    .byte 0x00, 0x00, 0x00, 0x00
    .close

trainerdata 641, "Billy"
    .byte 0x00, 0x3C, 0x00, 0x03, 0x00, 0x00, 0x00, 0x00, 0x00, 0x00, 0x00, 0x00, 0x05, 0x00, 0x00, 0x00
    .byte 0x00, 0x00, 0x00, 0x00
    .close

trainerdata 642, "Billy"
    .byte 0x01, 0x3C, 0x00, 0x04, 0x00, 0x00, 0x00, 0x00, 0x00, 0x00, 0x00, 0x00, 0x05, 0x00, 0x00, 0x00
    .byte 0x00, 0x00, 0x00, 0x00
    .close

trainerdata 643, "Kay & Tia"
    .byte 0x01, 0x08, 0x00, 0x02, 0x00, 0x00, 0x00, 0x00, 0x00, 0x00, 0x00, 0x00, 0x01, 0x00, 0x00, 0x00
    .byte 0x02, 0x00, 0x00, 0x00
    .close

trainerdata 644, "Kay & Tia"
    .byte 0x01, 0x08, 0x00, 0x02, 0x00, 0x00, 0x00, 0x00, 0x00, 0x00, 0x00, 0x00, 0x01, 0x00, 0x00, 0x00
    .byte 0x02, 0x00, 0x00, 0x00
    .close

trainerdata 645, "Kay & Tia"
    .byte 0x01, 0x08, 0x00, 0x02, 0x00, 0x00, 0x00, 0x00, 0x00, 0x00, 0x00, 0x00, 0x01, 0x00, 0x00, 0x00
    .byte 0x02, 0x00, 0x00, 0x00
    .close

trainerdata 646, "Josh"
    .byte 0x00, 0x45, 0x00, 0x02, 0x00, 0x00, 0x00, 0x00, 0x00, 0x00, 0x00, 0x00, 0x01, 0x00, 0x00, 0x00
    .byte 0x00, 0x00, 0x00, 0x00
    .close

trainerdata 647, "Josh"
    .byte 0x00, 0x45, 0x00, 0x02, 0x00, 0x00, 0x00, 0x00, 0x00, 0x00, 0x00, 0x00, 0x01, 0x00, 0x00, 0x00
    .byte 0x00, 0x00, 0x00, 0x00
    .close

trainerdata 648, "Josh"
    .byte 0x00, 0x45, 0x00, 0x02, 0x00, 0x00, 0x00, 0x00, 0x00, 0x00, 0x00, 0x00, 0x01, 0x00, 0x00, 0x00
    .byte 0x00, 0x00, 0x00, 0x00
    .close

trainerdata 649, "Torin"
    .byte 0x00, 0x3C, 0x00, 0x03, 0x00, 0x00, 0x00, 0x00, 0x00, 0x00, 0x00, 0x00, 0x05, 0x00, 0x00, 0x00
    .byte 0x00, 0x00, 0x00, 0x00
    .close

trainerdata 650, "Torin"
    .byte 0x00, 0x3C, 0x00, 0x03, 0x00, 0x00, 0x00, 0x00, 0x00, 0x00, 0x00, 0x00, 0x05, 0x00, 0x00, 0x00
    .byte 0x00, 0x00, 0x00, 0x00
    .close

trainerdata 651, "Torin"
    .byte 0x00, 0x3C, 0x00, 0x03, 0x00, 0x00, 0x00, 0x00, 0x00, 0x00, 0x00, 0x00, 0x05, 0x00, 0x00, 0x00
    .byte 0x00, 0x00, 0x00, 0x00
    .close

trainerdata 652, "Tim & Sue"
    .byte 0x00, 0x7A, 0x00, 0x02, 0x00, 0x00, 0x00, 0x00, 0x00, 0x00, 0x00, 0x00, 0x01, 0x00, 0x00, 0x00
    .byte 0x02, 0x00, 0x00, 0x00
    .close

trainerdata 653, "Tim & Sue"
    .byte 0x01, 0x7A, 0x00, 0x02, 0x00, 0x00, 0x00, 0x00, 0x00, 0x00, 0x00, 0x00, 0x01, 0x00, 0x00, 0x00
    .byte 0x02, 0x00, 0x00, 0x00
    .close

trainerdata 654, "Tim & Sue"
    .byte 0x01, 0x7A, 0x00, 0x02, 0x00, 0x00, 0x00, 0x00, 0x00, 0x00, 0x00, 0x00, 0x01, 0x00, 0x00, 0x00
    .byte 0x02, 0x00, 0x00, 0x00
    .close

trainerdata 655, "Kenny"
    .byte 0x00, 0x09, 0x00, 0x04, 0x00, 0x00, 0x00, 0x00, 0x00, 0x00, 0x00, 0x00, 0x21, 0x00, 0x00, 0x00
    .byte 0x00, 0x00, 0x00, 0x00
    .close

trainerdata 656, "Kenny"
    .byte 0x00, 0x09, 0x00, 0x04, 0x00, 0x00, 0x00, 0x00, 0x00, 0x00, 0x00, 0x00, 0x21, 0x00, 0x00, 0x00
    .byte 0x00, 0x00, 0x00, 0x00
    .close

trainerdata 657, "Kenny"
    .byte 0x00, 0x09, 0x00, 0x04, 0x00, 0x00, 0x00, 0x00, 0x00, 0x00, 0x00, 0x00, 0x21, 0x00, 0x00, 0x00
    .byte 0x00, 0x00, 0x00, 0x00
    .close

trainerdata 658, "Tanner"
    .byte 0x00, 0x04, 0x00, 0x02, 0x00, 0x00, 0x00, 0x00, 0x00, 0x00, 0x00, 0x00, 0x07, 0x00, 0x00, 0x00
    .byte 0x00, 0x00, 0x00, 0x00
    .close

trainerdata 659, "Tanner"
    .byte 0x00, 0x04, 0x00, 0x03, 0x00, 0x00, 0x00, 0x00, 0x00, 0x00, 0x00, 0x00, 0x07, 0x00, 0x00, 0x00
    .byte 0x00, 0x00, 0x00, 0x00
    .close

trainerdata 660, "Tanner"
    .byte 0x00, 0x04, 0x00, 0x03, 0x00, 0x00, 0x00, 0x00, 0x00, 0x00, 0x00, 0x00, 0x07, 0x00, 0x00, 0x00
    .byte 0x00, 0x00, 0x00, 0x00
    .close

trainerdata 661, "Kyle"
    .byte 0x00, 0x0B, 0x00, 0x03, 0x00, 0x00, 0x00, 0x00, 0x00, 0x00, 0x00, 0x00, 0x01, 0x00, 0x00, 0x00
    .byte 0x00, 0x00, 0x00, 0x00
    .close

trainerdata 662, "Kyle"
    .byte 0x00, 0x0B, 0x00, 0x04, 0x00, 0x00, 0x00, 0x00, 0x00, 0x00, 0x00, 0x00, 0x01, 0x00, 0x00, 0x00
    .byte 0x00, 0x00, 0x00, 0x00
    .close

trainerdata 663, "Kyle"
    .byte 0x00, 0x0B, 0x00, 0x04, 0x00, 0x00, 0x00, 0x00, 0x00, 0x00, 0x00, 0x00, 0x01, 0x00, 0x00, 0x00
    .byte 0x00, 0x00, 0x00, 0x00
    .close

trainerdata 664, "Kyler"
    .byte 0x00, 0x0B, 0x00, 0x04, 0x00, 0x00, 0x00, 0x00, 0x00, 0x00, 0x00, 0x00, 0x01, 0x00, 0x00, 0x00
    .byte 0x00, 0x00, 0x00, 0x00
    .close

trainerdata 665, "Kyler"
    .byte 0x00, 0x0B, 0x00, 0x05, 0x00, 0x00, 0x00, 0x00, 0x00, 0x00, 0x00, 0x00, 0x01, 0x00, 0x00, 0x00
    .byte 0x00, 0x00, 0x00, 0x00
    .close

trainerdata 666, "Kyler"
    .byte 0x00, 0x0B, 0x00, 0x06, 0x00, 0x00, 0x00, 0x00, 0x00, 0x00, 0x00, 0x00, 0x01, 0x00, 0x00, 0x00
    .byte 0x00, 0x00, 0x00, 0x00
    .close

trainerdata 667, "Cheryl"
    .byte 0x03, 0x5A, 0x00, 0x05, 0x17, 0x00, 0x17, 0x00, 0x00, 0x00, 0x00, 0x00, 0x07, 0x00, 0x00, 0x00
    .byte 0x00, 0x00, 0x00, 0x00
    .close

trainerdata 668, "Marley"
    .byte 0x03, 0x5E, 0x00, 0x05, 0x17, 0x00, 0x17, 0x00, 0x00, 0x00, 0x00, 0x00, 0x07, 0x00, 0x00, 0x00
    .byte 0x00, 0x00, 0x00, 0x00
    .close

trainerdata 669, "Mira"
    .byte 0x03, 0x5D, 0x00, 0x05, 0x17, 0x00, 0x17, 0x00, 0x00, 0x00, 0x00, 0x00, 0x07, 0x00, 0x00, 0x00
    .byte 0x00, 0x00, 0x00, 0x00
    .close

trainerdata 670, "Riley"
    .byte 0x03, 0x5B, 0x00, 0x05, 0x17, 0x00, 0x17, 0x00, 0x00, 0x00, 0x00, 0x00, 0x07, 0x00, 0x00, 0x00
    .byte 0x00, 0x00, 0x00, 0x00
    .close

trainerdata 671, "Buck"
    .byte 0x03, 0x5C, 0x00, 0x05, 0x17, 0x00, 0x17, 0x00, 0x00, 0x00, 0x00, 0x00, 0x07, 0x00, 0x00, 0x00
    .byte 0x00, 0x00, 0x00, 0x00
    .close

trainerdata 672, "Alfred"
    .byte 0x00, 0x22, 0x00, 0x01, 0x17, 0x00, 0x00, 0x00, 0x00, 0x00, 0x00, 0x00, 0x01, 0x00, 0x00, 0x00
    .byte 0x00, 0x00, 0x00, 0x00
    .close

trainerdata 673, "Alfred"
    .byte 0x00, 0x22, 0x00, 0x01, 0x17, 0x00, 0x00, 0x00, 0x00, 0x00, 0x00, 0x00, 0x01, 0x00, 0x00, 0x00
    .byte 0x00, 0x00, 0x00, 0x00
    .close

trainerdata 674, "Alfred"
    .byte 0x01, 0x22, 0x00, 0x01, 0x17, 0x00, 0x00, 0x00, 0x00, 0x00, 0x00, 0x00, 0x01, 0x00, 0x00, 0x00
    .byte 0x00, 0x00, 0x00, 0x00
    .close

trainerdata 675, "Lance"
    .byte 0x01, 0x7B, 0x00, 0x01, 0x00, 0x00, 0x00, 0x00, 0x00, 0x00, 0x00, 0x00, 0x07, 0x00, 0x00, 0x00
    .byte 0x00, 0x00, 0x00, 0x00
    .close

trainerdata 676, "Parker"
    .byte 0x01, 0x2E, 0x00, 0x02, 0x00, 0x00, 0x00, 0x00, 0x00, 0x00, 0x00, 0x00, 0x01, 0x00, 0x00, 0x00
    .byte 0x00, 0x00, 0x00, 0x00
    .close

trainerdata 677, "Eddie"
    .byte 0x01, 0x2E, 0x00, 0x01, 0x00, 0x00, 0x00, 0x00, 0x00, 0x00, 0x00, 0x00, 0x01, 0x00, 0x00, 0x00
    .byte 0x00, 0x00, 0x00, 0x00
    .close

trainerdata 678, "Joy"
    .byte 0x01, 0x2B, 0x00, 0x01, 0x00, 0x00, 0x00, 0x00, 0x00, 0x00, 0x00, 0x00, 0x01, 0x00, 0x00, 0x00
    .byte 0x00, 0x00, 0x00, 0x00
    .close

trainerdata 679, "Callie"
    .byte 0x01, 0x24, 0x00, 0x02, 0x00, 0x00, 0x00, 0x00, 0x00, 0x00, 0x00, 0x00, 0x01, 0x00, 0x00, 0x00
    .byte 0x00, 0x00, 0x00, 0x00
    .close

trainerdata 680, "Kassandra"
    .byte 0x01, 0x24, 0x00, 0x02, 0x00, 0x00, 0x00, 0x00, 0x00, 0x00, 0x00, 0x00, 0x01, 0x00, 0x00, 0x00
    .byte 0x00, 0x00, 0x00, 0x00
    .close

trainerdata 681, "Arabella"
    .byte 0x01, 0x18, 0x00, 0x02, 0x00, 0x00, 0x00, 0x00, 0x00, 0x00, 0x00, 0x00, 0x07, 0x00, 0x00, 0x00
    .byte 0x00, 0x00, 0x00, 0x00
    .close

trainerdata 682, "Bonita"
    .byte 0x01, 0x18, 0x00, 0x02, 0x00, 0x00, 0x00, 0x00, 0x00, 0x00, 0x00, 0x00, 0x07, 0x00, 0x00, 0x00
    .byte 0x00, 0x00, 0x00, 0x00
    .close

trainerdata 683, "Salma"
    .byte 0x03, 0x19, 0x00, 0x02, 0x00, 0x00, 0x00, 0x00, 0x00, 0x00, 0x00, 0x00, 0x07, 0x00, 0x00, 0x00
    .byte 0x00, 0x00, 0x00, 0x00
    .close

trainerdata 684, "Elan & Ida"
    .byte 0x03, 0x79, 0x00, 0x02, 0x00, 0x00, 0x00, 0x00, 0x00, 0x00, 0x00, 0x00, 0x07, 0x00, 0x00, 0x00
    .byte 0x02, 0x00, 0x00, 0x00
    .close

trainerdata 685, "Edwin"
    .byte 0x01, 0x09, 0x00, 0x01, 0x00, 0x00, 0x00, 0x00, 0x00, 0x00, 0x00, 0x00, 0x21, 0x00, 0x00, 0x00
    .byte 0x00, 0x00, 0x00, 0x00
    .close

trainerdata 686, "Bryce"
    .byte 0x00, 0x73, 0x00, 0x02, 0x00, 0x00, 0x00, 0x00, 0x00, 0x00, 0x00, 0x00, 0x01, 0x00, 0x00, 0x00
    .byte 0x00, 0x00, 0x00, 0x00
    .close

trainerdata 687, "Shaun"
    .byte 0x00, 0x73, 0x00, 0x02, 0x00, 0x00, 0x00, 0x00, 0x00, 0x00, 0x00, 0x00, 0x01, 0x00, 0x00, 0x00
    .byte 0x00, 0x00, 0x00, 0x00
    .close

trainerdata 688, "Cady"
    .byte 0x00, 0x38, 0x00, 0x01, 0x00, 0x00, 0x00, 0x00, 0x00, 0x00, 0x00, 0x00, 0x01, 0x00, 0x00, 0x00
    .byte 0x00, 0x00, 0x00, 0x00
    .close

trainerdata 689, "Cary"
    .byte 0x01, 0x4E, 0x00, 0x01, 0x00, 0x00, 0x00, 0x00, 0x00, 0x00, 0x00, 0x00, 0x05, 0x00, 0x00, 0x00
    .byte 0x00, 0x00, 0x00, 0x00
    .close

trainerdata 690, "Waldo"
    .byte 0x01, 0x4E, 0x00, 0x01, 0x00, 0x00, 0x00, 0x00, 0x00, 0x00, 0x00, 0x00, 0x05, 0x00, 0x00, 0x00
    .byte 0x00, 0x00, 0x00, 0x00
    .close

trainerdata 691, "Merle"
    .byte 0x01, 0x4E, 0x00, 0x01, 0x00, 0x00, 0x00, 0x00, 0x00, 0x00, 0x00, 0x00, 0x05, 0x00, 0x00, 0x00
    .byte 0x00, 0x00, 0x00, 0x00
    .close

trainerdata 692, "Lowell"
    .byte 0x01, 0x71, 0x00, 0x01, 0x00, 0x00, 0x00, 0x00, 0x00, 0x00, 0x00, 0x00, 0x05, 0x00, 0x00, 0x00
    .byte 0x00, 0x00, 0x00, 0x00
    .close

trainerdata 693, "Linden"
    .byte 0x01, 0x71, 0x00, 0x01, 0x00, 0x00, 0x00, 0x00, 0x00, 0x00, 0x00, 0x00, 0x05, 0x00, 0x00, 0x00
    .byte 0x00, 0x00, 0x00, 0x00
    .close

trainerdata 694, "Daniel"
    .byte 0x01, 0x71, 0x00, 0x01, 0x00, 0x00, 0x00, 0x00, 0x00, 0x00, 0x00, 0x00, 0x05, 0x00, 0x00, 0x00
    .byte 0x00, 0x00, 0x00, 0x00
    .close

trainerdata 695, "Dane"
    .byte 0x00, 0x06, 0x00, 0x02, 0x00, 0x00, 0x00, 0x00, 0x00, 0x00, 0x00, 0x00, 0x01, 0x00, 0x00, 0x00
    .byte 0x00, 0x00, 0x00, 0x00
    .close

trainerdata 696, "Dion"
    .byte 0x00, 0x06, 0x00, 0x01, 0x00, 0x00, 0x00, 0x00, 0x00, 0x00, 0x00, 0x00, 0x01, 0x00, 0x00, 0x00
    .byte 0x00, 0x00, 0x00, 0x00
    .close

trainerdata 697, "Stacey"
    .byte 0x00, 0x06, 0x00, 0x03, 0x00, 0x00, 0x00, 0x00, 0x00, 0x00, 0x00, 0x00, 0x01, 0x00, 0x00, 0x00
    .byte 0x00, 0x00, 0x00, 0x00
    .close

trainerdata 698, "Ellis"
    .byte 0x00, 0x06, 0x00, 0x03, 0x00, 0x00, 0x00, 0x00, 0x00, 0x00, 0x00, 0x00, 0x01, 0x00, 0x00, 0x00
    .byte 0x00, 0x00, 0x00, 0x00
    .close

trainerdata 699, "Abner"
    .byte 0x00, 0x06, 0x00, 0x03, 0x00, 0x00, 0x00, 0x00, 0x00, 0x00, 0x00, 0x00, 0x01, 0x00, 0x00, 0x00
    .byte 0x00, 0x00, 0x00, 0x00
    .close

trainerdata 700, "Giovanni"
    .byte 0x03, 0x7C, 0x00, 0x04, 0x17, 0x00, 0x00, 0x00, 0x00, 0x00, 0x00, 0x00, 0x07, 0x00, 0x00, 0x00
    .byte 0x00, 0x00, 0x00, 0x00
    .close

trainerdata 701, "Lance"
    .byte 0x03, 0x56, 0x00, 0x06, 0x17, 0x00, 0x17, 0x00, 0x17, 0x00, 0x17, 0x00, 0x07, 0x00, 0x00, 0x00
    .byte 0x00, 0x00, 0x00, 0x00
    .close

trainerdata 702, "Will"
    .byte 0x03, 0x57, 0x00, 0x06, 0x17, 0x00, 0x17, 0x00, 0x00, 0x00, 0x00, 0x00, 0x07, 0x00, 0x00, 0x00
    .byte 0x00, 0x00, 0x00, 0x00
    .close

trainerdata 703, "Koga"
    .byte 0x03, 0x59, 0x00, 0x06, 0x17, 0x00, 0x17, 0x00, 0x00, 0x00, 0x00, 0x00, 0x07, 0x00, 0x00, 0x00
    .byte 0x00, 0x00, 0x00, 0x00
    .close

trainerdata 704, "Bruno"
    .byte 0x03, 0x70, 0x00, 0x06, 0x17, 0x00, 0x17, 0x00, 0x00, 0x00, 0x00, 0x00, 0x07, 0x00, 0x00, 0x00
    .byte 0x00, 0x00, 0x00, 0x00
    .close

trainerdata 705, "Karen"
    .byte 0x03, 0x58, 0x00, 0x06, 0x17, 0x00, 0x17, 0x00, 0x00, 0x00, 0x00, 0x00, 0x07, 0x00, 0x00, 0x00
    .byte 0x00, 0x00, 0x00, 0x00
    .close

trainerdata 706, "Proton"
    .byte 0x01, 0x75, 0x00, 0x02, 0x00, 0x00, 0x00, 0x00, 0x00, 0x00, 0x00, 0x00, 0x07, 0x00, 0x00, 0x00
    .byte 0x00, 0x00, 0x00, 0x00
    .close

trainerdata 707, "Palmer"
    .byte 0x00, 0x61, 0x00, 0x01, 0x00, 0x00, 0x00, 0x00, 0x00, 0x00, 0x00, 0x00, 0x07, 0x00, 0x00, 0x00
    .byte 0x00, 0x00, 0x00, 0x00
    .close

trainerdata 708, "Argenta"
    .byte 0x00, 0x63, 0x00, 0x01, 0x00, 0x00, 0x00, 0x00, 0x00, 0x00, 0x00, 0x00, 0x07, 0x00, 0x00, 0x00
    .byte 0x00, 0x00, 0x00, 0x00
    .close

trainerdata 709, "Thorton"
    .byte 0x00, 0x64, 0x00, 0x01, 0x00, 0x00, 0x00, 0x00, 0x00, 0x00, 0x00, 0x00, 0x07, 0x00, 0x00, 0x00
    .byte 0x00, 0x00, 0x00, 0x00
    .close

trainerdata 710, "Dahlia"
    .byte 0x00, 0x65, 0x00, 0x01, 0x00, 0x00, 0x00, 0x00, 0x00, 0x00, 0x00, 0x00, 0x07, 0x00, 0x00, 0x00
    .byte 0x00, 0x00, 0x00, 0x00
    .close

trainerdata 711, "Darach"
    .byte 0x00, 0x66, 0x00, 0x01, 0x00, 0x00, 0x00, 0x00, 0x00, 0x00, 0x00, 0x00, 0x07, 0x00, 0x00, 0x00
    .byte 0x00, 0x00, 0x00, 0x00
    .close

trainerdata 712, "Falkner"
    .byte 0x03, 0x42, 0x00, 0x06, 0x17, 0x00, 0x17, 0x00, 0x17, 0x00, 0x00, 0x00, 0x07, 0x00, 0x00, 0x00
    .byte 0x00, 0x00, 0x00, 0x00
    .close

trainerdata 713, "Bugsy"
    .byte 0x03, 0x43, 0x00, 0x06, 0x17, 0x00, 0x17, 0x00, 0x17, 0x00, 0x00, 0x00, 0x07, 0x00, 0x00, 0x00
    .byte 0x00, 0x00, 0x00, 0x00
    .close

trainerdata 714, "Whitney"
    .byte 0x03, 0x46, 0x00, 0x06, 0x17, 0x00, 0x17, 0x00, 0x17, 0x00, 0x00, 0x00, 0x0F, 0x00, 0x00, 0x00
    .byte 0x00, 0x00, 0x00, 0x00
    .close

trainerdata 715, "Morty"
    .byte 0x03, 0x48, 0x00, 0x06, 0x17, 0x00, 0x17, 0x00, 0x17, 0x00, 0x00, 0x00, 0x07, 0x00, 0x00, 0x00
    .byte 0x00, 0x00, 0x00, 0x00
    .close

trainerdata 716, "Pryce"
    .byte 0x03, 0x49, 0x00, 0x06, 0x17, 0x00, 0x17, 0x00, 0x17, 0x00, 0x00, 0x00, 0x07, 0x02, 0x00, 0x00
    .byte 0x00, 0x00, 0x00, 0x00
    .close

trainerdata 717, "Jasmine"
    .byte 0x03, 0x4A, 0x00, 0x06, 0x17, 0x00, 0x17, 0x00, 0x17, 0x00, 0x00, 0x00, 0x07, 0x00, 0x00, 0x00
    .byte 0x00, 0x00, 0x00, 0x00
    .close

trainerdata 718, "Chuck"
    .byte 0x03, 0x4B, 0x00, 0x06, 0x17, 0x00, 0x17, 0x00, 0x17, 0x00, 0x00, 0x00, 0x05, 0x00, 0x00, 0x00
    .byte 0x00, 0x00, 0x00, 0x00
    .close

trainerdata 719, "Clair"
    .byte 0x03, 0x4C, 0x00, 0x06, 0x17, 0x00, 0x17, 0x00, 0x17, 0x00, 0x00, 0x00, 0x07, 0x00, 0x00, 0x00
    .byte 0x00, 0x00, 0x00, 0x00
    .close

trainerdata 720, "Brock"
    .byte 0x03, 0x62, 0x00, 0x06, 0x17, 0x00, 0x17, 0x00, 0x17, 0x00, 0x00, 0x00, 0x07, 0x00, 0x00, 0x00
    .byte 0x00, 0x00, 0x00, 0x00
    .close

trainerdata 721, "Misty"
    .byte 0x03, 0x67, 0x00, 0x06, 0x17, 0x00, 0x17, 0x00, 0x17, 0x00, 0x00, 0x00, 0x07, 0x00, 0x00, 0x00
    .byte 0x00, 0x00, 0x00, 0x00
    .close

trainerdata 722, "Lt. Surge"
    .byte 0x03, 0x68, 0x00, 0x06, 0x17, 0x00, 0x17, 0x00, 0x17, 0x00, 0x00, 0x00, 0x07, 0x00, 0x00, 0x00
    .byte 0x00, 0x00, 0x00, 0x00
    .close

trainerdata 723, "Erika"
    .byte 0x03, 0x69, 0x00, 0x06, 0x17, 0x00, 0x17, 0x00, 0x17, 0x00, 0x00, 0x00, 0x07, 0x02, 0x00, 0x00
    .byte 0x00, 0x00, 0x00, 0x00
    .close

trainerdata 724, "Janine"
    .byte 0x03, 0x6A, 0x00, 0x06, 0x17, 0x00, 0x17, 0x00, 0x17, 0x00, 0x00, 0x00, 0x07, 0x00, 0x00, 0x00
    .byte 0x00, 0x00, 0x00, 0x00
    .close

trainerdata 725, "Sabrina"
    .byte 0x03, 0x6B, 0x00, 0x06, 0x17, 0x00, 0x17, 0x00, 0x17, 0x00, 0x00, 0x00, 0x0F, 0x00, 0x00, 0x00
    .byte 0x00, 0x00, 0x00, 0x00
    .close

trainerdata 726, "Blaine"
    .byte 0x03, 0x6C, 0x00, 0x06, 0x17, 0x00, 0x17, 0x00, 0x17, 0x00, 0x00, 0x00, 0x07, 0x00, 0x00, 0x00
    .byte 0x00, 0x00, 0x00, 0x00
    .close

trainerdata 727, "Blue"
    .byte 0x03, 0x6E, 0x00, 0x06, 0x17, 0x00, 0x17, 0x00, 0x17, 0x00, 0x17, 0x00, 0x07, 0x00, 0x00, 0x00
    .byte 0x00, 0x00, 0x00, 0x00
    .close

trainerdata 728, "Charlotte"
    .byte 0x00, 0x24, 0x00, 0x01, 0x00, 0x00, 0x00, 0x00, 0x00, 0x00, 0x00, 0x00, 0x01, 0x00, 0x00, 0x00
    .byte 0x00, 0x00, 0x00, 0x00
    .close

trainerdata 729, "Duff & Eda"
    .byte 0x00, 0x7A, 0x00, 0x02, 0x00, 0x00, 0x00, 0x00, 0x00, 0x00, 0x00, 0x00, 0x01, 0x00, 0x00, 0x00
    .byte 0x02, 0x00, 0x00, 0x00
    .close

trainerdata 730, "Thom & Kae"
    .byte 0x01, 0x79, 0x00, 0x02, 0x00, 0x00, 0x00, 0x00, 0x00, 0x00, 0x00, 0x00, 0x07, 0x00, 0x00, 0x00
    .byte 0x02, 0x00, 0x00, 0x00
    .close

trainerdata 731, "Devin"
    .byte 0x00, 0x09, 0x00, 0x03, 0x00, 0x00, 0x00, 0x00, 0x00, 0x00, 0x00, 0x00, 0x21, 0x00, 0x00, 0x00
    .byte 0x00, 0x00, 0x00, 0x00
    .close

trainerdata 732, "Grant"
    .byte 0x00, 0x04, 0x00, 0x02, 0x00, 0x00, 0x00, 0x00, 0x00, 0x00, 0x00, 0x00, 0x07, 0x00, 0x00, 0x00
    .byte 0x00, 0x00, 0x00, 0x00
    .close

trainerdata 733, "Lance"
    .byte 0x03, 0x56, 0x00, 0x03, 0x17, 0x00, 0x17, 0x00, 0x00, 0x00, 0x00, 0x00, 0x07, 0x00, 0x00, 0x00
    .byte 0x00, 0x00, 0x00, 0x00
    .close

trainerdata 734, "Clair"
    .byte 0x03, 0x4C, 0x00, 0x03, 0x17, 0x00, 0x17, 0x00, 0x00, 0x00, 0x00, 0x00, 0x07, 0x00, 0x00, 0x00
    .byte 0x00, 0x00, 0x00, 0x00
    .close

trainerdata 735, "Silver"
    .byte 0x03, 0x17, 0x00, 0x03, 0x17, 0x00, 0x17, 0x00, 0x00, 0x00, 0x00, 0x00, 0x07, 0x00, 0x00, 0x00
    .byte 0x00, 0x00, 0x00, 0x00
    .close

trainerdata 736, "Silver"
    .byte 0x03, 0x17, 0x00, 0x03, 0x17, 0x00, 0x17, 0x00, 0x00, 0x00, 0x00, 0x00, 0x07, 0x00, 0x00, 0x00
    .byte 0x00, 0x00, 0x00, 0x00
    .close

trainerdata 737, "Silver"
    .byte 0x03, 0x17, 0x00, 0x03, 0x17, 0x00, 0x17, 0x00, 0x00, 0x00, 0x00, 0x00, 0x07, 0x00, 0x00, 0x00
    .byte 0x00, 0x00, 0x00, 0x00
    .close

party 0
    .byte 0x00, 0x00, 0x00, 0x00, 0x00, 0x00, 0x00, 0x00
    .close

party 1
    .byte 0x1E, 0x00, 0x0E, 0x00, 0x5C, 0x00, 0x00, 0x00, 0x1E, 0x00, 0x10, 0x00, 0x29, 0x00, 0x00, 0x00
    .byte 0x1E, 0x00, 0x12, 0x00, 0x99, 0x00, 0x00, 0x00
    .close

party 2
    .byte 0x00, 0x00, 0x05, 0x00, 0x9B, 0x00, 0x00, 0x00
    .close

party 3
    .byte 0x00, 0x00, 0x05, 0x00, 0x9E, 0x00, 0x00, 0x00
    .close

party 4
    .byte 0x00, 0x00, 0x02, 0x00, 0xCA, 0x02, 0x00, 0x00, 0x00, 0x00, 0x02, 0x00, 0x12, 0x03, 0x00, 0x00
    .byte 0x00, 0x00, 0x03, 0x00, 0x0D, 0x00, 0x00, 0x00, 0x00, 0x00, 0x02, 0x00, 0x09, 0x01, 0x00, 0x00
    .close

party 5
    .byte 0x0A, 0x20, 0x13, 0x00, 0x08, 0x01, 0x00, 0x00, 0x0A, 0x20, 0x12, 0x00, 0x90, 0x01, 0x00, 0x00
    .byte 0x0A, 0x20, 0x12, 0x00, 0xC6, 0x02, 0x00, 0x00
    .close

party 6
    .byte 0x00, 0x00, 0x12, 0x00, 0x3A, 0x00, 0x00, 0x00
    .close

party 7
    .byte 0x00, 0x00, 0x14, 0x00, 0x64, 0x00, 0x00, 0x00, 0x00, 0x20, 0x14, 0x00, 0x8D, 0x02, 0x00, 0x00
    .byte 0x00, 0x00, 0x14, 0x00, 0xCC, 0x03, 0x00, 0x00, 0x00, 0x20, 0x16, 0x00, 0x3C, 0x02, 0x00, 0x00
    .close

party 8
    .byte 0x00, 0x00, 0x04, 0x00, 0x13, 0x00, 0x00, 0x00
    .close

party 9
    .byte 0x00, 0x20, 0x20, 0x00, 0x79, 0x00, 0x00, 0x00
    .close

party 10
    .byte 0x0A, 0x20, 0x0A, 0x00, 0xA7, 0x00, 0x00, 0x00, 0x0A, 0x20, 0x0A, 0x00, 0xA5, 0x00, 0x00, 0x00
    .close

party 11
    .byte 0x00, 0x00, 0x14, 0x00, 0xBC, 0x00, 0x00, 0x00, 0x00, 0x00, 0x14, 0x00, 0x25, 0x00, 0x00, 0x00
    .byte 0x00, 0x00, 0x12, 0x00, 0xBC, 0x00, 0x00, 0x00
    .close

party 12
    .byte 0x1E, 0x20, 0x0C, 0x00, 0xB2, 0x01, 0x00, 0x00, 0x1E, 0x00, 0x0D, 0x00, 0x2E, 0x00, 0x00, 0x00
    .byte 0x1E, 0x00, 0x0D, 0x00, 0x27, 0x03, 0x00, 0x00
    .close

party 13
    .byte 0x1E, 0x00, 0x0D, 0x00, 0x29, 0x00, 0x00, 0x00, 0x1E, 0x00, 0x0E, 0x00, 0x17, 0x00, 0x00, 0x00
    .close

party 14
    .byte 0x00, 0x00, 0x28, 0x00, 0x50, 0x01, 0x00, 0x00, 0x00, 0x00, 0x28, 0x00, 0xD3, 0x01, 0x00, 0x00
    .byte 0x00, 0x00, 0x28, 0x00, 0xDD, 0x01, 0x00, 0x00
    .close

party 15
    .byte 0x00, 0x00, 0x2B, 0x00, 0x7E, 0x00, 0x00, 0x00, 0x00, 0x00, 0x28, 0x00, 0x6E, 0x00, 0x00, 0x00
    .byte 0x00, 0x00, 0x2F, 0x00, 0x43, 0x01, 0x00, 0x00
    .close

party 16
    .byte 0x00, 0x00, 0x1F, 0x00, 0x48, 0x00, 0x00, 0x00, 0x00, 0x20, 0x1F, 0x00, 0x49, 0x00, 0x00, 0x00
    .close

party 17
    .byte 0x1E, 0x00, 0x29, 0x00, 0x48, 0x02, 0x00, 0x00
    .close

party 18
    .byte 0x00, 0x00, 0x08, 0x00, 0x5D, 0x01, 0x00, 0x00, 0x00, 0x00, 0x08, 0x00, 0xC8, 0x01, 0x00, 0x00
    .byte 0x00, 0x00, 0x0F, 0x00, 0x81, 0x00, 0x00, 0x00, 0x00, 0x00, 0x08, 0x00, 0x76, 0x00, 0x00, 0x00
    .close

party 19
    .byte 0x00, 0x00, 0x14, 0x00, 0x6D, 0x00, 0x00, 0x00, 0x00, 0x00, 0x14, 0x00, 0x6D, 0x00, 0x00, 0x00
    .byte 0x00, 0x00, 0x14, 0x00, 0x6D, 0x00, 0x00, 0x00
    .close

party 20
    .byte 0x32, 0x00, 0x0C, 0x00, 0xA3, 0x00, 0x00, 0x00, 0x21, 0x00, 0x40, 0x00, 0x5F, 0x00, 0xF4, 0x01
    .byte 0x00, 0x00, 0x32, 0x00, 0x0C, 0x00, 0x54, 0x00, 0x00, 0x00, 0x62, 0x00, 0xBD, 0x00, 0x40, 0x00
    .byte 0x2D, 0x00, 0x00, 0x00, 0x32, 0x00, 0x0D, 0x00, 0xA4, 0x00, 0x00, 0x00, 0x21, 0x00, 0x63, 0x01
    .byte 0x40, 0x00, 0xD2, 0x01, 0x00, 0x00
    .close

party 21
    .byte 0x50, 0x20, 0x11, 0x00, 0x7B, 0x00, 0x9E, 0x00, 0x62, 0x00, 0x2B, 0x00, 0x71, 0x01, 0x11, 0x00
    .byte 0x00, 0x00, 0x50, 0x00, 0x0F, 0x00, 0xA8, 0x00, 0x00, 0x00, 0xB9, 0x00, 0x66, 0x02, 0xA9, 0x01
    .byte 0x0E, 0x00, 0x00, 0x00, 0x50, 0x00, 0x0F, 0x00, 0xA6, 0x00, 0x00, 0x00, 0x21, 0x00, 0x30, 0x00
    .byte 0xB7, 0x00, 0x3E, 0x01, 0x00, 0x00
    .close

party 22
    .byte 0x0A, 0x00, 0x14, 0x00, 0xD1, 0x00, 0xA7, 0x01, 0xA8, 0x01, 0xA6, 0x01, 0x2C, 0x00, 0x00, 0x00
    .close

party 23
    .byte 0x00, 0x20, 0x0D, 0x00, 0x4F, 0x00, 0x00, 0x00
    .close

party 24
    .byte 0x00, 0x00, 0x16, 0x00, 0x72, 0x00, 0x00, 0x00
    .close

party 25
    .byte 0x00, 0x20, 0x0C, 0x00, 0x4A, 0x00, 0x00, 0x00, 0x00, 0x20, 0x0C, 0x00, 0x3E, 0x02, 0x00, 0x00
    .byte 0x00, 0x20, 0x0C, 0x00, 0x43, 0x02, 0x00, 0x00
    .close

party 26
    .byte 0x00, 0x20, 0x0C, 0x00, 0x20, 0x00, 0x00, 0x00
    .close

party 27
    .byte 0x00, 0x20, 0x0C, 0x00, 0x1D, 0x00, 0x00, 0x00
    .close

party 28
    .byte 0x32, 0x20, 0x2D, 0x00, 0x2F, 0x00, 0x8D, 0x00, 0x93, 0x00, 0xA5, 0x01, 0x0E, 0x00, 0x00, 0x00
    .byte 0x32, 0x20, 0x2D, 0x00, 0x5E, 0x01, 0x41, 0x02, 0x88, 0x01, 0x60, 0x01, 0x1F, 0x01, 0x00, 0x00
    .byte 0x32, 0x00, 0x2D, 0x00, 0x83, 0x02, 0x65, 0x00, 0x69, 0x00, 0xF7, 0x00, 0x39, 0x00, 0x00, 0x00
    .close

party 29
    .byte 0x1E, 0x00, 0x0A, 0x00, 0x10, 0x00, 0x00, 0x00, 0x1E, 0x00, 0x0A, 0x00, 0xC7, 0x02, 0x00, 0x00
    .close

party 30
    .byte 0x64, 0x00, 0x13, 0x00, 0xA2, 0x00, 0x00, 0x00, 0x62, 0x00, 0xEC, 0x01, 0x61, 0x00, 0x9A, 0x00
    .byte 0x00, 0x00, 0x64, 0x20, 0x14, 0x00, 0xA8, 0x01, 0x00, 0x00, 0x9A, 0x00, 0x41, 0x01, 0x61, 0x00
    .byte 0xE2, 0x00, 0x00, 0x00, 0x64, 0x20, 0x15, 0x00, 0xF1, 0x00, 0x9D, 0x00, 0xCD, 0x00, 0xD5, 0x00
    .byte 0x17, 0x00, 0xD0, 0x00, 0x00, 0x00
    .close

party 31
    .byte 0x64, 0x00, 0x1A, 0x00, 0x5C, 0x00, 0x00, 0x00, 0x5F, 0x00, 0xB4, 0x00, 0xD4, 0x00, 0xAE, 0x00
    .byte 0x00, 0x00, 0x64, 0x00, 0x1A, 0x00, 0xC8, 0x00, 0x00, 0x00, 0xFD, 0x01, 0x6D, 0x00, 0x41, 0x02
    .byte 0x95, 0x00, 0x00, 0x00, 0x64, 0x00, 0x1A, 0x00, 0x5E, 0x00, 0x9E, 0x00, 0x5F, 0x00, 0xF7, 0x00
    .byte 0xD4, 0x00, 0x85, 0x01, 0x00, 0x00, 0x64, 0x00, 0x1B, 0x00, 0xAD, 0x01, 0x00, 0x00, 0x98, 0x01
    .byte 0x56, 0x02, 0xFD, 0x01, 0x59, 0x01, 0x00, 0x00
    .close

party 32
    .byte 0x96, 0x00, 0x24, 0x00, 0xD7, 0x00, 0x00, 0x00, 0xD7, 0x01, 0xE8, 0x00, 0xA4, 0x01, 0xB9, 0x00
    .byte 0x00, 0x00, 0x96, 0x00, 0x26, 0x00, 0x57, 0x00, 0x00, 0x00, 0xD6, 0x00, 0xA4, 0x01, 0x3E, 0x00
    .byte 0x9C, 0x00, 0x00, 0x00, 0x96, 0x20, 0x25, 0x00, 0xCC, 0x01, 0x44, 0x02, 0xA4, 0x01, 0x4B, 0x00
    .byte 0xC4, 0x01, 0xCF, 0x00, 0x00, 0x00, 0x96, 0x20, 0x25, 0x00, 0xE1, 0x00, 0x9E, 0x00, 0xD9, 0x00
    .byte 0x41, 0x00, 0xA3, 0x01, 0xA4, 0x00, 0x00, 0x00, 0x96, 0x20, 0x28, 0x00, 0xD9, 0x01, 0x9E, 0x00
    .byte 0x02, 0x01, 0xA7, 0x01, 0x59, 0x00, 0xA4, 0x01, 0x00, 0x00
    .close

party 33
    .byte 0x96, 0x20, 0x28, 0x00, 0xE3, 0x00, 0x00, 0x00, 0x2E, 0x00, 0xD3, 0x00, 0xBE, 0x01, 0xBF, 0x00
    .byte 0x00, 0x00, 0x96, 0x00, 0x26, 0x00, 0x52, 0x00, 0x00, 0x00, 0x55, 0x00, 0x30, 0x00, 0xA1, 0x00
    .byte 0x56, 0x00, 0x00, 0x00, 0x96, 0x20, 0x25, 0x00, 0xD4, 0x00, 0xB8, 0x00, 0xA2, 0x01, 0x11, 0x00
    .byte 0xD2, 0x00, 0x0E, 0x00, 0x00, 0x00, 0x96, 0x20, 0x27, 0x00, 0xCD, 0x00, 0x00, 0x00, 0xDE, 0x01
    .byte 0xE7, 0x01, 0xC2, 0x01, 0x75, 0x00, 0x00, 0x00, 0x96, 0x20, 0x28, 0x00, 0xD0, 0x00, 0x29, 0x02
    .byte 0x67, 0x00, 0x5B, 0x00, 0x58, 0x00, 0x68, 0x01, 0x00, 0x00
    .close

party 34
    .byte 0x96, 0x00, 0x21, 0x00, 0xED, 0x00, 0x00, 0x00, 0x85, 0x01, 0xA7, 0x00, 0xC5, 0x00, 0xFC, 0x00
    .byte 0x00, 0x00, 0x96, 0x00, 0x21, 0x00, 0xD6, 0x00, 0x9E, 0x00, 0x1E, 0x00, 0x18, 0x01, 0x2A, 0x00
    .byte 0x4C, 0x01, 0x00, 0x00, 0x96, 0x00, 0x22, 0x00, 0x39, 0x00, 0x00, 0x00, 0x74, 0x00, 0xEE, 0x00
    .byte 0x7C, 0x03, 0xCF, 0x00, 0x00, 0x00, 0x96, 0x00, 0x23, 0x00, 0x3E, 0x00, 0x9E, 0x00, 0x5F, 0x00
    .byte 0x39, 0x00, 0x08, 0x01, 0x22, 0x00, 0x00, 0x00
    .close

party 35
    .byte 0xC8, 0x00, 0x2A, 0x00, 0x82, 0x00, 0x24, 0x02, 0x7F, 0x00, 0x52, 0x00, 0x2C, 0x00, 0x96, 0x01
    .byte 0x00, 0x00, 0xC8, 0x00, 0x2A, 0x00, 0x94, 0x00, 0x00, 0x00, 0x56, 0x00, 0x7E, 0x00, 0x15, 0x00
    .byte 0x96, 0x01, 0x00, 0x00, 0xC8, 0x00, 0x2B, 0x00, 0x3E, 0x03, 0x00, 0x00, 0x96, 0x01, 0x46, 0x01
    .byte 0x71, 0x00, 0xF4, 0x01, 0x00, 0x00, 0xC8, 0x20, 0x2C, 0x00, 0x8E, 0x00, 0x9E, 0x00, 0xA6, 0x01
    .byte 0xA8, 0x01, 0xA7, 0x01, 0x11, 0x00, 0x00, 0x00, 0xC8, 0x20, 0x2D, 0x00, 0xE6, 0x00, 0x9E, 0x00
    .byte 0x6C, 0x00, 0x38, 0x00, 0x3F, 0x00, 0x96, 0x01, 0x00, 0x00
    .close

party 36
    .byte 0x32, 0x00, 0x2D, 0x00, 0x3D, 0x02, 0x62, 0x00, 0xEB, 0x01, 0x13, 0x02, 0x56, 0x00, 0x00, 0x00
    .byte 0x32, 0x00, 0x2D, 0x00, 0x04, 0x01, 0x59, 0x00, 0x9D, 0x00, 0x39, 0x00, 0xF0, 0x00, 0x00, 0x00
    .close

party 37
    .byte 0x00, 0x00, 0x1F, 0x00, 0x26, 0x02, 0x00, 0x00, 0x00, 0x00, 0x1F, 0x00, 0x88, 0x01, 0x00, 0x00
    .close

party 38
    .byte 0x00, 0x20, 0x2D, 0x00, 0x23, 0x00, 0x00, 0x00
    .close

party 39
    .byte 0x00, 0x00, 0x1D, 0x00, 0x3D, 0x00, 0x00, 0x00, 0x00, 0x20, 0x1E, 0x00, 0x90, 0x01, 0x00, 0x00
    .byte 0x00, 0x20, 0x1E, 0x00, 0x63, 0x00, 0x00, 0x00
    .close

party 40
    .byte 0x00, 0x00, 0x14, 0x00, 0x58, 0x00, 0x00, 0x00
    .close

party 41
    .byte 0x00, 0x00, 0x2A, 0x00, 0x7D, 0x00, 0x00, 0x00
    .close

party 42
    .byte 0x00, 0x00, 0x1A, 0x00, 0xCB, 0x00, 0x00, 0x00
    .close

party 43
    .byte 0x00, 0x00, 0x05, 0x00, 0x25, 0x00, 0x00, 0x00, 0x00, 0x00, 0x05, 0x00, 0xEB, 0x03, 0x00, 0x00
    .byte 0x00, 0x00, 0x05, 0x00, 0xB6, 0x01, 0x00, 0x00
    .close

party 44
    .byte 0x00, 0x00, 0x1A, 0x00, 0x1A, 0x00, 0x68, 0x00, 0x62, 0x00, 0x27, 0x00, 0x54, 0x00, 0x00, 0x00
    .close

party 45
    .byte 0x00, 0x00, 0x1F, 0x00, 0xA1, 0x01, 0x68, 0x00, 0x62, 0x00, 0x27, 0x00, 0x54, 0x00, 0x00, 0x00
    .close

party 46
    .byte 0x0A, 0x00, 0x19, 0x00, 0xF6, 0x02, 0x00, 0x00, 0x0A, 0x00, 0x19, 0x00, 0xF8, 0x02, 0x00, 0x00
    .byte 0x0A, 0x00, 0x17, 0x00, 0x3F, 0x03, 0x00, 0x00
    .close

party 47
    .byte 0x00, 0x00, 0x02, 0x00, 0x10, 0x00, 0x00, 0x00, 0x00, 0x20, 0x04, 0x00, 0x13, 0x00, 0x00, 0x00
    .close

party 48
    .byte 0x00, 0x00, 0x28, 0x00, 0x0F, 0x00, 0x00, 0x00, 0x00, 0x00, 0x27, 0x00, 0x0C, 0x00, 0x00, 0x00
    .close

party 49
    .byte 0x00, 0x00, 0x0B, 0x00, 0xC5, 0x02, 0x00, 0x00, 0x00, 0x00, 0x0B, 0x00, 0x29, 0x00, 0x00, 0x00
    .close

party 50
    .byte 0x1E, 0x00, 0x0B, 0x00, 0x15, 0x00, 0x00, 0x00
    .close

party 51
    .byte 0x00, 0x00, 0x04, 0x00, 0x2B, 0x00, 0x00, 0x00, 0x00, 0x00, 0x04, 0x00, 0x56, 0x02, 0x00, 0x00
    .byte 0x00, 0x00, 0x06, 0x00, 0x45, 0x00, 0x00, 0x00
    .close

party 52
    .byte 0x00, 0x00, 0x05, 0x00, 0x33, 0x01, 0x00, 0x00, 0x00, 0x00, 0x05, 0x00, 0x28, 0x01, 0x00, 0x00
    .byte 0x00, 0x00, 0x06, 0x00, 0x46, 0x02, 0x00, 0x00
    .close

party 53
    .byte 0x00, 0x00, 0x07, 0x00, 0x45, 0x00, 0x00, 0x00
    .close

party 54
    .byte 0x00, 0x00, 0x07, 0x00, 0x5C, 0x00, 0x00, 0x00, 0x00, 0x20, 0x07, 0x00, 0xA3, 0x00, 0x00, 0x00
    .close

party 55
    .byte 0x00, 0x00, 0x07, 0x00, 0x5C, 0x02, 0x00, 0x00
    .close

party 56
    .byte 0x00, 0x20, 0x0D, 0x00, 0xC2, 0x00, 0x00, 0x00
    .close

party 57
    .byte 0x00, 0x00, 0x0D, 0x00, 0x76, 0x00, 0x00, 0x00
    .close

party 58
    .byte 0x00, 0x00, 0x2C, 0x00, 0x5A, 0x00, 0x00, 0x00
    .close

party 59
    .byte 0x00, 0x00, 0x27, 0x00, 0x76, 0x00, 0x00, 0x00, 0x00, 0x00, 0x23, 0x00, 0xD3, 0x00, 0x00, 0x00
    .byte 0x00, 0x00, 0x27, 0x00, 0x76, 0x00, 0x00, 0x00
    .close

party 60
    .byte 0x00, 0x00, 0x0D, 0x00, 0x3C, 0x00, 0x00, 0x00, 0x00, 0x20, 0x0D, 0x00, 0xE4, 0x02, 0x00, 0x00
    .close

party 61
    .byte 0x00, 0x00, 0x0B, 0x00, 0x98, 0x01, 0x00, 0x00, 0x00, 0x20, 0x0B, 0x00, 0x9A, 0x01, 0x00, 0x00
    .close

party 62
    .byte 0x00, 0x20, 0x11, 0x00, 0x8F, 0x01, 0x00, 0x00, 0x00, 0x00, 0x10, 0x00, 0x1B, 0x00, 0x00, 0x00
    .byte 0x00, 0x00, 0x11, 0x00, 0x67, 0x03, 0x00, 0x00, 0x00, 0x00, 0x10, 0x00, 0x39, 0x02, 0x00, 0x00
    .close

party 63
    .byte 0x1E, 0x00, 0x0E, 0x00, 0x6D, 0x00, 0x00, 0x00
    .close

party 64
    .byte 0x00, 0x00, 0x10, 0x00, 0x38, 0x00, 0x74, 0x00, 0x0A, 0x00, 0x43, 0x00, 0x2B, 0x00, 0x00, 0x00
    .byte 0x00, 0x00, 0x0F, 0x00, 0x32, 0x00, 0x36, 0x01, 0x2D, 0x00, 0x0A, 0x00, 0x1C, 0x00, 0x00, 0x00
    .close

party 65
    .byte 0x00, 0x00, 0x0D, 0x00, 0xFC, 0x00, 0x00, 0x00, 0x00, 0x00, 0x0D, 0x00, 0xBB, 0x00, 0x00, 0x00
    .byte 0x00, 0x00, 0x0D, 0x00, 0x01, 0x00, 0x00, 0x00
    .close

party 66
    .byte 0x00, 0x00, 0x13, 0x00, 0x36, 0x00, 0x00, 0x00
    .close

party 67
    .byte 0x0A, 0x00, 0x0D, 0x00, 0x0D, 0x00, 0x00, 0x00, 0x0A, 0x00, 0x0E, 0x00, 0x0E, 0x00, 0x00, 0x00
    .byte 0x0A, 0x00, 0x0F, 0x00, 0x0F, 0x00, 0x00, 0x00
    .close

party 68
    .byte 0x0A, 0x00, 0x0F, 0x00, 0x91, 0x01, 0x00, 0x00, 0x0A, 0x00, 0x0F, 0x00, 0x9C, 0x01, 0x00, 0x00
    .close

party 69
    .byte 0x0A, 0x00, 0x10, 0x00, 0x2E, 0x00, 0x00, 0x00
    .close

party 70
    .byte 0x0A, 0x20, 0x13, 0x00, 0x26, 0x01, 0xF4, 0x01, 0x50, 0x01, 0x36, 0x01, 0x2C, 0x00, 0x00, 0x00
    .byte 0x0A, 0x20, 0x10, 0x00, 0x6F, 0x02, 0x20, 0x02, 0x41, 0x01, 0x5E, 0x01, 0x4B, 0x01, 0x00, 0x00
    .close

party 71
    .byte 0x0A, 0x00, 0x13, 0x00, 0x27, 0x00, 0x00, 0x00, 0x0A, 0x00, 0x13, 0x00, 0x23, 0x00, 0x00, 0x00
    .byte 0x0A, 0x00, 0x14, 0x00, 0x29, 0x03, 0x00, 0x00
    .close

party 72
    .byte 0x32, 0x00, 0x14, 0x00, 0xDE, 0x03, 0x00, 0x00, 0x32, 0x00, 0x15, 0x00, 0x68, 0x03, 0x00, 0x00
    .close

party 73
    .byte 0x32, 0x00, 0x1F, 0x00, 0x12, 0x00, 0x00, 0x00, 0x32, 0x20, 0x1F, 0x00, 0x15, 0x01, 0x00, 0x00
    .byte 0x32, 0x00, 0x1F, 0x00, 0xC9, 0x02, 0x00, 0x00, 0x32, 0x20, 0x1F, 0x00, 0x8E, 0x01, 0x00, 0x00
    .byte 0x32, 0x00, 0x1F, 0x00, 0x69, 0x03, 0x00, 0x00
    .close

party 74
    .byte 0x00, 0x00, 0x14, 0x00, 0xAB, 0x01, 0x00, 0x00, 0x00, 0x00, 0x14, 0x00, 0xDE, 0x02, 0x00, 0x00
    .byte 0x00, 0x00, 0x14, 0x00, 0xDC, 0x02, 0x00, 0x00
    .close

party 75
    .byte 0x00, 0x00, 0x14, 0x00, 0x1C, 0x00, 0x00, 0x00, 0x00, 0x00, 0x14, 0x00, 0xB8, 0x00, 0x00, 0x00
    .close

party 76
    .byte 0x00, 0x00, 0x15, 0x00, 0x19, 0x00, 0x54, 0x00, 0x2D, 0x00, 0x62, 0x00, 0x68, 0x00, 0x00, 0x00
    .close

party 77
    .byte 0x00, 0x00, 0x14, 0x00, 0x26, 0x00, 0x00, 0x00
    .close

party 78
    .byte 0x00, 0x00, 0x15, 0x00, 0x31, 0x00, 0x00, 0x00
    .close

party 79
    .byte 0x00, 0x20, 0x27, 0x00, 0xA8, 0x00, 0x00, 0x00, 0x00, 0x20, 0x28, 0x00, 0x7F, 0x00, 0x00, 0x00
    .close

party 80
    .byte 0x00, 0x00, 0x12, 0x00, 0x3A, 0x00, 0x00, 0x00, 0x00, 0x00, 0x13, 0x00, 0x3B, 0x00, 0x00, 0x00
    .close

party 81
    .byte 0x00, 0x00, 0x17, 0x00, 0xB8, 0x00, 0x00, 0x00, 0x00, 0x00, 0x17, 0x00, 0xB4, 0x00, 0x00, 0x00
    .close

party 82
    .byte 0x32, 0x20, 0x1B, 0x00, 0x55, 0x00, 0x00, 0x00, 0x32, 0x20, 0x1B, 0x00, 0x17, 0x01, 0x00, 0x00
    .byte 0x32, 0x20, 0x1B, 0x00, 0xE3, 0x00, 0x00, 0x00
    .close

party 83
    .byte 0x00, 0x20, 0x30, 0x00, 0x1F, 0x00, 0x8E, 0x01, 0x9E, 0x01, 0x22, 0x00, 0x18, 0x00, 0x00, 0x00
    .close

party 84
    .byte 0x00, 0x20, 0x30, 0x00, 0x22, 0x00, 0x8E, 0x01, 0x74, 0x00, 0x9E, 0x01, 0x9B, 0x01, 0x00, 0x00
    .close

party 85
    .byte 0x00, 0x20, 0x1F, 0x00, 0xE6, 0x02, 0x00, 0x00, 0x00, 0x20, 0x20, 0x00, 0x83, 0x02, 0x00, 0x00
    .close

party 86
    .byte 0x00, 0x00, 0x1E, 0x00, 0x5A, 0x00, 0x30, 0x00, 0x4D, 0x01, 0x6E, 0x00, 0x21, 0x00, 0x00, 0x00
    .byte 0x00, 0x00, 0x1E, 0x00, 0x08, 0x00, 0xE5, 0x00, 0x2C, 0x00, 0x37, 0x00, 0x27, 0x00, 0x00, 0x00
    .byte 0x00, 0x20, 0x1F, 0x00, 0x5B, 0x00, 0x30, 0x00, 0x4D, 0x01, 0x6E, 0x00, 0x19, 0x02, 0x00, 0x00
    .close

party 87
    .byte 0x00, 0x00, 0x16, 0x00, 0x5D, 0x00, 0x00, 0x00
    .close

party 88
    .byte 0x00, 0x00, 0x10, 0x00, 0x5C, 0x00, 0x00, 0x00, 0x00, 0x00, 0x10, 0x00, 0x5C, 0x00, 0x00, 0x00
    .byte 0x00, 0x00, 0x10, 0x00, 0x5C, 0x00, 0x00, 0x00, 0x00, 0x00, 0x10, 0x00, 0x5C, 0x00, 0x00, 0x00
    .byte 0x00, 0x00, 0x10, 0x00, 0x5C, 0x00, 0x00, 0x00
    .close

party 89
    .byte 0x0A, 0x00, 0x19, 0x00, 0x92, 0x02, 0x00, 0x00, 0x0A, 0x00, 0x19, 0x00, 0x5D, 0x00, 0x00, 0x00
    .close

party 90
    .byte 0x00, 0x20, 0x21, 0x00, 0x3D, 0x03, 0x60, 0x01, 0xC5, 0x01, 0x91, 0x01, 0x95, 0x00, 0x00, 0x00
    .byte 0x00, 0x00, 0x20, 0x00, 0x77, 0x02, 0x60, 0x01, 0x63, 0x01, 0xB0, 0x01, 0x4C, 0x01, 0x00, 0x00
    .byte 0x00, 0x20, 0x22, 0x00, 0x71, 0x01, 0x91, 0x01, 0x19, 0x01, 0x3D, 0x01, 0x6A, 0x00, 0x00, 0x00
    .close

party 91
    .byte 0x00, 0x00, 0x22, 0x00, 0xAB, 0x00, 0x30, 0x00, 0x3D, 0x00, 0x44, 0x01, 0xB3, 0x01, 0x00, 0x00
    .byte 0x00, 0x00, 0x22, 0x00, 0x83, 0x00, 0xC3, 0x00, 0x6A, 0x01, 0x6D, 0x00, 0xA4, 0x01, 0x00, 0x00
    .close

party 92
    .byte 0x00, 0x00, 0x16, 0x00, 0x56, 0x00, 0x00, 0x00
    .close

party 93
    .byte 0x00, 0x20, 0x14, 0x00, 0x78, 0x00, 0x00, 0x00, 0x00, 0x20, 0x14, 0x00, 0x79, 0x00, 0x00, 0x00
    .close

party 94
    .byte 0x00, 0x00, 0x15, 0x00, 0x74, 0x00, 0x91, 0x00, 0x6C, 0x00, 0x2B, 0x00, 0x3D, 0x00, 0x00, 0x00
    .byte 0x00, 0x20, 0x15, 0x00, 0x74, 0x00, 0x74, 0x00, 0x6C, 0x00, 0x2B, 0x00, 0x3D, 0x00, 0x00, 0x00
    .close

party 95
    .byte 0x00, 0x20, 0x1F, 0x00, 0x81, 0x03, 0x00, 0x00, 0x00, 0x00, 0x20, 0x00, 0x3F, 0x01, 0x00, 0x00
    .byte 0x00, 0x20, 0x21, 0x00, 0xE3, 0x02, 0x00, 0x00
    .close

party 96
    .byte 0x00, 0x00, 0x1F, 0x00, 0x82, 0x00, 0x00, 0x00, 0x00, 0x20, 0x1F, 0x00, 0x86, 0x00, 0x00, 0x00
    .byte 0x00, 0x00, 0x1F, 0x00, 0x10, 0x01, 0x00, 0x00, 0x00, 0x20, 0x1F, 0x00, 0xDE, 0x00, 0x00, 0x00
    .byte 0x00, 0x00, 0x1F, 0x00, 0xE2, 0x00, 0x00, 0x00, 0x00, 0x00, 0x1F, 0x00, 0xE0, 0x00, 0x00, 0x00
    .close

party 97
    .byte 0x00, 0x00, 0x17, 0x00, 0xD3, 0x00, 0x00, 0x00
    .close

party 98
    .byte 0x00, 0x00, 0x14, 0x00, 0x82, 0x00, 0x00, 0x00, 0x00, 0x00, 0x14, 0x00, 0x82, 0x00, 0x00, 0x00
    .close

party 99
    .byte 0x00, 0x00, 0x21, 0x00, 0x56, 0x01, 0x00, 0x00
    .close

party 100
    .byte 0x00, 0x00, 0x21, 0x00, 0x4B, 0x00, 0x00, 0x00, 0x00, 0x20, 0x20, 0x00, 0x43, 0x00, 0x00, 0x00
    .close

party 101
    .byte 0x1E, 0x20, 0x0D, 0x00, 0x13, 0x00, 0x00, 0x00, 0x1E, 0x20, 0x0B, 0x00, 0x58, 0x00, 0x00, 0x00
    .close

party 102
    .byte 0x32, 0x00, 0x20, 0x00, 0x47, 0x00, 0x23, 0x00, 0x5C, 0x00, 0x33, 0x00, 0x4B, 0x00, 0x00, 0x00
    .byte 0x32, 0x00, 0x20, 0x00, 0x63, 0x00, 0x3D, 0x00, 0x17, 0x00, 0x0C, 0x00, 0xB6, 0x00, 0x00, 0x00
    .byte 0x32, 0x00, 0x20, 0x00, 0x88, 0x00, 0x1C, 0x00, 0x62, 0x00, 0x2C, 0x00, 0x34, 0x00, 0x00, 0x00
    .close

party 103
    .byte 0x32, 0x20, 0x2C, 0x00, 0xCE, 0x01, 0x55, 0x00, 0x30, 0x00, 0xBB, 0x01, 0x67, 0x00, 0x00, 0x00
    .byte 0x32, 0x20, 0x2C, 0x00, 0x4B, 0x02, 0x3D, 0x00, 0x99, 0x01, 0xF0, 0x00, 0x55, 0x01, 0x00, 0x00
    .byte 0x32, 0x00, 0x2C, 0x00, 0x66, 0x00, 0x49, 0x00, 0x46, 0x01, 0x4F, 0x00, 0xCA, 0x00, 0x00, 0x00
    .close

party 104
    .byte 0x32, 0x00, 0x2D, 0x00, 0xB5, 0x00, 0xB3, 0x01, 0x44, 0x01, 0xB2, 0x00, 0x21, 0x00, 0x00, 0x00
    .close

party 105
    .byte 0x00, 0x00, 0x0A, 0x00, 0x01, 0x00, 0x00, 0x00, 0x00, 0x00, 0x0A, 0x00, 0x04, 0x00, 0x00, 0x00
    .byte 0x00, 0x00, 0x0A, 0x00, 0x07, 0x00, 0x00, 0x00
    .close

party 106
    .byte 0x00, 0x00, 0x0A, 0x00, 0x01, 0x00, 0x00, 0x00, 0x00, 0x00, 0x0A, 0x00, 0x04, 0x00, 0x00, 0x00
    .byte 0x00, 0x00, 0x0A, 0x00, 0x07, 0x00, 0x00, 0x00
    .close

party 107
    .byte 0x00, 0x00, 0x0A, 0x00, 0x01, 0x00, 0x00, 0x00, 0x00, 0x00, 0x0A, 0x00, 0x04, 0x00, 0x00, 0x00
    .byte 0x00, 0x00, 0x0A, 0x00, 0x07, 0x00, 0x00, 0x00
    .close

party 108
    .byte 0x32, 0x00, 0x28, 0x00, 0xD8, 0x01, 0xD2, 0x00, 0x03, 0x02, 0x71, 0x01, 0x90, 0x01, 0x00, 0x00
    .byte 0x32, 0x00, 0x28, 0x00, 0xD2, 0x01, 0x09, 0x00, 0x43, 0x00, 0x81, 0x00, 0x67, 0x00, 0x00, 0x00
    .close

party 109
    .byte 0x32, 0x00, 0x24, 0x00, 0x03, 0x00, 0x00, 0x00, 0x32, 0x00, 0x24, 0x00, 0x06, 0x00, 0x00, 0x00
    .byte 0x32, 0x00, 0x24, 0x00, 0x09, 0x00, 0x00, 0x00
    .close

party 110
    .byte 0x3C, 0x00, 0x28, 0x00, 0x94, 0x00, 0x00, 0x00, 0x3C, 0x20, 0x28, 0x00, 0x75, 0x00, 0x00, 0x00
    .byte 0x3C, 0x00, 0x28, 0x00, 0xBC, 0x01, 0x00, 0x00
    .close

party 111
    .byte 0x3C, 0x00, 0x2B, 0x00, 0x74, 0x01, 0x00, 0x00
    .close

party 112
    .byte 0x3C, 0x00, 0x28, 0x00, 0x9F, 0x02, 0x00, 0x00, 0x3C, 0x20, 0x28, 0x00, 0x3A, 0x03, 0x00, 0x00
    .close

party 113
    .byte 0x32, 0x20, 0x2D, 0x00, 0x4E, 0x00, 0x17, 0x00, 0x53, 0x00, 0x05, 0x01, 0x61, 0x00, 0x00, 0x00
    .byte 0x32, 0x00, 0x2D, 0x00, 0xB5, 0x00, 0xB3, 0x01, 0xB2, 0x00, 0x56, 0x00, 0x0C, 0x01, 0x00, 0x00
    .close

party 114
    .byte 0x32, 0x00, 0x24, 0x00, 0x3A, 0x00, 0x00, 0x00, 0x32, 0x00, 0x21, 0x00, 0x1E, 0x00, 0x00, 0x00
    .byte 0x32, 0x00, 0x24, 0x00, 0x78, 0x00, 0x00, 0x00
    .close

party 115
    .byte 0x32, 0x00, 0x2C, 0x00, 0x85, 0x01, 0x59, 0x00, 0xC4, 0x01, 0x6E, 0x00, 0xF2, 0x00, 0x00, 0x00
    .byte 0x32, 0x00, 0x2C, 0x00, 0x06, 0x03, 0xA9, 0x01, 0x4B, 0x00, 0x85, 0x01, 0x5C, 0x01, 0x00, 0x00
    .byte 0x32, 0x00, 0x2C, 0x00, 0xFE, 0x00, 0x94, 0x01, 0x5C, 0x01, 0x90, 0x01, 0x15, 0x02, 0x00, 0x00
    .close

party 116
    .byte 0x32, 0x00, 0x22, 0x00, 0xB5, 0x00, 0x54, 0x00, 0xB2, 0x00, 0x56, 0x00, 0x0C, 0x01, 0x00, 0x00
    .byte 0x32, 0x00, 0x22, 0x00, 0x26, 0x00, 0x35, 0x00, 0x62, 0x00, 0x6D, 0x00, 0xA1, 0x01, 0x00, 0x00
    .close

party 117
    .byte 0x3C, 0x00, 0x29, 0x00, 0xAC, 0x02, 0x00, 0x00, 0x3C, 0x00, 0x29, 0x00, 0xF3, 0x02, 0x00, 0x00
    .close

party 118
    .byte 0x32, 0x00, 0x1A, 0x00, 0x5A, 0x00, 0x00, 0x00, 0x32, 0x00, 0x1C, 0x00, 0x5B, 0x00, 0x00, 0x00
    .close

party 119
    .byte 0x3C, 0x20, 0x2C, 0x00, 0x41, 0x03, 0x00, 0x00
    .close

party 120
    .byte 0x32, 0x00, 0x16, 0x00, 0x76, 0x00, 0x00, 0x00, 0x32, 0x00, 0x18, 0x00, 0x77, 0x00, 0x00, 0x00
    .close

party 121
    .byte 0x32, 0x00, 0x28, 0x00, 0xB8, 0x00, 0x00, 0x00, 0x32, 0x00, 0x28, 0x00, 0x09, 0x00, 0x00, 0x00
    .byte 0x32, 0x00, 0x28, 0x00, 0x8B, 0x01, 0x00, 0x00
    .close

party 122
    .byte 0x00, 0x00, 0x20, 0x00, 0x74, 0x03, 0xC9, 0x02, 0x1D, 0x00, 0x8D, 0x01, 0xF2, 0x00, 0x00, 0x00
    .byte 0x00, 0x00, 0x23, 0x00, 0x82, 0x00, 0x25, 0x00, 0x39, 0x00, 0x00, 0x00, 0x00, 0x00, 0x00, 0x00
    .byte 0x00, 0x00, 0x20, 0x00, 0x1E, 0x03, 0xDD, 0x01, 0x69, 0x00, 0x98, 0x02, 0x2C, 0x00, 0x00, 0x00
    .close

party 123
    .byte 0x00, 0x00, 0x24, 0x00, 0xD3, 0x00, 0x00, 0x00
    .close

party 124
    .byte 0x00, 0x00, 0x26, 0x00, 0x76, 0x00, 0x00, 0x00, 0x00, 0x00, 0x26, 0x00, 0x77, 0x00, 0x00, 0x00
    .byte 0x00, 0x00, 0x26, 0x00, 0x77, 0x00, 0x00, 0x00
    .close

party 125
    .byte 0x00, 0x00, 0x26, 0x00, 0xE0, 0x00, 0xC7, 0x00, 0x3C, 0x00, 0x3E, 0x00, 0x3D, 0x00, 0x00, 0x00
    .byte 0x00, 0x20, 0x27, 0x00, 0xE0, 0x00, 0xC7, 0x00, 0x3C, 0x00, 0x3E, 0x00, 0x3D, 0x00, 0x00, 0x00
    .close

party 126
    .byte 0x00, 0x00, 0x23, 0x00, 0x82, 0x00, 0x00, 0x00
    .close

party 127
    .byte 0x00, 0x00, 0x21, 0x00, 0x10, 0x01, 0x00, 0x00, 0x00, 0x00, 0x21, 0x00, 0x54, 0x01, 0x00, 0x00
    .byte 0x00, 0x00, 0x21, 0x00, 0x83, 0x02, 0x00, 0x00, 0x00, 0x00, 0x21, 0x00, 0x02, 0x04, 0x00, 0x00
    .close

party 128
    .byte 0x00, 0x00, 0x21, 0x00, 0x5A, 0x00, 0x00, 0x00, 0x00, 0x20, 0x25, 0x00, 0xE0, 0x00, 0x00, 0x00
    .byte 0x00, 0x20, 0x21, 0x00, 0xDF, 0x00, 0x00, 0x00, 0x00, 0x00, 0x25, 0x00, 0x5B, 0x00, 0x00, 0x00
    .close

party 129
    .byte 0x00, 0x00, 0x23, 0x00, 0x1F, 0x00, 0x00, 0x00, 0x00, 0x00, 0x23, 0x00, 0x22, 0x00, 0x00, 0x00
    .close

party 130
    .byte 0x00, 0x00, 0x22, 0x00, 0xE1, 0x02, 0x00, 0x00
    .close

party 131
    .byte 0x00, 0x00, 0x21, 0x00, 0x4D, 0x02, 0x00, 0x00, 0x00, 0x00, 0x21, 0x00, 0x4C, 0x02, 0x00, 0x00
    .close

party 132
    .byte 0x00, 0x20, 0x23, 0x00, 0x06, 0x04, 0x00, 0x00
    .close

party 133
    .byte 0x00, 0x20, 0x27, 0x00, 0x6F, 0x00, 0x00, 0x00, 0x00, 0x20, 0x27, 0x00, 0x70, 0x00, 0x00, 0x00
    .close

party 134
    .byte 0x00, 0x00, 0x22, 0x00, 0x33, 0x00, 0x00, 0x00, 0x00, 0x20, 0x22, 0x00, 0x4C, 0x00, 0x00, 0x00
    .byte 0x00, 0x00, 0x22, 0x00, 0x5B, 0x02, 0x00, 0x00
    .close

party 135
    .byte 0x00, 0x00, 0x27, 0x00, 0x45, 0x00, 0x00, 0x00, 0x00, 0x00, 0x28, 0x00, 0x46, 0x00, 0x00, 0x00
    .byte 0x00, 0x00, 0x2A, 0x00, 0x47, 0x00, 0x00, 0x00
    .close

party 136
    .byte 0x00, 0x00, 0x29, 0x00, 0x01, 0x00, 0x5C, 0x00, 0xBC, 0x00, 0x49, 0x00, 0x26, 0x00, 0x00, 0x00
    .byte 0x00, 0x00, 0x2B, 0x00, 0x02, 0x00, 0x5C, 0x00, 0xBC, 0x00, 0x49, 0x00, 0x26, 0x00, 0x00, 0x00
    .byte 0x00, 0x00, 0x2D, 0x00, 0x03, 0x00, 0x5C, 0x00, 0xBC, 0x00, 0x49, 0x00, 0x26, 0x00, 0x00, 0x00
    .close

party 137
    .byte 0x32, 0x00, 0x28, 0x00, 0xA4, 0x00, 0x00, 0x00, 0x32, 0x00, 0x28, 0x00, 0x12, 0x00, 0x00, 0x00
    .close

party 138
    .byte 0x00, 0x00, 0x0F, 0x00, 0x21, 0x00, 0x00, 0x00
    .close

party 139
    .byte 0x00, 0x20, 0x29, 0x00, 0x77, 0x00, 0x00, 0x00
    .close

party 140
    .byte 0x00, 0x00, 0x27, 0x00, 0x0C, 0x00, 0x00, 0x00, 0x00, 0x00, 0x25, 0x00, 0xA8, 0x00, 0x00, 0x00
    .close

party 141
    .byte 0x00, 0x00, 0x0F, 0x00, 0x21, 0x00, 0x00, 0x00
    .close

party 142
    .byte 0x0A, 0x00, 0x18, 0x00, 0xBB, 0x00, 0x00, 0x00, 0x0A, 0x00, 0x18, 0x00, 0xBB, 0x00, 0x00, 0x00
    .byte 0x0A, 0x00, 0x20, 0x00, 0x02, 0x00, 0x00, 0x00
    .close

party 143
    .byte 0x00, 0x00, 0x28, 0x00, 0x44, 0x00, 0x00, 0x00, 0x00, 0x20, 0x28, 0x00, 0x32, 0x01, 0x00, 0x00
    .byte 0x00, 0x00, 0x28, 0x00, 0x40, 0x02, 0x00, 0x00
    .close

party 144
    .byte 0x00, 0x20, 0x28, 0x00, 0x60, 0x02, 0x00, 0x00, 0x00, 0x20, 0x28, 0x00, 0xF1, 0x02, 0x00, 0x00
    .byte 0x00, 0x20, 0x28, 0x00, 0x4C, 0x00, 0x00, 0x00
    .close

party 145
    .byte 0x00, 0x00, 0x27, 0x00, 0xD0, 0x00, 0x00, 0x00
    .close

party 146
    .byte 0x00, 0x00, 0x29, 0x00, 0x79, 0x03, 0x8D, 0x01, 0xE2, 0x01, 0xEB, 0x01, 0xBE, 0x01, 0x00, 0x00
    .byte 0x00, 0x00, 0x1B, 0x00, 0xD0, 0x01, 0x59, 0x00, 0x5E, 0x01, 0x17, 0x00, 0x1E, 0x00, 0x00, 0x00
    .close

party 147
    .byte 0x00, 0x20, 0x28, 0x00, 0x05, 0x04, 0x00, 0x00
    .close

party 148
    .byte 0x00, 0x00, 0x2E, 0x00, 0x22, 0x00, 0x00, 0x00
    .close

party 149
    .byte 0x00, 0x20, 0x2C, 0x00, 0x37, 0x00, 0x00, 0x00, 0x00, 0x00, 0x2A, 0x00, 0x1C, 0x00, 0x00, 0x00
    .close

party 150
    .byte 0x00, 0x00, 0x2B, 0x00, 0x33, 0x00, 0x00, 0x00, 0x00, 0x20, 0x28, 0x00, 0x39, 0x00, 0x00, 0x00
    .byte 0x00, 0x00, 0x28, 0x00, 0x3E, 0x00, 0x00, 0x00
    .close

party 151
    .byte 0x00, 0x20, 0x28, 0x00, 0x4E, 0x00, 0x00, 0x00, 0x00, 0x00, 0x28, 0x00, 0xB6, 0x00, 0x00, 0x00
    .close

party 152
    .byte 0x00, 0x00, 0x2C, 0x00, 0xB4, 0x00, 0x00, 0x00
    .close

party 153
    .byte 0x00, 0x20, 0x29, 0x00, 0xA2, 0x00, 0x00, 0x00, 0x00, 0x20, 0x2B, 0x00, 0x4E, 0x00, 0x00, 0x00
    .close

party 154
    .byte 0x00, 0x20, 0x28, 0x00, 0x8B, 0x00, 0x00, 0x00, 0x00, 0x20, 0x28, 0x00, 0xF7, 0x00, 0x00, 0x00
    .byte 0x00, 0x20, 0x28, 0x00, 0x5C, 0x01, 0x00, 0x00, 0x00, 0x20, 0x28, 0x00, 0x5A, 0x01, 0x00, 0x00
    .byte 0x00, 0x20, 0x28, 0x00, 0x8D, 0x00, 0x00, 0x00
    .close

party 155
    .byte 0x00, 0x00, 0x25, 0x00, 0x4B, 0x00, 0x00, 0x00, 0x00, 0x00, 0x26, 0x00, 0x4B, 0x00, 0x00, 0x00
    .byte 0x00, 0x20, 0x28, 0x00, 0x43, 0x00, 0x00, 0x00
    .close

party 156
    .byte 0x28, 0x20, 0x21, 0x00, 0x6A, 0x00, 0x18, 0x00, 0x60, 0x00, 0x1A, 0x00, 0x74, 0x00, 0x00, 0x00
    .close

party 157
    .byte 0x28, 0x20, 0x21, 0x00, 0x6B, 0x00, 0xB7, 0x00, 0x09, 0x00, 0x08, 0x00, 0x07, 0x00, 0x00, 0x00
    .close

party 158
    .byte 0x64, 0x20, 0x22, 0x00, 0x6A, 0x00, 0x00, 0x00, 0x64, 0x20, 0x22, 0x00, 0x6B, 0x00, 0x00, 0x00
    .close

party 159
    .byte 0x28, 0x00, 0x21, 0x00, 0x25, 0x02, 0x00, 0x00, 0x28, 0x20, 0x21, 0x00, 0x87, 0x01, 0x00, 0x00
    .byte 0x28, 0x20, 0x21, 0x00, 0x00, 0x01, 0x00, 0x00
    .close

party 160
    .byte 0x96, 0x00, 0x26, 0x00, 0xC4, 0x00, 0x00, 0x00, 0x83, 0x01, 0x5E, 0x00, 0xF4, 0x00, 0x81, 0x00
    .byte 0x00, 0x00
    .close

party 161
    .byte 0x96, 0x00, 0x26, 0x00, 0x87, 0x00, 0x00, 0x00, 0x83, 0x01, 0x55, 0x00, 0x68, 0x00, 0x56, 0x00
    .byte 0x00, 0x00
    .close

party 162
    .byte 0x96, 0x00, 0x26, 0x00, 0xC5, 0x00, 0x00, 0x00, 0x83, 0x01, 0x8F, 0x01, 0x6D, 0x00, 0xF7, 0x00
    .byte 0x00, 0x00
    .close

party 163
    .byte 0x96, 0x00, 0x26, 0x00, 0x86, 0x00, 0x00, 0x00, 0x83, 0x01, 0x39, 0x00, 0x62, 0x00, 0x3E, 0x00
    .byte 0x00, 0x00
    .close

party 164
    .byte 0x96, 0x00, 0x26, 0x00, 0x88, 0x00, 0x00, 0x00, 0x83, 0x01, 0x7E, 0x00, 0x62, 0x00, 0x05, 0x01
    .byte 0x00, 0x00
    .close

party 165
    .byte 0x00, 0x00, 0x1C, 0x00, 0x7C, 0x00, 0x00, 0x00
    .close

party 166
    .byte 0x00, 0x00, 0x1D, 0x00, 0x57, 0x00, 0x00, 0x00
    .close

party 167
    .byte 0x00, 0x00, 0x14, 0x00, 0x77, 0x00, 0x00, 0x00
    .close

party 168
    .byte 0x00, 0x00, 0x19, 0x00, 0x56, 0x00, 0x00, 0x00, 0x00, 0x00, 0x1A, 0x00, 0x57, 0x00, 0x00, 0x00
    .byte 0x00, 0x00, 0x19, 0x00, 0x56, 0x00, 0x00, 0x00
    .close

party 169
    .byte 0x00, 0x00, 0x1B, 0x00, 0xDD, 0x00, 0x00, 0x00, 0x00, 0x00, 0x1B, 0x00, 0xDD, 0x00, 0x00, 0x00
    .close

party 170
    .byte 0x00, 0x00, 0x18, 0x00, 0x5A, 0x00, 0x00, 0x00, 0x00, 0x00, 0x19, 0x00, 0x5B, 0x00, 0x00, 0x00
    .byte 0x00, 0x00, 0x18, 0x00, 0x5A, 0x00, 0x00, 0x00
    .close

party 171
    .byte 0x00, 0x00, 0x0F, 0x00, 0x74, 0x00, 0x00, 0x00, 0x00, 0x00, 0x0F, 0x00, 0x74, 0x00, 0x00, 0x00
    .byte 0x00, 0x00, 0x14, 0x00, 0x75, 0x00, 0x00, 0x00
    .close

party 172
    .byte 0x00, 0x00, 0x20, 0x00, 0x1E, 0x00, 0x00, 0x00, 0x00, 0x00, 0x22, 0x00, 0x21, 0x00, 0x00, 0x00
    .byte 0x00, 0x00, 0x20, 0x00, 0x82, 0x00, 0x00, 0x00
    .close

party 173
    .byte 0x00, 0x00, 0x29, 0x00, 0x82, 0x00, 0x00, 0x00, 0x00, 0x00, 0x26, 0x00, 0x6C, 0x00, 0x00, 0x00
    .byte 0x00, 0x00, 0x26, 0x00, 0x1E, 0x00, 0x00, 0x00, 0x00, 0x00, 0x2B, 0x00, 0x21, 0x00, 0x00, 0x00
    .close

party 174
    .byte 0x00, 0x00, 0x14, 0x00, 0x6D, 0x00, 0x00, 0x00, 0x00, 0x00, 0x14, 0x00, 0x6D, 0x00, 0x00, 0x00
    .byte 0x00, 0x00, 0x14, 0x00, 0x6D, 0x00, 0x00, 0x00
    .close

party 175
    .byte 0x00, 0x00, 0x19, 0x00, 0x5D, 0x00, 0x00, 0x00
    .close

party 176
    .byte 0x00, 0x00, 0x19, 0x00, 0x5D, 0x00, 0x00, 0x00
    .close

party 177
    .byte 0x00, 0x00, 0x19, 0x00, 0x5D, 0x00, 0x00, 0x00
    .close

party 178
    .byte 0x00, 0x00, 0x0C, 0x00, 0x2B, 0x00, 0x00, 0x00, 0x00, 0x00, 0x0F, 0x00, 0x64, 0x00, 0x00, 0x00
    .close

party 179
    .byte 0x00, 0x20, 0x24, 0x00, 0x64, 0x00, 0x00, 0x00, 0x00, 0x00, 0x24, 0x00, 0x51, 0x00, 0x00, 0x00
    .byte 0x00, 0x00, 0x28, 0x00, 0x64, 0x00, 0x00, 0x00, 0x00, 0x20, 0x28, 0x00, 0x52, 0x00, 0x00, 0x00
    .close

party 180
    .byte 0x00, 0x00, 0x0F, 0x00, 0xA1, 0x00, 0x00, 0x00
    .close

party 181
    .byte 0x00, 0x00, 0x10, 0x00, 0x1A, 0x00, 0x00, 0x00
    .close

party 182
    .byte 0x00, 0x00, 0x10, 0x00, 0xD1, 0x00, 0x00, 0x00
    .close

party 183
    .byte 0x00, 0x00, 0x29, 0x00, 0x2C, 0x00, 0x5C, 0x00, 0xBC, 0x00, 0xE6, 0x00, 0x99, 0x01, 0x00, 0x00
    .byte 0x00, 0x00, 0x2D, 0x00, 0x18, 0x00, 0x8E, 0x01, 0x67, 0x00, 0xF2, 0x00, 0xAA, 0x01, 0x00, 0x00
    .byte 0x00, 0x00, 0x29, 0x00, 0x2D, 0x00, 0x5C, 0x00, 0xBC, 0x00, 0xD5, 0x00, 0x99, 0x01, 0x00, 0x00
    .close

party 184
    .byte 0x00, 0x00, 0x0E, 0x00, 0x2B, 0x00, 0x00, 0x00, 0x00, 0x00, 0x11, 0x00, 0x68, 0x00, 0x00, 0x00
    .close

party 185
    .byte 0x1E, 0x20, 0x24, 0x00, 0x90, 0x03, 0x00, 0x00, 0x1E, 0x20, 0x24, 0x00, 0xD9, 0x00, 0x00, 0x00
    .close

party 186
    .byte 0x1E, 0x00, 0x23, 0x00, 0xB3, 0x01, 0x00, 0x00, 0x1E, 0x00, 0x23, 0x00, 0xB0, 0x01, 0x00, 0x00
    .byte 0x1E, 0x00, 0x23, 0x00, 0x59, 0x00, 0x00, 0x00
    .close

party 187
    .byte 0x1E, 0x20, 0x21, 0x00, 0xB0, 0x01, 0x00, 0x00, 0x1E, 0x20, 0x21, 0x00, 0x2B, 0x02, 0x00, 0x00
    .byte 0x1E, 0x20, 0x24, 0x00, 0xD6, 0x02, 0x00, 0x00, 0x1E, 0x20, 0x24, 0x00, 0xC6, 0x01, 0x00, 0x00
    .byte 0x1E, 0x20, 0x24, 0x00, 0x3D, 0x01, 0x00, 0x00
    .close

party 188
    .byte 0x1E, 0x00, 0x23, 0x00, 0x0D, 0x01, 0x00, 0x00, 0x1E, 0x00, 0x23, 0x00, 0x0F, 0x00, 0x00, 0x00
    .close

party 189
    .byte 0x1E, 0x00, 0x23, 0x00, 0x6E, 0x00, 0x00, 0x00, 0x1E, 0x00, 0x23, 0x00, 0x59, 0x00, 0x00, 0x00
    .byte 0x1E, 0x00, 0x23, 0x00, 0x2A, 0x00, 0x00, 0x00, 0x1E, 0x20, 0x23, 0x00, 0x14, 0x00, 0x00, 0x00
    .close

party 190
    .byte 0x1E, 0x00, 0x23, 0x00, 0x6E, 0x00, 0x00, 0x00
    .close

party 191
    .byte 0x1E, 0x20, 0x23, 0x00, 0x90, 0x03, 0x00, 0x00, 0x1E, 0x00, 0x23, 0x00, 0x31, 0x00, 0x00, 0x00
    .close

party 192
    .byte 0x1E, 0x00, 0x23, 0x00, 0xC6, 0x01, 0x00, 0x00, 0x1E, 0x00, 0x23, 0x00, 0xA8, 0x00, 0x00, 0x00
    .byte 0x1E, 0x00, 0x23, 0x00, 0xD3, 0x00, 0x00, 0x00
    .close

party 193
    .byte 0x1E, 0x00, 0x28, 0x00, 0x59, 0x00, 0x00, 0x00, 0x1E, 0x00, 0x28, 0x00, 0x6E, 0x00, 0x00, 0x00
    .byte 0x1E, 0x20, 0x28, 0x00, 0x14, 0x00, 0x00, 0x00
    .close

party 194
    .byte 0x00, 0x00, 0x21, 0x00, 0xE4, 0x00, 0x00, 0x00
    .close

party 195
    .byte 0x1E, 0x20, 0x28, 0x00, 0xC6, 0x01, 0x00, 0x00
    .close

party 196
    .byte 0x1E, 0x20, 0x27, 0x00, 0x14, 0x00, 0x00, 0x00, 0x1E, 0x00, 0x27, 0x00, 0x2A, 0x00, 0x00, 0x00
    .close

party 197
    .byte 0x1E, 0x00, 0x27, 0x00, 0x6E, 0x03, 0x00, 0x00, 0x1E, 0x00, 0x27, 0x00, 0x85, 0x03, 0x00, 0x00
    .close

party 198
    .byte 0x1E, 0x00, 0x24, 0x00, 0x50, 0x01, 0x00, 0x00
    .close

party 199
    .byte 0x1E, 0x00, 0x28, 0x00, 0x4B, 0x02, 0x00, 0x00, 0x1E, 0x00, 0x28, 0x00, 0x6C, 0x03, 0x00, 0x00
    .close

party 200
    .byte 0x1E, 0x00, 0x22, 0x00, 0x50, 0x01, 0x00, 0x00, 0x1E, 0x00, 0x22, 0x00, 0x49, 0x00, 0x00, 0x00
    .byte 0x1E, 0x20, 0x22, 0x00, 0x18, 0x00, 0x00, 0x00, 0x1E, 0x00, 0x22, 0x00, 0x2D, 0x00, 0x00, 0x00
    .close

party 201
    .byte 0x00, 0x00, 0x18, 0x00, 0x69, 0x00, 0x00, 0x00, 0x00, 0x00, 0x18, 0x00, 0x69, 0x00, 0x00, 0x00
    .close

party 202
    .byte 0x00, 0x20, 0x1A, 0x00, 0x73, 0x00, 0x00, 0x00
    .close

party 203
    .byte 0x00, 0x20, 0x17, 0x00, 0x4A, 0x00, 0x00, 0x00, 0x00, 0x20, 0x19, 0x00, 0x4B, 0x00, 0x00, 0x00
    .close

party 204
    .byte 0x00, 0x20, 0x17, 0x00, 0x4A, 0x00, 0x00, 0x00, 0x00, 0x20, 0x19, 0x00, 0x42, 0x00, 0x00, 0x00
    .close

party 205
    .byte 0x32, 0x00, 0x1A, 0x00, 0x04, 0x00, 0xA8, 0x01, 0x6C, 0x00, 0x52, 0x00, 0xB8, 0x00, 0x00, 0x00
    .byte 0x32, 0x00, 0x1A, 0x00, 0x07, 0x00, 0x6E, 0x00, 0x37, 0x00, 0x2C, 0x00, 0xAE, 0x00, 0x00, 0x00
    .byte 0x32, 0x00, 0x1A, 0x00, 0x01, 0x00, 0x49, 0x00, 0x4D, 0x00, 0x4F, 0x00, 0x4B, 0x00, 0x00, 0x00
    .close

party 206
    .byte 0x32, 0x20, 0x1A, 0x00, 0x85, 0x00, 0x00, 0x00, 0x32, 0x00, 0x16, 0x00, 0x88, 0x00, 0x00, 0x00
    .byte 0x32, 0x00, 0x16, 0x00, 0x86, 0x00, 0x00, 0x00, 0x32, 0x00, 0x16, 0x00, 0x87, 0x00, 0x00, 0x00
    .close

party 207
    .byte 0x00, 0x00, 0x0F, 0x00, 0xA1, 0x00, 0x00, 0x00
    .close

party 208
    .byte 0x00, 0x00, 0x10, 0x00, 0xA2, 0x00, 0x00, 0x00
    .close

party 209
    .byte 0x00, 0x00, 0x24, 0x00, 0x2D, 0x00, 0x00, 0x00, 0x00, 0x00, 0x2A, 0x00, 0x0C, 0x00, 0x00, 0x00
    .close

party 210
    .byte 0x00, 0x00, 0x26, 0x00, 0xB7, 0x00, 0x00, 0x00, 0x00, 0x00, 0x28, 0x00, 0x56, 0x00, 0x00, 0x00
    .byte 0x00, 0x02, 0x26, 0x00, 0xB7, 0x00, 0x00, 0x00
    .close

party 211
    .byte 0x00, 0x00, 0x20, 0x00, 0x1C, 0x01, 0x00, 0x00, 0x00, 0x00, 0x20, 0x00, 0x32, 0x03, 0x00, 0x00
    .close

party 212
    .byte 0x00, 0x00, 0x1F, 0x00, 0x41, 0x01, 0x00, 0x00
    .close

party 213
    .byte 0x00, 0x00, 0x1F, 0x00, 0xE5, 0x02, 0x60, 0x01, 0x56, 0x01, 0x5C, 0x00, 0xEF, 0x00, 0x00, 0x00
    .byte 0x00, 0x20, 0x1F, 0x00, 0xE7, 0x02, 0x3D, 0x00, 0x8C, 0x01, 0x96, 0x01, 0xC5, 0x01, 0x00, 0x00
    .close

party 214
    .byte 0x00, 0x00, 0x1F, 0x00, 0x47, 0x02, 0x00, 0x00, 0x00, 0x20, 0x1F, 0x00, 0xCD, 0x03, 0x00, 0x00
    .byte 0x00, 0x00, 0x1F, 0x00, 0xFF, 0x03, 0x00, 0x00
    .close

party 215
    .byte 0x00, 0x00, 0x1F, 0x00, 0xBA, 0x00, 0x00, 0x00
    .close

party 216
    .byte 0x1E, 0x20, 0x1E, 0x00, 0x14, 0x00, 0x00, 0x00, 0x1E, 0x20, 0x1E, 0x00, 0xA4, 0x02, 0x00, 0x00
    .byte 0x1E, 0x20, 0x1E, 0x00, 0x90, 0x03, 0x00, 0x00, 0x1E, 0x20, 0x1E, 0x00, 0xE3, 0x03, 0x00, 0x00
    .close

party 217
    .byte 0x32, 0x00, 0x1F, 0x00, 0xD4, 0x01, 0x00, 0x00, 0x32, 0x00, 0x1F, 0x00, 0xAE, 0x01, 0x00, 0x00
    .byte 0x32, 0x00, 0x1F, 0x00, 0x3B, 0x02, 0x00, 0x00
    .close

party 218
    .byte 0x1E, 0x00, 0x21, 0x00, 0xA9, 0x00, 0x00, 0x00
    .close

party 219
    .byte 0x1E, 0x20, 0x1F, 0x00, 0x97, 0x01, 0x00, 0x00, 0x1E, 0x00, 0x1F, 0x00, 0x0D, 0x01, 0x00, 0x00
    .byte 0x1E, 0x20, 0x1F, 0x00, 0xA8, 0x00, 0x00, 0x00
    .close

party 220
    .byte 0x1E, 0x00, 0x12, 0x00, 0x30, 0x00, 0x00, 0x00, 0x1E, 0x20, 0x12, 0x00, 0x30, 0x00, 0x00, 0x00
    .close

party 221
    .byte 0x64, 0x00, 0x16, 0x00, 0x29, 0x00, 0x00, 0x00
    .close

party 222
    .byte 0x1E, 0x20, 0x20, 0x00, 0x2E, 0x02, 0x00, 0x00
    .close

party 223
    .byte 0x1E, 0x00, 0x20, 0x00, 0x61, 0x00, 0x00, 0x00, 0x1E, 0x00, 0x23, 0x00, 0x2A, 0x00, 0x00, 0x00
    .close

party 224
    .byte 0x1E, 0x00, 0x1E, 0x00, 0x2A, 0x00, 0x00, 0x00, 0x1E, 0x00, 0x1E, 0x00, 0x59, 0x00, 0x00, 0x00
    .byte 0x1E, 0x20, 0x1C, 0x00, 0x14, 0x00, 0x00, 0x00
    .close

party 225
    .byte 0x0A, 0x00, 0x24, 0x00, 0x2A, 0x00, 0x00, 0x00
    .close

party 226
    .byte 0x00, 0x00, 0x1E, 0x00, 0x6D, 0x00, 0x00, 0x00
    .close

party 227
    .byte 0x1E, 0x00, 0x26, 0x00, 0xE1, 0x03, 0x00, 0x00, 0x1E, 0x00, 0x26, 0x00, 0xE3, 0x03, 0x00, 0x00
    .close

party 228
    .byte 0x1E, 0x00, 0x28, 0x00, 0xB3, 0x01, 0x00, 0x00, 0x1E, 0x00, 0x28, 0x00, 0xBA, 0x01, 0x00, 0x00
    .close

party 229
    .byte 0x00, 0x00, 0x0F, 0x00, 0x13, 0x00, 0x00, 0x00, 0x00, 0x00, 0x0F, 0x00, 0x13, 0x00, 0x00, 0x00
    .close

party 230
    .byte 0x00, 0x20, 0x2C, 0x00, 0x40, 0x00, 0x1D, 0x00, 0x1D, 0x01, 0x5E, 0x00, 0x32, 0x00, 0x00, 0x00
    .byte 0x00, 0x20, 0x2F, 0x00, 0xCB, 0x00, 0xF2, 0x00, 0x1D, 0x01, 0xCA, 0x01, 0x5E, 0x00, 0x00, 0x00
    .close

party 231
    .byte 0x00, 0x00, 0x29, 0x00, 0x35, 0x00, 0x00, 0x00
    .close

party 232
    .byte 0x00, 0x00, 0x2D, 0x00, 0x87, 0x00, 0x5F, 0x01, 0x62, 0x00, 0x2A, 0x00, 0x0E, 0x01, 0x00, 0x00
    .byte 0x00, 0x20, 0x2B, 0x00, 0x64, 0x00, 0x5F, 0x01, 0x81, 0x00, 0x68, 0x01, 0x67, 0x00, 0x00, 0x00
    .byte 0x00, 0x20, 0x2A, 0x00, 0x51, 0x00, 0x5F, 0x01, 0x30, 0x00, 0x56, 0x00, 0xBB, 0x01, 0x00, 0x00
    .close

party 233
    .byte 0x00, 0x00, 0x10, 0x00, 0x89, 0x02, 0x00, 0x00, 0x00, 0x00, 0x10, 0x00, 0xB4, 0x01, 0x00, 0x00
    .close

party 234
    .byte 0x00, 0x20, 0x2A, 0x00, 0x4B, 0x00, 0x00, 0x00, 0x00, 0x20, 0x2A, 0x00, 0x4B, 0x00, 0x00, 0x00
    .byte 0x00, 0x20, 0x2A, 0x00, 0x4B, 0x00, 0x00, 0x00
    .close

party 235
    .byte 0x00, 0x00, 0x27, 0x00, 0xB4, 0x01, 0x00, 0x00, 0x00, 0x20, 0x2A, 0x00, 0x4C, 0x00, 0x00, 0x00
    .close

party 236
    .byte 0x32, 0x00, 0x2B, 0x00, 0x87, 0x00, 0x18, 0x00, 0x55, 0x00, 0x62, 0x00, 0x1C, 0x00, 0x00, 0x00
    .byte 0x32, 0x00, 0x2B, 0x00, 0x72, 0x00, 0xF6, 0x00, 0x4E, 0x00, 0xCA, 0x00, 0x13, 0x01, 0x00, 0x00
    .byte 0x32, 0x20, 0x2B, 0x00, 0x80, 0x00, 0x24, 0x00, 0xAC, 0x01, 0x73, 0x01, 0xB8, 0x00, 0x00, 0x00
    .close

party 237
    .byte 0x32, 0x20, 0x2B, 0x00, 0x65, 0x00, 0x57, 0x00, 0x78, 0x00, 0x81, 0x00, 0xF0, 0x00, 0x00, 0x00
    .byte 0x32, 0x20, 0x2B, 0x00, 0x79, 0x00, 0x69, 0x00, 0x6A, 0x01, 0x57, 0x00, 0x5E, 0x00, 0x00, 0x00
    .byte 0x32, 0x00, 0x2B, 0x00, 0x26, 0x00, 0xA1, 0x01, 0x7E, 0x00, 0x6D, 0x00, 0x05, 0x01, 0x00, 0x00
    .close

party 238
    .byte 0x00, 0x20, 0x27, 0x00, 0x42, 0x00, 0x00, 0x00, 0x00, 0x20, 0x29, 0x00, 0x43, 0x00, 0x00, 0x00
    .byte 0x00, 0x20, 0x22, 0x00, 0x36, 0x00, 0x00, 0x00
    .close

party 239
    .byte 0x00, 0x00, 0x28, 0x00, 0x28, 0x01, 0x00, 0x00, 0x00, 0x20, 0x28, 0x00, 0x14, 0x00, 0x00, 0x00
    .close

party 240
    .byte 0x00, 0x00, 0x2A, 0x00, 0x63, 0x00, 0x00, 0x00
    .close

party 241
    .byte 0x00, 0x00, 0x24, 0x00, 0x42, 0x00, 0x00, 0x00, 0x00, 0x20, 0x24, 0x00, 0x42, 0x00, 0x00, 0x00
    .byte 0x00, 0x00, 0x24, 0x00, 0x3E, 0x00, 0x00, 0x00, 0x00, 0x20, 0x24, 0x00, 0x42, 0x00, 0x00, 0x00
    .close

party 242
    .byte 0x00, 0x20, 0x25, 0x00, 0x7A, 0x00, 0xA4, 0x00, 0x5E, 0x00, 0xE3, 0x00, 0x03, 0x00, 0x00, 0x00
    .byte 0x00, 0x00, 0x25, 0x00, 0x7E, 0x00, 0xB4, 0x01, 0x07, 0x00, 0x6D, 0x00, 0xB9, 0x00, 0x00, 0x00
    .byte 0x00, 0x00, 0x25, 0x00, 0x43, 0x00, 0x74, 0x00, 0x02, 0x00, 0x45, 0x00, 0x17, 0x01, 0x00, 0x00
    .close

party 243
    .byte 0x00, 0x00, 0x29, 0x00, 0x57, 0x00, 0x00, 0x00
    .close

party 244
    .byte 0xFA, 0x00, 0x33, 0x00, 0x82, 0x00, 0x00, 0x00, 0xAF, 0x00, 0x96, 0x01, 0x7F, 0x00, 0xA7, 0x01
    .byte 0x00, 0x00, 0xFA, 0x00, 0x36, 0x00, 0x95, 0x00, 0x00, 0x00, 0x56, 0x00, 0x97, 0x01, 0x13, 0x00
    .byte 0x3F, 0x00, 0x00, 0x00, 0xFA, 0x00, 0x36, 0x00, 0x95, 0x00, 0x00, 0x00, 0x56, 0x00, 0x97, 0x01
    .byte 0x3B, 0x00, 0x3F, 0x00, 0x00, 0x00, 0xFA, 0x20, 0x35, 0x00, 0x8E, 0x00, 0x00, 0x00, 0x4C, 0x01
    .byte 0xF2, 0x00, 0x9D, 0x00, 0xA6, 0x01, 0x00, 0x00, 0xFA, 0x00, 0x35, 0x00, 0x06, 0x00, 0x00, 0x00
    .byte 0xA5, 0x01, 0x93, 0x01, 0x51, 0x01, 0xA8, 0x01, 0x00, 0x00, 0xFA, 0x00, 0x37, 0x00, 0xF8, 0x00
    .byte 0x2D, 0x02, 0x59, 0x00, 0xBC, 0x01, 0x25, 0x00, 0xF2, 0x00, 0x00, 0x00
    .close

party 245
    .byte 0xFA, 0x00, 0x29, 0x00, 0xB2, 0x00, 0x00, 0x00, 0x71, 0x01, 0x7E, 0x01, 0x6D, 0x00, 0x5E, 0x00
    .byte 0x00, 0x00, 0xFA, 0x00, 0x2A, 0x00, 0x7C, 0x00, 0x00, 0x00, 0x03, 0x00, 0x8E, 0x00, 0x08, 0x00
    .byte 0x5E, 0x00, 0x00, 0x00, 0xFA, 0x00, 0x2B, 0x00, 0x67, 0x00, 0x00, 0x00, 0x73, 0x00, 0x5F, 0x00
    .byte 0x79, 0x00, 0x5E, 0x00, 0x00, 0x00, 0xFA, 0x20, 0x2B, 0x00, 0xC7, 0x00, 0x00, 0x00, 0xAE, 0x00
    .byte 0x85, 0x00, 0x60, 0x01, 0x5E, 0x00, 0x00, 0x00, 0xFA, 0x20, 0x2C, 0x00, 0x41, 0x00, 0x1F, 0x02
    .byte 0x32, 0x00, 0x73, 0x00, 0x5B, 0x01, 0x5E, 0x00, 0x00, 0x00
    .close

party 246
    .byte 0xFA, 0x00, 0x2D, 0x00, 0xC5, 0x00, 0x00, 0x00, 0x68, 0x00, 0x6D, 0x00, 0x5C, 0x00, 0x73, 0x01
    .byte 0x00, 0x00, 0xFA, 0x00, 0x2D, 0x00, 0x2D, 0x00, 0x00, 0x00, 0x4E, 0x00, 0x33, 0x00, 0xEC, 0x00
    .byte 0x50, 0x00, 0x00, 0x00, 0xFA, 0x00, 0x30, 0x00, 0x5E, 0x00, 0x00, 0x00, 0xF7, 0x00, 0xB4, 0x00
    .byte 0x9B, 0x01, 0xC2, 0x00, 0x00, 0x00, 0xFA, 0x20, 0x2E, 0x00, 0xAE, 0x01, 0x00, 0x00, 0x6D, 0x01
    .byte 0x12, 0x00, 0x85, 0x01, 0xB9, 0x00, 0x00, 0x00, 0xFA, 0x00, 0x31, 0x00, 0xE5, 0x00, 0x2C, 0x02
    .byte 0xA1, 0x01, 0x8F, 0x01, 0x35, 0x00, 0xF2, 0x00, 0x00, 0x00
    .close

party 247
    .byte 0xFA, 0x20, 0x2A, 0x00, 0xA8, 0x00, 0x00, 0x00, 0x8E, 0x01, 0x0E, 0x00, 0xE2, 0x00, 0x90, 0x01
    .byte 0x00, 0x00, 0xFA, 0x00, 0x2A, 0x00, 0x31, 0x00, 0x00, 0x00, 0x30, 0x00, 0x10, 0x00, 0x5E, 0x00
    .byte 0x5C, 0x00, 0x00, 0x00, 0xFA, 0x00, 0x2D, 0x00, 0xCD, 0x00, 0x00, 0x00, 0xB6, 0x00, 0x81, 0x00
    .byte 0x99, 0x00, 0x86, 0x01, 0x00, 0x00, 0xFA, 0x20, 0x2C, 0x00, 0x0F, 0x00, 0x1D, 0x02, 0x38, 0x02
    .byte 0x29, 0x00, 0x8E, 0x01, 0x61, 0x00, 0x00, 0x00, 0xFA, 0x00, 0x2E, 0x00, 0xA9, 0x00, 0x9E, 0x00
    .byte 0x68, 0x00, 0x62, 0x00, 0x11, 0x00, 0x31, 0x01, 0x00, 0x00
    .close

party 248
    .byte 0x00, 0x00, 0x2B, 0x00, 0x9C, 0x01, 0x00, 0x00, 0x00, 0x00, 0x2B, 0x00, 0x0C, 0x00, 0x00, 0x00
    .byte 0x00, 0x00, 0x2B, 0x00, 0x0F, 0x00, 0x00, 0x00
    .close

party 249
    .byte 0x00, 0x00, 0x04, 0x00, 0x6A, 0x03, 0x00, 0x00, 0x00, 0x00, 0x04, 0x00, 0x0A, 0x00, 0x00, 0x00
    .close

party 250
    .byte 0x1E, 0x00, 0x1B, 0x00, 0x5F, 0x00, 0x00, 0x00, 0x1E, 0x00, 0x20, 0x00, 0x6A, 0x00, 0x00, 0x00
    .byte 0x1E, 0x00, 0x1B, 0x00, 0x5F, 0x00, 0x00, 0x00, 0x1E, 0x00, 0x20, 0x00, 0x43, 0x00, 0x00, 0x00
    .close

party 251
    .byte 0x28, 0x20, 0x20, 0x00, 0x62, 0x02, 0xCF, 0x00, 0x18, 0x01, 0x73, 0x01, 0x2B, 0x00, 0x00, 0x00
    .byte 0x28, 0x20, 0x20, 0x00, 0x1E, 0x01, 0xB7, 0x00, 0x4B, 0x01, 0x4E, 0x00, 0x8B, 0x01, 0x00, 0x00
    .close

party 252
    .byte 0x00, 0x20, 0x2A, 0x00, 0xDF, 0x00, 0x00, 0x00, 0x00, 0x00, 0x28, 0x00, 0x75, 0x00, 0x00, 0x00
    .close

party 253
    .byte 0xC8, 0x20, 0x41, 0x00, 0x4C, 0x00, 0x13, 0x01, 0xBE, 0x01, 0x9D, 0x00, 0xE7, 0x01, 0xC9, 0x00
    .byte 0x00, 0x00, 0xC8, 0x20, 0x41, 0x00, 0xEB, 0x02, 0x1F, 0x01, 0x51, 0x01, 0xC9, 0x01, 0x59, 0x00
    .byte 0xF2, 0x00, 0x00, 0x00, 0xC8, 0x20, 0x41, 0x00, 0x67, 0x02, 0x0E, 0x01, 0xC5, 0x01, 0xFB, 0x01
    .byte 0xF2, 0x00, 0x14, 0x01, 0x00, 0x00, 0xC8, 0x00, 0x41, 0x00, 0x5C, 0x01, 0x9E, 0x00, 0x94, 0x01
    .byte 0x5E, 0x01, 0x18, 0x01, 0xC9, 0x02, 0x00, 0x00, 0xC8, 0x20, 0x41, 0x00, 0x8E, 0x00, 0x25, 0x02
    .byte 0x11, 0x00, 0xA8, 0x01, 0xF2, 0x00, 0xA6, 0x01, 0x00, 0x00, 0xC8, 0x20, 0x41, 0x00, 0x15, 0x04
    .byte 0xDC, 0x00, 0xA6, 0x01, 0x9D, 0x00, 0x59, 0x00, 0xA8, 0x01, 0x00, 0x00
    .close

party 254
    .byte 0xC8, 0x00, 0x41, 0x00, 0x7E, 0x01, 0x1F, 0x01, 0x43, 0x01, 0x3A, 0x00, 0x57, 0x00, 0x6D, 0x02
    .byte 0x00, 0x00, 0xC8, 0x20, 0x41, 0x00, 0x4B, 0x02, 0xBB, 0x00, 0x99, 0x01, 0xC9, 0x02, 0x59, 0x00
    .byte 0x08, 0x00, 0x00, 0x00, 0xC8, 0x00, 0x41, 0x00, 0x83, 0x00, 0xEA, 0x00, 0xFA, 0x01, 0x2F, 0x00
    .byte 0x3A, 0x00, 0xC3, 0x00, 0x00, 0x00, 0xC8, 0x20, 0x41, 0x00, 0x79, 0x00, 0x0E, 0x01, 0xFA, 0x01
    .byte 0x5E, 0x00, 0x69, 0x00, 0x3A, 0x00, 0x00, 0x00, 0xC8, 0x00, 0x41, 0x00, 0x09, 0x00, 0x1C, 0x02
    .byte 0x60, 0x01, 0xAE, 0x01, 0xFB, 0x01, 0x96, 0x01, 0x00, 0x00, 0xC8, 0x00, 0x41, 0x00, 0x0C, 0x03
    .byte 0x9E, 0x00, 0x9B, 0x02, 0x4C, 0x02, 0x3A, 0x00, 0x5B, 0x01, 0x00, 0x00
    .close

party 255
    .byte 0xC8, 0x00, 0x41, 0x00, 0x86, 0x02, 0x13, 0x01, 0x37, 0x02, 0x56, 0x00, 0x12, 0x02, 0x95, 0x01
    .byte 0x00, 0x00, 0xC8, 0x20, 0x41, 0x00, 0xB5, 0x00, 0x28, 0x02, 0xB3, 0x01, 0x96, 0x01, 0x0C, 0x02
    .byte 0x08, 0x00, 0x00, 0x00, 0xC8, 0x00, 0x41, 0x00, 0xCE, 0x01, 0xEA, 0x00, 0x30, 0x00, 0x68, 0x00
    .byte 0xB3, 0x01, 0xAE, 0x01, 0x00, 0x00, 0xC8, 0x20, 0x41, 0x00, 0xF3, 0x00, 0x29, 0x01, 0x55, 0x00
    .byte 0xF5, 0x00, 0x0C, 0x02, 0x46, 0x01, 0x00, 0x00, 0xC8, 0x00, 0x41, 0x00, 0xD2, 0x01, 0x5C, 0x02
    .byte 0x08, 0x00, 0x67, 0x02, 0x09, 0x00, 0x72, 0x01, 0x00, 0x00, 0xC8, 0x00, 0x41, 0x00, 0x1A, 0x00
    .byte 0x0E, 0x01, 0x64, 0x02, 0x39, 0x00, 0x55, 0x00, 0x68, 0x00, 0x00, 0x00
    .close

party 256
    .byte 0xC8, 0x00, 0x41, 0x00, 0xBD, 0x00, 0x00, 0x00, 0x71, 0x01, 0x49, 0x00, 0x03, 0x02, 0x4B, 0x01
    .byte 0x00, 0x00, 0xC8, 0x00, 0x41, 0x00, 0xD1, 0x01, 0x59, 0x02, 0xF6, 0x00, 0x4E, 0x00, 0xCA, 0x00
    .byte 0x4F, 0x00, 0x00, 0x00, 0xC8, 0x20, 0x41, 0x00, 0x5E, 0x03, 0x5C, 0x02, 0xC4, 0x01, 0x1A, 0x01
    .byte 0x15, 0x00, 0xC6, 0x02, 0x00, 0x00, 0xC8, 0x00, 0x41, 0x00, 0x10, 0x01, 0xEA, 0x00, 0xFC, 0x00
    .byte 0x39, 0x00, 0xCA, 0x00, 0x3A, 0x00, 0x00, 0x00, 0xC8, 0x00, 0x41, 0x00, 0xFE, 0x00, 0x2E, 0x02
    .byte 0x96, 0x01, 0x9C, 0x01, 0x9A, 0x01, 0x61, 0x00, 0x00, 0x00, 0xC8, 0x00, 0x41, 0x00, 0x0C, 0x04
    .byte 0xDC, 0x00, 0x85, 0x01, 0x92, 0x01, 0x72, 0x01, 0xF2, 0x00, 0x00, 0x00
    .close

party 257
    .byte 0xC8, 0x00, 0x41, 0x00, 0xA9, 0x00, 0xDC, 0x00, 0xB8, 0x01, 0x8D, 0x00, 0x71, 0x01, 0x9D, 0x01
    .byte 0x00, 0x00, 0xC8, 0x00, 0x41, 0x00, 0x81, 0x02, 0x19, 0x01, 0xCA, 0x00, 0xBC, 0x00, 0x5C, 0x00
    .byte 0x93, 0x00, 0x00, 0x00, 0xC8, 0x20, 0x41, 0x00, 0x03, 0x00, 0x19, 0x02, 0xBC, 0x00, 0x3F, 0x02
    .byte 0x9E, 0x01, 0xCA, 0x00, 0x00, 0x00, 0xC8, 0x20, 0x41, 0x00, 0x53, 0x02, 0x13, 0x01, 0x86, 0x01
    .byte 0xE2, 0x00, 0x61, 0x00, 0xB6, 0x00, 0x00, 0x00, 0xC8, 0x00, 0x41, 0x00, 0x06, 0x04, 0x9E, 0x00
    .byte 0x59, 0x00, 0x8E, 0x01, 0x86, 0x01, 0x85, 0x00, 0x00, 0x00, 0xC8, 0x00, 0x41, 0x00, 0x56, 0x03
    .byte 0x0E, 0x01, 0xDD, 0x01, 0x96, 0x01, 0xA1, 0x01, 0x93, 0x01, 0x00, 0x00
    .close

party 258
    .byte 0xC8, 0x00, 0x41, 0x00, 0x75, 0x02, 0xEA, 0x00, 0x71, 0x00, 0x73, 0x00, 0x69, 0x00, 0xDC, 0x01
    .byte 0x00, 0x00, 0xC8, 0x00, 0x41, 0x00, 0xC4, 0x00, 0x0B, 0x01, 0xF7, 0x00, 0x1D, 0x01, 0x5B, 0x01
    .byte 0x5E, 0x00, 0x00, 0x00, 0xC8, 0x20, 0x41, 0x00, 0x1A, 0x01, 0x0E, 0x01, 0x4C, 0x02, 0x5E, 0x00
    .byte 0x11, 0x01, 0x68, 0x00, 0x00, 0x00, 0xC8, 0x00, 0x41, 0x00, 0x41, 0x00, 0x29, 0x01, 0x9B, 0x01
    .byte 0x5E, 0x00, 0x9C, 0x01, 0x60, 0x02, 0x00, 0x00, 0xC8, 0x00, 0x41, 0x00, 0x78, 0x01, 0x3E, 0x02
    .byte 0xA2, 0x01, 0xAC, 0x01, 0x35, 0x01, 0x67, 0x01, 0x00, 0x00, 0xC8, 0x00, 0x41, 0x00, 0xE8, 0x01
    .byte 0x9E, 0x00, 0xEC, 0x00, 0xDB, 0x00, 0x5C, 0x00, 0x5E, 0x00, 0x00, 0x00
    .close

party 259
    .byte 0xC8, 0x20, 0x50, 0x00, 0x06, 0x00, 0x1B, 0x02, 0x93, 0x01, 0x01, 0x01, 0x35, 0x00, 0xE1, 0x00
    .byte 0x00, 0x00, 0xC8, 0x00, 0x50, 0x00, 0xD3, 0x01, 0x29, 0x01, 0xFA, 0x01, 0x35, 0x00, 0x7E, 0x00
    .byte 0x4C, 0x00, 0x00, 0x00, 0xC8, 0x20, 0x50, 0x00, 0x88, 0x01, 0x0E, 0x01, 0x72, 0x01, 0xB7, 0x00
    .byte 0xA2, 0x01, 0x8A, 0x01, 0x00, 0x00, 0xC8, 0x20, 0x50, 0x00, 0x26, 0x00, 0xD6, 0x00, 0x4C, 0x02
    .byte 0x4C, 0x00, 0x35, 0x00, 0xA1, 0x01, 0x00, 0x00, 0xC8, 0x20, 0x50, 0x00, 0x4E, 0x00, 0x1F, 0x01
    .byte 0x13, 0x02, 0x8A, 0x01, 0xCF, 0x02, 0x8E, 0x01, 0x00, 0x00, 0xC8, 0x20, 0x50, 0x00, 0xB5, 0x02
    .byte 0x5C, 0x02, 0x31, 0x02, 0x96, 0x01, 0x46, 0x01, 0x30, 0x01, 0x00, 0x00
    .close

party 260
    .byte 0xFA, 0x00, 0x64, 0x00, 0x19, 0x00, 0xEC, 0x00, 0x0C, 0x02, 0xC3, 0x01, 0x39, 0x00, 0x55, 0x00
    .byte 0x00, 0x00, 0xFA, 0x20, 0x64, 0x00, 0x96, 0x00, 0x27, 0x02, 0x1F, 0x02, 0x3A, 0x00, 0x7E, 0x00
    .byte 0x5B, 0x01, 0x00, 0x00, 0xFA, 0x20, 0x64, 0x00, 0x8F, 0x00, 0xEA, 0x00, 0x9E, 0x02, 0xF2, 0x00
    .byte 0xE7, 0x01, 0xA0, 0x01, 0x00, 0x00, 0xFA, 0x00, 0x64, 0x00, 0x03, 0x00, 0x19, 0x01, 0xBC, 0x00
    .byte 0xCA, 0x00, 0x4F, 0x00, 0x9E, 0x01, 0x00, 0x00, 0xFA, 0x00, 0x64, 0x00, 0x06, 0x00, 0x1F, 0x01
    .byte 0x8A, 0x01, 0x93, 0x01, 0x35, 0x00, 0x96, 0x01, 0x00, 0x00, 0xFA, 0x00, 0x64, 0x00, 0x09, 0x00
    .byte 0x5C, 0x02, 0x9B, 0x01, 0x34, 0x01, 0x3B, 0x00, 0xAE, 0x01, 0x00, 0x00
    .close

party 261
    .byte 0xFA, 0x00, 0x5A, 0x00, 0x97, 0x00, 0xEA, 0x00, 0x5D, 0x01, 0xE2, 0x00, 0x5E, 0x00, 0xF6, 0x00
    .byte 0x00, 0x00, 0xFA, 0x00, 0x5A, 0x00, 0x3B, 0x00, 0xDC, 0x00, 0xBA, 0x01, 0x4A, 0x02, 0x8A, 0x01
    .byte 0xF5, 0x00, 0x00, 0x00, 0xFA, 0x20, 0x5A, 0x00, 0xD0, 0x01, 0x59, 0x02, 0xE0, 0x00, 0xBC, 0x01
    .byte 0xA6, 0x01, 0x59, 0x00, 0x00, 0x00, 0xFA, 0x00, 0x5A, 0x00, 0x82, 0x00, 0xBA, 0x00, 0xA7, 0x01
    .byte 0x7F, 0x00, 0x5D, 0x01, 0xD8, 0x00, 0x00, 0x00, 0xFA, 0x20, 0x5A, 0x00, 0x44, 0x00, 0x5C, 0x02
    .byte 0xDF, 0x00, 0x59, 0x00, 0xBC, 0x01, 0x09, 0x00, 0x00, 0x00, 0xFA, 0x00, 0x5A, 0x00, 0x12, 0x00
    .byte 0x1E, 0x02, 0x21, 0x02, 0x12, 0x00, 0x63, 0x01, 0x3F, 0x00, 0x00, 0x00
    .close

party 262
    .byte 0x1E, 0x00, 0x19, 0x00, 0x2A, 0x00, 0x00, 0x00, 0x1E, 0x00, 0x19, 0x00, 0x2A, 0x00, 0x00, 0x00
    .byte 0x1E, 0x00, 0x1E, 0x00, 0x18, 0x00, 0x00, 0x00
    .close

party 263
    .byte 0x50, 0x00, 0x19, 0x00, 0x5D, 0x00, 0x7A, 0x00, 0x6D, 0x00, 0xD4, 0x00, 0xAE, 0x00, 0x00, 0x00
    .byte 0x50, 0x00, 0x16, 0x00, 0x51, 0x00, 0x56, 0x00, 0x54, 0x00, 0x30, 0x00, 0x31, 0x00, 0x00, 0x00
    .byte 0x50, 0x00, 0x19, 0x00, 0x2A, 0x00, 0x31, 0x01, 0x30, 0x00, 0x2C, 0x00, 0x11, 0x00, 0x00, 0x00
    .byte 0x50, 0x00, 0x19, 0x00, 0x99, 0x00, 0xEB, 0x00, 0x73, 0x00, 0x59, 0x01, 0x4D, 0x00, 0x00, 0x00
    .close

party 264
    .byte 0xA0, 0x00, 0x2D, 0x00, 0xCD, 0x01, 0xA4, 0x01, 0xD7, 0x01, 0xB9, 0x00, 0x9A, 0x00, 0x00, 0x00
    .byte 0xA0, 0x00, 0x2D, 0x00, 0xA9, 0x00, 0x31, 0x01, 0x2C, 0x00, 0x6D, 0x00, 0x3A, 0x01, 0x00, 0x00
    .byte 0xA0, 0x00, 0x2D, 0x00, 0xCE, 0x01, 0xB3, 0x01, 0x30, 0x00, 0x56, 0x00, 0xAE, 0x01, 0x00, 0x00
    .byte 0xA0, 0x00, 0x2D, 0x00, 0x5E, 0x00, 0xD4, 0x00, 0xBC, 0x00, 0xF7, 0x00, 0x6D, 0x00, 0x00, 0x00
    .byte 0xA0, 0x00, 0x2D, 0x00, 0x40, 0x00, 0x32, 0x00, 0x3C, 0x00, 0x69, 0x00, 0x73, 0x00, 0x00, 0x00
    .byte 0xA0, 0x00, 0x2D, 0x00, 0x9A, 0x00, 0x60, 0x02, 0xCA, 0x00, 0x4D, 0x00, 0xEB, 0x00, 0x00, 0x00
    .close

party 265
    .byte 0x00, 0x00, 0x05, 0x00, 0x98, 0x00, 0x00, 0x00
    .close

party 266
    .byte 0x1E, 0x00, 0x0E, 0x00, 0x5C, 0x00, 0x00, 0x00, 0x1E, 0x00, 0x10, 0x00, 0x29, 0x00, 0x00, 0x00
    .byte 0x1E, 0x00, 0x12, 0x00, 0x9C, 0x00, 0x00, 0x00
    .close

party 267
    .byte 0x50, 0x00, 0x19, 0x00, 0x5D, 0x00, 0x7A, 0x00, 0x6D, 0x00, 0xD4, 0x00, 0xAE, 0x00, 0x00, 0x00
    .byte 0x50, 0x00, 0x16, 0x00, 0x51, 0x00, 0x56, 0x00, 0x54, 0x00, 0x30, 0x00, 0x31, 0x00, 0x00, 0x00
    .byte 0x50, 0x00, 0x19, 0x00, 0x2A, 0x00, 0x31, 0x01, 0x30, 0x00, 0x2C, 0x00, 0x11, 0x00, 0x00, 0x00
    .byte 0x50, 0x00, 0x16, 0x00, 0x9C, 0x00, 0xAC, 0x00, 0x6C, 0x00, 0x34, 0x00, 0x62, 0x00, 0x00, 0x00
    .close

party 268
    .byte 0xA0, 0x00, 0x2D, 0x00, 0xCD, 0x01, 0xA4, 0x01, 0xD7, 0x01, 0xB9, 0x00, 0x9A, 0x00, 0x00, 0x00
    .byte 0xA0, 0x00, 0x2D, 0x00, 0xA9, 0x00, 0x31, 0x01, 0x2C, 0x00, 0x6D, 0x00, 0x3A, 0x01, 0x00, 0x00
    .byte 0xA0, 0x00, 0x2D, 0x00, 0xCE, 0x01, 0xB3, 0x01, 0x30, 0x00, 0x56, 0x00, 0xAE, 0x01, 0x00, 0x00
    .byte 0xA0, 0x00, 0x2D, 0x00, 0x5E, 0x00, 0xD4, 0x00, 0xBC, 0x00, 0xF7, 0x00, 0x6D, 0x00, 0x00, 0x00
    .byte 0xA0, 0x00, 0x2D, 0x00, 0x40, 0x00, 0x32, 0x00, 0x3C, 0x00, 0x69, 0x00, 0x73, 0x00, 0x00, 0x00
    .byte 0xA0, 0x00, 0x2D, 0x00, 0x9D, 0x00, 0xB4, 0x01, 0x81, 0x00, 0x62, 0x00, 0x9E, 0x01, 0x00, 0x00
    .close

party 269
    .byte 0x1E, 0x00, 0x0E, 0x00, 0x5C, 0x00, 0x00, 0x00, 0x1E, 0x00, 0x10, 0x00, 0x29, 0x00, 0x00, 0x00
    .byte 0x1E, 0x00, 0x12, 0x00, 0x9F, 0x00, 0x00, 0x00
    .close

party 270
    .byte 0x50, 0x00, 0x19, 0x00, 0x5D, 0x00, 0x7A, 0x00, 0x6D, 0x00, 0xD4, 0x00, 0xAE, 0x00, 0x00, 0x00
    .byte 0x50, 0x00, 0x16, 0x00, 0x51, 0x00, 0x56, 0x00, 0x54, 0x00, 0x30, 0x00, 0x31, 0x00, 0x00, 0x00
    .byte 0x50, 0x00, 0x19, 0x00, 0x2A, 0x00, 0x31, 0x01, 0x30, 0x00, 0x2C, 0x00, 0x11, 0x00, 0x00, 0x00
    .byte 0x50, 0x00, 0x16, 0x00, 0x9F, 0x00, 0xB8, 0x00, 0xA7, 0x01, 0x37, 0x00, 0x2C, 0x00, 0x00, 0x00
    .close

party 271
    .byte 0x78, 0x00, 0x24, 0x00, 0xA9, 0x00, 0x31, 0x01, 0x2C, 0x00, 0x6D, 0x00, 0x3A, 0x01, 0x00, 0x00
    .byte 0x78, 0x00, 0x24, 0x00, 0x52, 0x00, 0x30, 0x00, 0xB3, 0x01, 0xAE, 0x01, 0x56, 0x00, 0x00, 0x00
    .byte 0x78, 0x00, 0x23, 0x00, 0x5D, 0x00, 0x6D, 0x00, 0xD4, 0x00, 0xAE, 0x00, 0xF7, 0x00, 0x00, 0x00
    .byte 0x78, 0x00, 0x23, 0x00, 0xD7, 0x00, 0xA4, 0x01, 0xE8, 0x00, 0x9A, 0x00, 0xB9, 0x00, 0x00, 0x00
    .byte 0x78, 0x00, 0x23, 0x00, 0xA0, 0x00, 0xA7, 0x01, 0x37, 0x00, 0xF2, 0x00, 0x25, 0x00, 0x00, 0x00
    .close

party 272
    .byte 0xA0, 0x00, 0x2D, 0x00, 0xCD, 0x01, 0xA4, 0x01, 0xD7, 0x01, 0xB9, 0x00, 0x9A, 0x00, 0x00, 0x00
    .byte 0xA0, 0x00, 0x2D, 0x00, 0xA9, 0x00, 0x31, 0x01, 0x2C, 0x00, 0x6D, 0x00, 0x3A, 0x01, 0x00, 0x00
    .byte 0xA0, 0x00, 0x2D, 0x00, 0xCE, 0x01, 0xB3, 0x01, 0x30, 0x00, 0x56, 0x00, 0xAE, 0x01, 0x00, 0x00
    .byte 0xA0, 0x00, 0x2D, 0x00, 0x5E, 0x00, 0xD4, 0x00, 0xBC, 0x00, 0xF7, 0x00, 0x6D, 0x00, 0x00, 0x00
    .byte 0xA0, 0x00, 0x2D, 0x00, 0x40, 0x00, 0x32, 0x00, 0x3C, 0x00, 0x69, 0x00, 0x73, 0x00, 0x00, 0x00
    .byte 0xA0, 0x00, 0x2D, 0x00, 0xA0, 0x00, 0x7F, 0x00, 0xA7, 0x01, 0xF2, 0x00, 0xA3, 0x00, 0x00, 0x00
    .close

party 273
    .byte 0x00, 0x00, 0x0D, 0x00, 0x78, 0x00, 0x00, 0x00, 0x00, 0x00, 0x12, 0x00, 0x79, 0x00, 0x00, 0x00
    .byte 0x00, 0x00, 0x10, 0x00, 0x74, 0x00, 0x00, 0x00
    .close

party 274
    .byte 0x00, 0x00, 0x11, 0x00, 0x4A, 0x00, 0x00, 0x00, 0x00, 0x00, 0x11, 0x00, 0x4A, 0x00, 0x00, 0x00
    .byte 0x00, 0x00, 0x1F, 0x00, 0x36, 0x00, 0x00, 0x00
    .close

party 275
    .byte 0x00, 0x00, 0x17, 0x00, 0x4A, 0x00, 0x00, 0x00, 0x00, 0x00, 0x21, 0x00, 0x4B, 0x00, 0x00, 0x00
    .byte 0x00, 0x00, 0x24, 0x00, 0x37, 0x00, 0x00, 0x00, 0x00, 0x00, 0x20, 0x00, 0xDA, 0x00, 0x00, 0x00
    .close

party 276
    .byte 0x00, 0x00, 0x23, 0x00, 0x46, 0x00, 0x00, 0x00, 0x00, 0x20, 0x26, 0x00, 0x1E, 0x00, 0x00, 0x00
    .close

party 277
    .byte 0x00, 0x00, 0x27, 0x00, 0x46, 0x00, 0x00, 0x00, 0x00, 0x00, 0x26, 0x00, 0x21, 0x00, 0x00, 0x00
    .byte 0x00, 0x20, 0x28, 0x00, 0x1F, 0x00, 0x00, 0x00
    .close

party 278
    .byte 0x1E, 0x00, 0x1E, 0x00, 0x5F, 0x00, 0x00, 0x00, 0x1E, 0x00, 0x25, 0x00, 0x44, 0x00, 0x00, 0x00
    .byte 0x1E, 0x00, 0x21, 0x00, 0x5F, 0x00, 0x00, 0x00, 0x1E, 0x00, 0x29, 0x00, 0x6A, 0x00, 0x00, 0x00
    .close

party 279
    .byte 0x00, 0x00, 0x22, 0x00, 0x14, 0x00, 0x00, 0x00
    .close

party 280
    .byte 0x00, 0x00, 0x28, 0x00, 0x14, 0x00, 0xA2, 0x00, 0x62, 0x00, 0x9E, 0x00, 0xB8, 0x00, 0x00, 0x00
    .close

party 281
    .byte 0x00, 0x00, 0x12, 0x00, 0x05, 0x00, 0x00, 0x00
    .close

party 282
    .byte 0x00, 0x00, 0x10, 0x00, 0x6D, 0x00, 0x00, 0x00, 0x00, 0x00, 0x11, 0x00, 0x3A, 0x00, 0x00, 0x00
    .byte 0x00, 0x00, 0x10, 0x00, 0x6D, 0x00, 0x00, 0x00
    .close

party 283
    .byte 0x00, 0x00, 0x28, 0x00, 0x3B, 0x00, 0x2E, 0x00, 0xAC, 0x00, 0x2B, 0x00, 0x2C, 0x00, 0x00, 0x00
    .byte 0x00, 0x00, 0x28, 0x00, 0x49, 0x00, 0x39, 0x00, 0x30, 0x00, 0xEE, 0x01, 0x97, 0x00, 0x00, 0x00
    .close

party 284
    .byte 0x00, 0x00, 0x21, 0x00, 0x6D, 0x00, 0x00, 0x00, 0x00, 0x00, 0x24, 0x00, 0x7E, 0x00, 0x00, 0x00
    .byte 0x00, 0x00, 0x21, 0x00, 0x6D, 0x00, 0x00, 0x00, 0x00, 0x00, 0x26, 0x00, 0x6D, 0x00, 0x00, 0x00
    .close

party 285
    .byte 0xC8, 0x00, 0x2E, 0x00, 0xD7, 0x00, 0x62, 0x00, 0xC4, 0x00, 0xB9, 0x00, 0xA5, 0x01, 0x00, 0x00
    .byte 0xC8, 0x00, 0x2F, 0x00, 0x2A, 0x00, 0x31, 0x01, 0x2C, 0x00, 0x6D, 0x00, 0x3A, 0x01, 0x00, 0x00
    .byte 0xC8, 0x00, 0x2E, 0x00, 0x52, 0x00, 0xB3, 0x01, 0x30, 0x00, 0x56, 0x00, 0xBB, 0x01, 0x00, 0x00
    .byte 0xC8, 0x00, 0x30, 0x00, 0x5E, 0x00, 0xD4, 0x00, 0xAE, 0x00, 0xF7, 0x00, 0x6D, 0x00, 0x00, 0x00
    .byte 0xC8, 0x00, 0x30, 0x00, 0x41, 0x00, 0x32, 0x00, 0x69, 0x00, 0x73, 0x00, 0x5E, 0x00, 0x00, 0x00
    .byte 0xC8, 0x00, 0x32, 0x00, 0x9A, 0x00, 0x50, 0x00, 0x4D, 0x00, 0xEB, 0x00, 0x71, 0x00, 0x00, 0x00
    .close

party 286
    .byte 0xC8, 0x00, 0x2E, 0x00, 0xD7, 0x00, 0x62, 0x00, 0xC4, 0x00, 0xB9, 0x00, 0xA5, 0x01, 0x00, 0x00
    .byte 0xC8, 0x00, 0x2F, 0x00, 0x2A, 0x00, 0x31, 0x01, 0x2C, 0x00, 0x6D, 0x00, 0x3A, 0x01, 0x00, 0x00
    .byte 0xC8, 0x00, 0x2E, 0x00, 0x52, 0x00, 0xB3, 0x01, 0x30, 0x00, 0x56, 0x00, 0xBB, 0x01, 0x00, 0x00
    .byte 0xC8, 0x00, 0x30, 0x00, 0x5E, 0x00, 0xD4, 0x00, 0xAE, 0x00, 0xF7, 0x00, 0x6D, 0x00, 0x00, 0x00
    .byte 0xC8, 0x00, 0x30, 0x00, 0x41, 0x00, 0x32, 0x00, 0x69, 0x00, 0x73, 0x00, 0x5E, 0x00, 0x00, 0x00
    .byte 0xC8, 0x00, 0x32, 0x00, 0x9D, 0x00, 0x35, 0x00, 0x62, 0x00, 0xAC, 0x00, 0x81, 0x00, 0x00, 0x00
    .close

party 287
    .byte 0xC8, 0x00, 0x2E, 0x00, 0xD7, 0x00, 0x62, 0x00, 0xC4, 0x00, 0xB9, 0x00, 0xA5, 0x01, 0x00, 0x00
    .byte 0xC8, 0x00, 0x2F, 0x00, 0x2A, 0x00, 0x31, 0x01, 0x2C, 0x00, 0x6D, 0x00, 0x3A, 0x01, 0x00, 0x00
    .byte 0xC8, 0x00, 0x2E, 0x00, 0x52, 0x00, 0xB3, 0x01, 0x30, 0x00, 0x56, 0x00, 0xBB, 0x01, 0x00, 0x00
    .byte 0xC8, 0x00, 0x30, 0x00, 0x5E, 0x00, 0xD4, 0x00, 0xAE, 0x00, 0xF7, 0x00, 0x6D, 0x00, 0x00, 0x00
    .byte 0xC8, 0x00, 0x30, 0x00, 0x41, 0x00, 0x32, 0x00, 0x69, 0x00, 0x73, 0x00, 0x5E, 0x00, 0x00, 0x00
    .byte 0xC8, 0x00, 0x32, 0x00, 0xA0, 0x00, 0x7F, 0x00, 0xA7, 0x01, 0xF2, 0x00, 0xA3, 0x00, 0x00, 0x00
    .close

party 288
    .byte 0x78, 0x00, 0x24, 0x00, 0xA9, 0x00, 0x31, 0x01, 0x2C, 0x00, 0x6D, 0x00, 0x3A, 0x01, 0x00, 0x00
    .byte 0x78, 0x00, 0x24, 0x00, 0x52, 0x00, 0x30, 0x00, 0xB3, 0x01, 0xAE, 0x01, 0x56, 0x00, 0x00, 0x00
    .byte 0x78, 0x00, 0x23, 0x00, 0x5D, 0x00, 0x6D, 0x00, 0xD4, 0x00, 0xAE, 0x00, 0xF7, 0x00, 0x00, 0x00
    .byte 0x78, 0x00, 0x23, 0x00, 0xD7, 0x00, 0xA4, 0x01, 0xE8, 0x00, 0x9A, 0x00, 0xB9, 0x00, 0x00, 0x00
    .byte 0x78, 0x00, 0x23, 0x00, 0x9A, 0x00, 0x73, 0x00, 0xCA, 0x00, 0x4D, 0x00, 0x60, 0x02, 0x00, 0x00
    .close

party 289
    .byte 0x78, 0x00, 0x24, 0x00, 0xA9, 0x00, 0x31, 0x01, 0x2C, 0x00, 0x6D, 0x00, 0x3A, 0x01, 0x00, 0x00
    .byte 0x78, 0x00, 0x24, 0x00, 0x52, 0x00, 0x30, 0x00, 0xB3, 0x01, 0xAE, 0x01, 0x56, 0x00, 0x00, 0x00
    .byte 0x78, 0x00, 0x23, 0x00, 0x5D, 0x00, 0x6D, 0x00, 0xD4, 0x00, 0xAE, 0x00, 0xF7, 0x00, 0x00, 0x00
    .byte 0x78, 0x00, 0x23, 0x00, 0xD7, 0x00, 0xA4, 0x01, 0xE8, 0x00, 0x9A, 0x00, 0xB9, 0x00, 0x00, 0x00
    .byte 0x78, 0x00, 0x23, 0x00, 0x9D, 0x00, 0x9E, 0x01, 0x81, 0x00, 0x62, 0x00, 0xAC, 0x00, 0x00, 0x00
    .close

party 290
    .byte 0x00, 0x00, 0x08, 0x00, 0x45, 0x00, 0x00, 0x00, 0x00, 0x00, 0x08, 0x00, 0xA3, 0x00, 0x00, 0x00
    .byte 0x00, 0x00, 0x0B, 0x00, 0x46, 0x00, 0x00, 0x00
    .close

party 291
    .byte 0x00, 0x00, 0x2E, 0x00, 0x6E, 0x01, 0x00, 0x00
    .close

party 292
    .byte 0x00, 0x00, 0x14, 0x00, 0x77, 0x00, 0x00, 0x00
    .close

party 293
    .byte 0x00, 0x20, 0x27, 0x00, 0xB7, 0x00, 0x00, 0x00, 0x00, 0x20, 0x27, 0x00, 0xB7, 0x00, 0x00, 0x00
    .byte 0x00, 0x20, 0x2A, 0x00, 0x83, 0x00, 0x00, 0x00
    .close

party 294
    .byte 0x00, 0x20, 0x2A, 0x00, 0x79, 0x00, 0x55, 0x00, 0x39, 0x00, 0x3A, 0x00, 0x69, 0x00, 0x00, 0x00
    .byte 0x00, 0x20, 0x2A, 0x00, 0x79, 0x00, 0x55, 0x00, 0x39, 0x00, 0x3A, 0x00, 0x69, 0x00, 0x00, 0x00
    .byte 0x00, 0x20, 0x2A, 0x00, 0x79, 0x00, 0x69, 0x00, 0x60, 0x01, 0x57, 0x00, 0x3B, 0x00, 0x00, 0x00
    .close

party 295
    .byte 0x00, 0x00, 0x14, 0x00, 0x77, 0x00, 0x00, 0x00
    .close

party 296
    .byte 0x00, 0x00, 0x25, 0x00, 0x56, 0x00, 0x00, 0x00, 0x00, 0x00, 0x2A, 0x00, 0x57, 0x00, 0x00, 0x00
    .close

party 297
    .byte 0x00, 0x20, 0x30, 0x00, 0x37, 0x00, 0x60, 0x01, 0xAC, 0x01, 0xF4, 0x00, 0x32, 0x00, 0x00, 0x00
    .close

party 298
    .byte 0x00, 0x20, 0x2E, 0x00, 0x77, 0x00, 0x60, 0x01, 0x88, 0x01, 0x30, 0x00, 0x8E, 0x01, 0x00, 0x00
    .byte 0x00, 0x20, 0x2E, 0x00, 0x77, 0x00, 0x60, 0x01, 0x88, 0x01, 0x30, 0x00, 0x8E, 0x01, 0x00, 0x00
    .close

party 299
    .byte 0x32, 0x00, 0x0D, 0x00, 0x10, 0x00, 0x00, 0x00, 0x32, 0x20, 0x2C, 0x00, 0x12, 0x00, 0x00, 0x00
    .close

party 300
    .byte 0x32, 0x00, 0x26, 0x00, 0x16, 0x00, 0x00, 0x00, 0x32, 0x00, 0x2C, 0x00, 0x16, 0x00, 0x00, 0x00
    .close

party 301
    .byte 0x32, 0x20, 0x27, 0x00, 0x54, 0x00, 0x00, 0x00, 0x32, 0x20, 0x25, 0x00, 0x54, 0x00, 0x00, 0x00
    .byte 0x32, 0x20, 0x29, 0x00, 0x55, 0x00, 0x00, 0x00
    .close

party 302
    .byte 0x32, 0x00, 0x30, 0x00, 0xA4, 0x00, 0x00, 0x00
    .close

party 303
    .byte 0x32, 0x00, 0x2C, 0x00, 0x53, 0x00, 0x00, 0x00
    .close

party 304
    .byte 0x00, 0x00, 0x21, 0x00, 0x4B, 0x00, 0x00, 0x00, 0x00, 0x00, 0x24, 0x00, 0x4B, 0x00, 0x00, 0x00
    .byte 0x00, 0x00, 0x28, 0x00, 0x2A, 0x00, 0x00, 0x00, 0x00, 0x00, 0x2A, 0x00, 0x37, 0x00, 0x00, 0x00
    .close

party 305
    .byte 0x00, 0x00, 0x21, 0x00, 0x4B, 0x00, 0x00, 0x00, 0x00, 0x00, 0x24, 0x00, 0x4B, 0x00, 0x00, 0x00
    .byte 0x00, 0x00, 0x28, 0x00, 0x2A, 0x00, 0x00, 0x00, 0x00, 0x00, 0x2A, 0x00, 0x37, 0x00, 0x00, 0x00
    .close

party 306
    .byte 0x00, 0x00, 0x21, 0x00, 0x4B, 0x00, 0x00, 0x00, 0x00, 0x00, 0x24, 0x00, 0x4B, 0x00, 0x00, 0x00
    .byte 0x00, 0x00, 0x28, 0x00, 0x2A, 0x00, 0x00, 0x00, 0x00, 0x00, 0x2A, 0x00, 0x37, 0x00, 0x00, 0x00
    .close

party 307
    .byte 0x00, 0x00, 0x21, 0x00, 0x4B, 0x00, 0x00, 0x00, 0x00, 0x00, 0x24, 0x00, 0x4B, 0x00, 0x00, 0x00
    .byte 0x00, 0x00, 0x28, 0x00, 0x2A, 0x00, 0x00, 0x00, 0x00, 0x00, 0x2A, 0x00, 0x37, 0x00, 0x00, 0x00
    .close

party 308
    .byte 0x50, 0x20, 0x32, 0x00, 0x70, 0x00, 0x9D, 0x00, 0xA3, 0x01, 0x67, 0x01, 0x24, 0x00, 0x00, 0x00
    .close

party 309
    .byte 0x00, 0x00, 0x26, 0x00, 0x6D, 0x00, 0x00, 0x00, 0x00, 0x00, 0x27, 0x00, 0x6D, 0x00, 0x00, 0x00
    .byte 0x00, 0x00, 0x28, 0x00, 0x6D, 0x00, 0x00, 0x00, 0x00, 0x00, 0x29, 0x00, 0x6D, 0x00, 0x00, 0x00
    .close

party 310
    .byte 0x00, 0x00, 0x2D, 0x00, 0x88, 0x00, 0x00, 0x00
    .close

party 311
    .byte 0x00, 0x00, 0x2B, 0x00, 0x6D, 0x00, 0x00, 0x00, 0x00, 0x00, 0x2B, 0x00, 0x6D, 0x00, 0x00, 0x00
    .close

party 312
    .byte 0x00, 0x00, 0x29, 0x00, 0x6D, 0x00, 0x00, 0x00, 0x00, 0x00, 0x29, 0x00, 0x05, 0x00, 0x00, 0x00
    .byte 0x00, 0x00, 0x2A, 0x00, 0x6E, 0x00, 0x00, 0x00
    .close

party 313
    .byte 0x00, 0x00, 0x2D, 0x00, 0x6E, 0x00, 0x00, 0x00
    .close

party 314
    .byte 0x00, 0x00, 0x2B, 0x00, 0x7E, 0x00, 0x00, 0x00, 0x00, 0x00, 0x2B, 0x00, 0x7E, 0x00, 0x00, 0x00
    .close

party 315
    .byte 0x00, 0x00, 0x27, 0x00, 0x6D, 0x00, 0x00, 0x00, 0x00, 0x00, 0x29, 0x00, 0x7E, 0x00, 0x00, 0x00
    .byte 0x00, 0x00, 0x2B, 0x00, 0x6E, 0x00, 0x00, 0x00
    .close

party 316
    .byte 0x00, 0x00, 0x27, 0x00, 0x66, 0x00, 0x5E, 0x00, 0x5F, 0x00, 0x8C, 0x00, 0x8A, 0x00, 0x00, 0x00
    .byte 0x00, 0x00, 0x27, 0x00, 0x66, 0x00, 0x5E, 0x00, 0x5F, 0x00, 0x8C, 0x00, 0x8A, 0x00, 0x00, 0x00
    .byte 0x00, 0x00, 0x27, 0x00, 0x67, 0x00, 0x5E, 0x00, 0x5F, 0x00, 0xC4, 0x01, 0x8A, 0x00, 0x00, 0x00
    .close

party 317
    .byte 0x00, 0x20, 0x2B, 0x00, 0xB2, 0x00, 0xF8, 0x00, 0x77, 0x01, 0x6D, 0x00, 0x7E, 0x01, 0x00, 0x00
    .close

party 318
    .byte 0x00, 0x00, 0x2A, 0x00, 0x6E, 0x00, 0x35, 0x00, 0x99, 0x00, 0xCA, 0x01, 0x7C, 0x00, 0x00, 0x00
    .byte 0x00, 0x00, 0x2D, 0x00, 0xDB, 0x00, 0xB4, 0x01, 0x85, 0x00, 0xF6, 0x00, 0x69, 0x00, 0x00, 0x00
    .close

party 319
    .byte 0x00, 0x00, 0x0C, 0x00, 0x6D, 0x00, 0x00, 0x00, 0x00, 0x00, 0x0C, 0x00, 0x42, 0x01, 0x00, 0x00
    .close

party 320
    .byte 0x00, 0x00, 0x24, 0x00, 0xDF, 0x00, 0x00, 0x00, 0x00, 0x00, 0x2A, 0x00, 0xE0, 0x00, 0x00, 0x00
    .close

party 321
    .byte 0x00, 0x00, 0x2B, 0x00, 0xC3, 0x00, 0x00, 0x00, 0x00, 0x00, 0x26, 0x00, 0xD3, 0x00, 0x00, 0x00
    .byte 0x00, 0x00, 0x26, 0x00, 0x49, 0x00, 0x00, 0x00
    .close

party 322
    .byte 0x00, 0x00, 0x28, 0x00, 0x82, 0x00, 0x00, 0x00, 0x00, 0x00, 0x25, 0x00, 0x82, 0x00, 0x00, 0x00
    .byte 0x00, 0x00, 0x25, 0x00, 0x82, 0x00, 0x00, 0x00
    .close

party 323
    .byte 0x00, 0x00, 0x21, 0x00, 0xD3, 0x00, 0x00, 0x00
    .close

party 324
    .byte 0x00, 0x00, 0x1E, 0x00, 0x76, 0x00, 0x00, 0x00, 0x00, 0x00, 0x1E, 0x00, 0x76, 0x00, 0x00, 0x00
    .byte 0x00, 0x00, 0x26, 0x00, 0xD3, 0x00, 0x00, 0x00
    .close

party 325
    .byte 0x00, 0x00, 0x20, 0x00, 0x76, 0x00, 0x00, 0x00, 0x00, 0x00, 0x20, 0x00, 0x76, 0x00, 0x00, 0x00
    .byte 0x00, 0x00, 0x24, 0x00, 0x77, 0x00, 0x00, 0x00
    .close

party 326
    .byte 0x00, 0x00, 0x2F, 0x00, 0x47, 0x00, 0xCA, 0x00, 0x4F, 0x00, 0xBC, 0x00, 0xB6, 0x00, 0x00, 0x00
    .byte 0x00, 0x00, 0x2F, 0x00, 0x2D, 0x00, 0xCA, 0x00, 0x4E, 0x00, 0x99, 0x01, 0xD5, 0x00, 0x00, 0x00
    .close

party 327
    .byte 0x00, 0x20, 0x2B, 0x00, 0x7C, 0x00, 0x00, 0x00, 0x00, 0x00, 0x2B, 0x00, 0x7D, 0x00, 0x00, 0x00
    .byte 0x00, 0x00, 0x2B, 0x00, 0x7E, 0x00, 0x00, 0x00
    .close

party 328
    .byte 0x00, 0x00, 0x29, 0x00, 0xB2, 0x00, 0x6D, 0x00, 0x65, 0x00, 0x13, 0x00, 0x5E, 0x00, 0x00, 0x00
    .byte 0x00, 0x20, 0x2B, 0x00, 0x41, 0x00, 0x5E, 0x00, 0x5B, 0x01, 0x73, 0x00, 0x9B, 0x01, 0x00, 0x00
    .close

party 329
    .byte 0x00, 0x00, 0x2D, 0x00, 0x2B, 0x00, 0x9E, 0x00, 0x00, 0x00
    .close

party 330
    .byte 0x00, 0x00, 0x2C, 0x00, 0x72, 0x00, 0x9E, 0x00, 0x00, 0x00, 0x00, 0x00, 0x2A, 0x00, 0x86, 0x00
    .byte 0x00, 0x00, 0x00, 0x00
    .close

party 331
    .byte 0x00, 0x20, 0x27, 0x00, 0x2F, 0x00, 0x00, 0x00, 0x00, 0x00, 0x25, 0x00, 0x3D, 0x00, 0x00, 0x00
    .byte 0x00, 0x00, 0x23, 0x00, 0x84, 0x00, 0x00, 0x00
    .close

party 332
    .byte 0x00, 0x20, 0x2B, 0x00, 0xBC, 0x00, 0x00, 0x00, 0x00, 0x00, 0x2B, 0x00, 0xBC, 0x00, 0x00, 0x00
    .close

party 333
    .byte 0x00, 0x20, 0x29, 0x00, 0x1E, 0x00, 0x00, 0x00, 0x00, 0x00, 0x2D, 0x00, 0x1A, 0x00, 0x00, 0x00
    .close

party 334
    .byte 0x00, 0x00, 0x1A, 0x00, 0xBC, 0x00, 0x00, 0x00, 0x00, 0x00, 0x1A, 0x00, 0xBC, 0x00, 0x00, 0x00
    .byte 0x00, 0x00, 0x2C, 0x00, 0x02, 0x00, 0x00, 0x00
    .close

party 335
    .byte 0x00, 0x00, 0x20, 0x00, 0x2C, 0x00, 0x00, 0x00, 0x00, 0x20, 0x29, 0x00, 0x4E, 0x00, 0x00, 0x00
    .close

party 336
    .byte 0x00, 0x00, 0x31, 0x00, 0x67, 0x00, 0xCA, 0x00, 0x71, 0x00, 0x79, 0x00, 0x5F, 0x00, 0x00, 0x00
    .close

party 337
    .byte 0x00, 0x00, 0x2E, 0x00, 0x19, 0x00, 0xB3, 0x01, 0x71, 0x00, 0x56, 0x00, 0x68, 0x00, 0x00, 0x00
    .byte 0x00, 0x00, 0x2B, 0x00, 0xB4, 0x00, 0x5F, 0x01, 0x44, 0x01, 0xC3, 0x01, 0x68, 0x00, 0x00, 0x00
    .byte 0x00, 0x00, 0x2A, 0x00, 0x35, 0x01, 0x5F, 0x01, 0x2E, 0x00, 0x56, 0x00, 0xA6, 0x01, 0x00, 0x00
    .close

party 338
    .byte 0x00, 0x00, 0x14, 0x00, 0x4D, 0x00, 0x00, 0x00
    .close

party 339
    .byte 0x1E, 0x20, 0x26, 0x00, 0x43, 0x00, 0x00, 0x00, 0x1E, 0x20, 0x28, 0x00, 0x43, 0x00, 0x00, 0x00
    .byte 0x1E, 0x00, 0x2A, 0x00, 0x33, 0x01, 0x00, 0x00
    .close

party 340
    .byte 0x00, 0x00, 0x0F, 0x00, 0xA1, 0x00, 0x00, 0x00
    .close

party 341
    .byte 0x00, 0x00, 0x0F, 0x00, 0xA1, 0x00, 0x00, 0x00
    .close

party 342
    .byte 0x00, 0x00, 0x0F, 0x00, 0xA1, 0x00, 0x00, 0x00
    .close

party 343
    .byte 0x00, 0x00, 0x0F, 0x00, 0xA1, 0x00, 0x00, 0x00
    .close

party 344
    .byte 0x00, 0x00, 0x0F, 0x00, 0xA1, 0x00, 0x00, 0x00
    .close

party 345
    .byte 0x00, 0x00, 0x0F, 0x00, 0xA1, 0x00, 0x00, 0x00
    .close

party 346
    .byte 0x00, 0x00, 0x2C, 0x00, 0x2E, 0x00, 0xCA, 0x00, 0x93, 0x00, 0xA3, 0x00, 0xD5, 0x00, 0x00, 0x00
    .byte 0x00, 0x00, 0x2C, 0x00, 0xC7, 0x01, 0xCA, 0x00, 0x7A, 0x01, 0x13, 0x01, 0xD5, 0x00, 0x00, 0x00
    .byte 0x00, 0x00, 0x2F, 0x00, 0x2F, 0x00, 0xCA, 0x00, 0x93, 0x00, 0xD5, 0x00, 0x94, 0x01, 0x00, 0x00
    .close

party 347
    .byte 0x00, 0x00, 0x0F, 0x00, 0xA1, 0x00, 0x00, 0x00
    .close

party 348
    .byte 0x00, 0x20, 0x2B, 0x00, 0xC3, 0x00, 0x00, 0x00
    .close

party 349
    .byte 0x00, 0x00, 0x20, 0x00, 0x19, 0x00, 0x00, 0x00, 0x00, 0x00, 0x20, 0x00, 0x19, 0x00, 0x00, 0x00
    .byte 0x00, 0x00, 0x20, 0x00, 0x19, 0x00, 0x00, 0x00, 0x00, 0x00, 0x20, 0x00, 0x19, 0x00, 0x00, 0x00
    .byte 0x00, 0x00, 0x20, 0x00, 0x19, 0x00, 0x00, 0x00, 0x00, 0x00, 0x20, 0x00, 0x19, 0x00, 0x00, 0x00
    .close

party 350
    .byte 0x00, 0x00, 0x26, 0x00, 0x01, 0x00, 0x00, 0x00, 0x00, 0x00, 0x26, 0x00, 0x04, 0x00, 0x00, 0x00
    .byte 0x00, 0x00, 0x26, 0x00, 0x07, 0x00, 0x00, 0x00
    .close

party 351
    .byte 0x00, 0x20, 0x2A, 0x00, 0x36, 0x00, 0x00, 0x00
    .close

party 352
    .byte 0x00, 0x20, 0x1F, 0x00, 0xA1, 0x00, 0x00, 0x00, 0x00, 0x20, 0x1F, 0x00, 0xA1, 0x00, 0x00, 0x00
    .byte 0x00, 0x20, 0x1F, 0x00, 0xA1, 0x00, 0x00, 0x00, 0x00, 0x20, 0x24, 0x00, 0xA2, 0x00, 0x00, 0x00
    .byte 0x00, 0x20, 0x1F, 0x00, 0xA1, 0x00, 0x00, 0x00
    .close

party 353
    .byte 0x1E, 0x00, 0x27, 0x00, 0x2A, 0x00, 0x00, 0x00
    .close

party 354
    .byte 0x00, 0x00, 0x26, 0x00, 0x2C, 0x00, 0x9E, 0x00, 0x00, 0x00, 0x00, 0x20, 0x29, 0x00, 0x11, 0x00
    .byte 0x00, 0x00, 0x00, 0x00, 0x00, 0x00, 0x29, 0x00, 0xB6, 0x00, 0x00, 0x00, 0x00, 0x00
    .close

party 355
    .byte 0x00, 0x00, 0x26, 0x00, 0x2E, 0x00, 0x00, 0x00, 0x00, 0x20, 0x26, 0x00, 0x2E, 0x00, 0x00, 0x00
    .byte 0x00, 0x00, 0x2A, 0x00, 0x2F, 0x00, 0x00, 0x00
    .close

party 356
    .byte 0x00, 0x00, 0x2C, 0x00, 0xBC, 0x00, 0xCA, 0x00, 0x71, 0x01, 0x49, 0x00, 0xF1, 0x00, 0x00, 0x00
    .byte 0x00, 0x00, 0x2D, 0x00, 0xBB, 0x00, 0xCA, 0x00, 0x71, 0x01, 0x4E, 0x00, 0x54, 0x01, 0x00, 0x00
    .byte 0x00, 0x00, 0x2E, 0x00, 0xBD, 0x00, 0xCA, 0x00, 0x71, 0x01, 0x4F, 0x00, 0xF1, 0x00, 0x00, 0x00
    .close

party 357
    .byte 0x00, 0x20, 0x2B, 0x00, 0x5F, 0x00, 0x00, 0x00, 0x00, 0x00, 0x2D, 0x00, 0x33, 0x00, 0x00, 0x00
    .close

party 358
    .byte 0x00, 0x00, 0x1B, 0x00, 0x1C, 0x00, 0x00, 0x00, 0x00, 0x00, 0x1D, 0x00, 0x4B, 0x00, 0x00, 0x00
    .byte 0x00, 0x00, 0x21, 0x00, 0x4C, 0x00, 0x00, 0x00
    .close

party 359
    .byte 0x00, 0x20, 0x2D, 0x00, 0x44, 0x00, 0x00, 0x00
    .close

party 360
    .byte 0x00, 0x00, 0x24, 0x00, 0x30, 0x00, 0x00, 0x00
    .close

party 361
    .byte 0x32, 0x20, 0x30, 0x00, 0x6F, 0x00, 0x24, 0x00, 0xBC, 0x01, 0x20, 0x00, 0x59, 0x00, 0x00, 0x00
    .byte 0x32, 0x00, 0x2E, 0x00, 0x05, 0x00, 0x35, 0x00, 0xA3, 0x00, 0xB8, 0x00, 0x4C, 0x01, 0x00, 0x00
    .byte 0x32, 0x00, 0x2E, 0x00, 0x08, 0x00, 0x38, 0x00, 0x3A, 0x00, 0x2C, 0x00, 0xCF, 0x00, 0x00, 0x00
    .close

party 362
    .byte 0x32, 0x00, 0x2F, 0x00, 0x02, 0x00, 0x4C, 0x00, 0x26, 0x00, 0xEB, 0x00, 0xBC, 0x00, 0x00, 0x00
    .byte 0x32, 0x20, 0x2F, 0x00, 0x79, 0x00, 0x3B, 0x00, 0x6D, 0x00, 0x55, 0x00, 0x60, 0x01, 0x00, 0x00
    .close

party 363
    .byte 0x32, 0x00, 0x1C, 0x00, 0x3D, 0x00, 0x00, 0x00
    .close

party 364
    .byte 0x00, 0x00, 0x2C, 0x00, 0x58, 0x00, 0x00, 0x00, 0x00, 0x00, 0x00, 0x00, 0x2C, 0x00, 0x59, 0x00
    .byte 0x10, 0x01, 0x00, 0x00
    .close

party 365
    .byte 0x00, 0x20, 0x28, 0x00, 0x51, 0x00, 0x00, 0x00, 0x00, 0x00, 0x28, 0x00, 0x51, 0x00, 0x00, 0x00
    .byte 0x00, 0x20, 0x28, 0x00, 0x51, 0x00, 0x00, 0x00
    .close

party 366
    .byte 0x32, 0x20, 0x2F, 0x00, 0x89, 0x00, 0x00, 0x00, 0xC3, 0x01, 0x44, 0x01, 0x3A, 0x00, 0x4C, 0x00
    .byte 0x00, 0x00
    .close

party 367
    .byte 0x00, 0x20, 0x27, 0x00, 0x51, 0x00, 0x00, 0x00, 0x00, 0x00, 0x00, 0x00, 0x29, 0x00, 0x59, 0x00
    .byte 0x5C, 0x00, 0x00, 0x00, 0x00, 0x00, 0x27, 0x00, 0x51, 0x00, 0x00, 0x00, 0x00, 0x00
    .close

party 368
    .byte 0x00, 0x20, 0x2D, 0x00, 0xB4, 0x01, 0xB9, 0x00, 0x1D, 0x01, 0xDB, 0x00, 0x68, 0x01, 0x00, 0x00
    .byte 0x00, 0x20, 0x2D, 0x00, 0x61, 0x00, 0xCF, 0x00, 0x1D, 0x01, 0x3C, 0x00, 0x5F, 0x00, 0x00, 0x00
    .close

party 369
    .byte 0x00, 0x20, 0x2C, 0x00, 0x4F, 0x00, 0x1D, 0x01, 0x85, 0x00, 0x32, 0x00, 0x5E, 0x00, 0x00, 0x00
    .byte 0x00, 0x20, 0x2E, 0x00, 0x50, 0x00, 0x1D, 0x01, 0x2F, 0x01, 0x5E, 0x00, 0x19, 0x01, 0x00, 0x00
    .close

party 370
    .byte 0x00, 0x20, 0x24, 0x00, 0x75, 0x00, 0x00, 0x00, 0x00, 0x00, 0x26, 0x00, 0x48, 0x00, 0x00, 0x00
    .byte 0x00, 0x00, 0x28, 0x00, 0x49, 0x00, 0x00, 0x00, 0x00, 0x20, 0x26, 0x00, 0x76, 0x00, 0x00, 0x00
    .close

party 371
    .byte 0x00, 0x00, 0x28, 0x00, 0x5A, 0x00, 0x00, 0x00, 0x00, 0x20, 0x2C, 0x00, 0x5B, 0x00, 0x00, 0x00
    .close

party 372
    .byte 0x00, 0x00, 0x0D, 0x00, 0x78, 0x00, 0x00, 0x00, 0x00, 0x00, 0x12, 0x00, 0x79, 0x00, 0x00, 0x00
    .byte 0x00, 0x00, 0x10, 0x00, 0x74, 0x00, 0x00, 0x00
    .close

party 373
    .byte 0x00, 0x20, 0x2C, 0x00, 0xB8, 0x00, 0x00, 0x00
    .close

party 374
    .byte 0x00, 0x20, 0x2A, 0x00, 0xC3, 0x00, 0x59, 0x00, 0x19, 0x01, 0x39, 0x00, 0x85, 0x00, 0x00, 0x00
    .byte 0x00, 0x20, 0x2A, 0x00, 0xE0, 0x00, 0x44, 0x01, 0x7A, 0x01, 0xBE, 0x00, 0x3E, 0x00, 0x00, 0x00
    .close

party 375
    .byte 0x00, 0x00, 0x0D, 0x00, 0x78, 0x00, 0x00, 0x00, 0x00, 0x00, 0x12, 0x00, 0x79, 0x00, 0x00, 0x00
    .byte 0x00, 0x00, 0x10, 0x00, 0x74, 0x00, 0x00, 0x00
    .close

party 376
    .byte 0x00, 0x00, 0x0D, 0x00, 0x78, 0x00, 0x00, 0x00, 0x00, 0x00, 0x12, 0x00, 0x79, 0x00, 0x00, 0x00
    .byte 0x00, 0x00, 0x10, 0x00, 0x74, 0x00, 0x00, 0x00
    .close

party 377
    .byte 0x00, 0x20, 0x2B, 0x00, 0x74, 0x00, 0x60, 0x01, 0x74, 0x00, 0xEF, 0x00, 0x61, 0x00, 0x00, 0x00
    .byte 0x00, 0x20, 0x2B, 0x00, 0x75, 0x00, 0x60, 0x01, 0x74, 0x00, 0xEF, 0x00, 0x61, 0x00, 0x00, 0x00
    .close

party 378
    .byte 0x00, 0x00, 0x26, 0x00, 0x16, 0x00, 0x00, 0x00, 0x00, 0x00, 0x2A, 0x00, 0x14, 0x00, 0x00, 0x00
    .close

party 379
    .byte 0x00, 0x00, 0x2A, 0x00, 0x14, 0x00, 0x00, 0x00, 0x00, 0x00, 0x2A, 0x00, 0x18, 0x00, 0x00, 0x00
    .byte 0x00, 0x00, 0x2A, 0x00, 0x2F, 0x00, 0x00, 0x00
    .close

party 380
    .byte 0x00, 0x00, 0x2C, 0x00, 0x3A, 0x00, 0x00, 0x00
    .close

party 381
    .byte 0x00, 0x00, 0x2A, 0x00, 0x1C, 0x00, 0x00, 0x00, 0x00, 0x00, 0x2A, 0x00, 0xA9, 0x00, 0x00, 0x00
    .close

party 382
    .byte 0x00, 0x20, 0x29, 0x00, 0xBF, 0x00, 0x00, 0x00, 0x00, 0x00, 0x1F, 0x00, 0xBE, 0x00, 0x00, 0x00
    .close

party 383
    .byte 0x32, 0x00, 0x0C, 0x00, 0xC7, 0x02, 0x00, 0x00, 0x32, 0x20, 0x0C, 0x00, 0x8C, 0x01, 0x00, 0x00
    .byte 0x32, 0x00, 0x0C, 0x00, 0x15, 0x00, 0x00, 0x00
    .close

party 384
    .byte 0x00, 0x20, 0x0C, 0x00, 0x5F, 0x00, 0x00, 0x00
    .close

party 385
    .byte 0x00, 0x00, 0x10, 0x00, 0xB3, 0x00, 0x00, 0x00, 0x00, 0x00, 0x10, 0x00, 0xB7, 0x00, 0x00, 0x00
    .close

party 386
    .byte 0x00, 0x00, 0x15, 0x00, 0x60, 0x00, 0x5F, 0x00, 0x32, 0x00, 0x8A, 0x00, 0x00, 0x00, 0x00, 0x00
    .close

party 387
    .byte 0x0A, 0x20, 0x0E, 0x00, 0x13, 0x03, 0x00, 0x00, 0x0A, 0x20, 0x0A, 0x00, 0x4F, 0x02, 0x00, 0x00
    .close

party 388
    .byte 0x00, 0x00, 0x15, 0x00, 0x7E, 0x00, 0x00, 0x00, 0x00, 0x00, 0x16, 0x00, 0xC8, 0x02, 0x00, 0x00
    .close

party 389
    .byte 0x00, 0x00, 0x1D, 0x00, 0xC7, 0x00, 0x21, 0x00, 0x2D, 0x00, 0x60, 0x01, 0x5D, 0x00, 0x00, 0x00
    .byte 0x00, 0x20, 0x1D, 0x00, 0x50, 0x00, 0xAE, 0x00, 0x1D, 0x00, 0x60, 0x01, 0x5D, 0x00, 0x00, 0x00
    .close

party 390
    .byte 0x00, 0x00, 0x0D, 0x00, 0x25, 0x00, 0x00, 0x00
    .close

party 391
    .byte 0x00, 0x00, 0x12, 0x00, 0x6C, 0x00, 0x7A, 0x00, 0x30, 0x00, 0x0F, 0x00, 0x00, 0x00, 0x00, 0x00
    .close

party 392
    .byte 0x00, 0x20, 0x12, 0x00, 0x4B, 0x01, 0x00, 0x00, 0x00, 0x20, 0x12, 0x00, 0x12, 0x01, 0x00, 0x00
    .close

party 393
    .byte 0x00, 0x00, 0x12, 0x00, 0x35, 0x01, 0x00, 0x00, 0x00, 0x00, 0x12, 0x00, 0x94, 0x01, 0x00, 0x00
    .byte 0x00, 0x20, 0x10, 0x00, 0xE8, 0x02, 0x00, 0x00, 0x00, 0x00, 0x10, 0x00, 0x51, 0x00, 0x00, 0x00
    .close

party 394
    .byte 0x00, 0x00, 0x0E, 0x00, 0x01, 0x00, 0x00, 0x00, 0x00, 0x00, 0x0E, 0x00, 0x04, 0x00, 0x00, 0x00
    .byte 0x00, 0x00, 0x0E, 0x00, 0x07, 0x00, 0x00, 0x00
    .close

party 395
    .byte 0x00, 0x00, 0x14, 0x00, 0x74, 0x02, 0x3C, 0x00, 0x94, 0x00, 0x00, 0x00, 0x00, 0x00, 0x00, 0x00
    .byte 0x00, 0x00, 0x14, 0x00, 0x71, 0x02, 0x3C, 0x00, 0x94, 0x00, 0x00, 0x00, 0x00, 0x00, 0x00, 0x00
    .byte 0x00, 0x00, 0x14, 0x00, 0x40, 0x00, 0x64, 0x00, 0x86, 0x00, 0x5D, 0x00, 0x00, 0x00, 0x00, 0x00
    .close

party 396
    .byte 0x00, 0x20, 0x2B, 0x00, 0x65, 0x00, 0x81, 0x00, 0x5F, 0x01, 0x67, 0x00, 0x99, 0x00, 0x00, 0x00
    .byte 0x00, 0x00, 0x2B, 0x00, 0x65, 0x00, 0x81, 0x00, 0x5F, 0x01, 0x68, 0x00, 0x71, 0x00, 0x00, 0x00
    .byte 0x00, 0x20, 0x2B, 0x00, 0x65, 0x00, 0x81, 0x00, 0x5F, 0x01, 0x67, 0x00, 0xCD, 0x00, 0x00, 0x00
    .close

party 397
    .byte 0x00, 0x00, 0x1E, 0x00, 0xC4, 0x00, 0x00, 0x00
    .close

party 398
    .byte 0x00, 0x00, 0x1C, 0x00, 0xBD, 0x00, 0x48, 0x00, 0x27, 0x00, 0x21, 0x00, 0x4D, 0x00, 0x00, 0x00
    .byte 0x00, 0x20, 0x1C, 0x00, 0x55, 0x02, 0x9C, 0x01, 0x4B, 0x02, 0x49, 0x00, 0x4A, 0x00, 0x00, 0x00
    .close

party 399
    .byte 0x00, 0x00, 0x24, 0x00, 0x6D, 0x00, 0x00, 0x00, 0x00, 0x00, 0x27, 0x00, 0x88, 0x00, 0x00, 0x00
    .byte 0x00, 0x00, 0x24, 0x00, 0x6D, 0x00, 0x00, 0x00
    .close

party 400
    .byte 0x00, 0x00, 0x1C, 0x00, 0xB4, 0x00, 0x21, 0x00, 0x2D, 0x00, 0x54, 0x00, 0x56, 0x00, 0x00, 0x00
    .byte 0x00, 0x00, 0x1C, 0x00, 0x37, 0x00, 0x37, 0x00, 0x27, 0x00, 0x32, 0x00, 0x5D, 0x00, 0x00, 0x00
    .close

party 401
    .byte 0x00, 0x00, 0x23, 0x00, 0xA4, 0x00, 0x00, 0x00
    .close

party 402
    .byte 0x00, 0x00, 0x24, 0x00, 0xD1, 0x02, 0x11, 0x01, 0x47, 0x02, 0x3F, 0x02, 0x4C, 0x02, 0x00, 0x00
    .close

party 403
    .byte 0x00, 0x00, 0x23, 0x00, 0x1C, 0x00, 0x00, 0x00, 0x00, 0x00, 0x23, 0x00, 0x4B, 0x02, 0x00, 0x00
    .byte 0x00, 0x00, 0x26, 0x00, 0xA9, 0x00, 0x00, 0x00
    .close

party 404
    .byte 0x1E, 0x00, 0x1F, 0x00, 0x18, 0x00, 0x23, 0x00, 0xA7, 0x01, 0xEE, 0x01, 0xF2, 0x00, 0x00, 0x00
    .byte 0x1E, 0x00, 0x21, 0x00, 0x2D, 0x00, 0x3F, 0x02, 0xEC, 0x00, 0x4E, 0x00, 0x4F, 0x00, 0x00, 0x00
    .close

party 405
    .byte 0x00, 0x00, 0x2A, 0x00, 0xB2, 0x00, 0x2B, 0x00, 0x65, 0x00, 0x7E, 0x01, 0x6D, 0x00, 0x00, 0x00
    .byte 0x00, 0x00, 0x28, 0x00, 0x41, 0x00, 0x32, 0x00, 0x3C, 0x00, 0x73, 0x00, 0xC3, 0x01, 0x00, 0x00
    .close

party 406
    .byte 0x00, 0x00, 0x28, 0x00, 0xD0, 0x01, 0x00, 0x00
    .close

party 407
    .byte 0x32, 0x00, 0x26, 0x00, 0x06, 0x00, 0x34, 0x00, 0x6C, 0x00, 0xA8, 0x01, 0xB8, 0x00, 0x00, 0x00
    .byte 0x32, 0x00, 0x28, 0x00, 0x52, 0x00, 0xD1, 0x00, 0x56, 0x00, 0x30, 0x00, 0x3F, 0x01, 0x00, 0x00
    .close

party 408
    .byte 0x32, 0x00, 0x2A, 0x00, 0xB5, 0x00, 0xB3, 0x01, 0xB2, 0x00, 0x0C, 0x01, 0x21, 0x00, 0x00, 0x00
    .byte 0x32, 0x00, 0x2A, 0x00, 0xB6, 0x00, 0x48, 0x00, 0x4E, 0x00, 0x33, 0x00, 0x59, 0x01, 0x00, 0x00
    .close

party 409
    .byte 0x00, 0x00, 0x12, 0x00, 0xD1, 0x00, 0x00, 0x00, 0x00, 0x00, 0x13, 0x00, 0xB3, 0x00, 0x00, 0x00
    .close

party 410
    .byte 0x00, 0x20, 0x14, 0x00, 0xC3, 0x00, 0x37, 0x00, 0xAA, 0x01, 0x15, 0x00, 0x55, 0x01, 0x00, 0x00
    .close

party 411
    .byte 0x00, 0x00, 0x2D, 0x00, 0xC4, 0x00, 0x00, 0x00
    .close

party 412
    .byte 0x00, 0x00, 0x2D, 0x00, 0x79, 0x00, 0x00, 0x00, 0x00, 0x00, 0x2D, 0x00, 0x07, 0x04, 0x00, 0x00
    .byte 0x00, 0x00, 0x2D, 0x00, 0x08, 0x04, 0x00, 0x00
    .close

party 413
    .byte 0x00, 0x20, 0x2D, 0x00, 0xBA, 0x03, 0x38, 0x02, 0x6A, 0x01, 0xF2, 0x00, 0x28, 0x00, 0x00, 0x00
    .byte 0x00, 0x00, 0x2D, 0x00, 0xB5, 0x03, 0xAC, 0x01, 0x6D, 0x00, 0x17, 0x00, 0x5F, 0x00, 0x00, 0x00
    .byte 0x00, 0x00, 0x2D, 0x00, 0x77, 0x00, 0x1F, 0x00, 0x88, 0x01, 0xAF, 0x00, 0x60, 0x01, 0x00, 0x00
    .close

party 414
    .byte 0x32, 0x00, 0x28, 0x00, 0x53, 0x00, 0x00, 0x00
    .close

party 415
    .byte 0x00, 0x20, 0x2A, 0x00, 0x7A, 0x00, 0x1D, 0x01, 0x5E, 0x00, 0x73, 0x00, 0x71, 0x00, 0x00, 0x00
    .byte 0x00, 0x00, 0x2A, 0x00, 0x66, 0x00, 0x1D, 0x01, 0x5E, 0x00, 0x4F, 0x00, 0x49, 0x00, 0x00, 0x00
    .byte 0x00, 0x00, 0x2D, 0x00, 0x66, 0x00, 0x1D, 0x01, 0x5E, 0x00, 0x5F, 0x00, 0xBF, 0x01, 0x00, 0x00
    .close

party 416
    .byte 0x00, 0x00, 0x25, 0x00, 0x2D, 0x00, 0xCA, 0x00, 0x4E, 0x00, 0x99, 0x01, 0xD5, 0x00, 0x00, 0x00
    .byte 0x00, 0x00, 0x25, 0x00, 0x47, 0x00, 0xCA, 0x00, 0x4F, 0x00, 0xBC, 0x00, 0xB6, 0x00, 0x00, 0x00
    .close

party 417
    .byte 0x32, 0x00, 0x18, 0x00, 0x78, 0x00, 0x00, 0x00, 0x32, 0x00, 0x1A, 0x00, 0x79, 0x00, 0x00, 0x00
    .close

party 418
    .byte 0xFA, 0x20, 0x2B, 0x00, 0xED, 0x00, 0x00, 0x00, 0x44, 0x00, 0xFC, 0x00, 0x5B, 0x00, 0xA7, 0x00
    .byte 0x00, 0x00, 0xFA, 0x20, 0x2B, 0x00, 0x6A, 0x00, 0x00, 0x00, 0xCF, 0x00, 0x74, 0x00, 0x88, 0x00
    .byte 0x2B, 0x01, 0x00, 0x00, 0xFA, 0x20, 0x2B, 0x00, 0x6B, 0x00, 0x00, 0x00, 0x09, 0x00, 0x08, 0x00
    .byte 0x07, 0x00, 0xA2, 0x01, 0x00, 0x00, 0xFA, 0x20, 0x2C, 0x00, 0xD0, 0x00, 0x00, 0x00, 0xE1, 0x00
    .byte 0x59, 0x00, 0xC9, 0x00, 0x9D, 0x00, 0x00, 0x00, 0xFA, 0x20, 0x2F, 0x00, 0xD6, 0x00, 0x2B, 0x02
    .byte 0x2A, 0x00, 0x1F, 0x00, 0x24, 0x01, 0x4B, 0x01, 0x00, 0x00
    .close

party 419
    .byte 0x00, 0x00, 0x28, 0x00, 0x28, 0x00, 0x00, 0x00, 0x00, 0x00, 0x2C, 0x00, 0xD2, 0x00, 0x00, 0x00
    .close

party 420
    .byte 0x32, 0x20, 0x2A, 0x00, 0x53, 0x00, 0x00, 0x00
    .close

party 421
    .byte 0x32, 0x00, 0x29, 0x00, 0x14, 0x01, 0x00, 0x00, 0x32, 0x00, 0x29, 0x00, 0x16, 0x00, 0x00, 0x00
    .close

party 422
    .byte 0x00, 0x00, 0x25, 0x00, 0xB1, 0x01, 0x00, 0x00, 0x00, 0x20, 0x29, 0x00, 0x61, 0x00, 0x00, 0x00
    .close

party 423
    .byte 0x00, 0x20, 0x24, 0x00, 0x34, 0x00, 0x00, 0x00, 0x00, 0x20, 0x24, 0x00, 0x34, 0x00, 0x00, 0x00
    .byte 0x00, 0x20, 0x24, 0x00, 0x34, 0x00, 0x00, 0x00
    .close

party 424
    .byte 0x00, 0x20, 0x28, 0x00, 0xE1, 0x00, 0xD9, 0x00, 0x4C, 0x01, 0xA3, 0x01, 0x00, 0x00, 0x00, 0x00
    .close

party 425
    .byte 0x00, 0x20, 0x27, 0x00, 0xD8, 0x00, 0x00, 0x00, 0x00, 0x00, 0x27, 0x00, 0xE7, 0x00, 0x00, 0x00
    .close

party 426
    .byte 0x00, 0x00, 0x27, 0x00, 0xE7, 0x00, 0x00, 0x00, 0x00, 0x20, 0x27, 0x00, 0xD8, 0x00, 0x00, 0x00
    .close

party 427
    .byte 0x00, 0x20, 0x2B, 0x00, 0xB9, 0x01, 0x00, 0x00, 0x00, 0x00, 0x2B, 0x00, 0x27, 0x00, 0x00, 0x00
    .close

party 428
    .byte 0x00, 0x00, 0x28, 0x00, 0xA6, 0x00, 0x00, 0x00, 0x00, 0x00, 0x28, 0x00, 0x67, 0x00, 0x00, 0x00
    .close

party 429
    .byte 0x00, 0x00, 0x28, 0x00, 0xBE, 0x00, 0xEE, 0x00, 0x00, 0x00, 0x00, 0x00, 0x28, 0x00, 0x84, 0x00
    .byte 0x00, 0x00, 0x00, 0x00
    .close

party 430
    .byte 0x00, 0x00, 0x1D, 0x00, 0x2C, 0x00, 0x00, 0x00, 0x00, 0x00, 0x11, 0x00, 0x64, 0x00, 0x00, 0x00
    .close

party 431
    .byte 0x00, 0x00, 0x26, 0x00, 0x2D, 0x00, 0x00, 0x00, 0x00, 0x00, 0x1F, 0x00, 0x65, 0x00, 0x00, 0x00
    .close

party 432
    .byte 0x00, 0x00, 0x20, 0x00, 0x72, 0x00, 0x00, 0x00, 0x00, 0x00, 0x1E, 0x00, 0xC1, 0x00, 0x00, 0x00
    .close

party 433
    .byte 0x00, 0x00, 0x20, 0x00, 0xB2, 0x00, 0x00, 0x00, 0x00, 0x00, 0x24, 0x00, 0xD1, 0x01, 0x00, 0x00
    .byte 0x00, 0x00, 0x20, 0x00, 0xC3, 0x00, 0x00, 0x00, 0x00, 0x00, 0x22, 0x00, 0xD5, 0x01, 0x00, 0x00
    .close

party 434
    .byte 0x00, 0x00, 0x1D, 0x00, 0x7A, 0x00, 0x00, 0x00, 0x00, 0x00, 0x1E, 0x00, 0x51, 0x00, 0x00, 0x00
    .close

party 435
    .byte 0x00, 0x00, 0x27, 0x00, 0x7A, 0x00, 0x00, 0x00, 0x00, 0x00, 0x26, 0x00, 0x52, 0x00, 0x00, 0x00
    .close

party 436
    .byte 0x00, 0x00, 0x1F, 0x00, 0xD1, 0x00, 0x00, 0x00
    .close

party 437
    .byte 0x00, 0x00, 0x2B, 0x00, 0xD2, 0x00, 0x00, 0x00
    .close

party 438
    .byte 0x00, 0x00, 0x18, 0x00, 0xD8, 0x00, 0x00, 0x00, 0x00, 0x00, 0x1E, 0x00, 0x19, 0x00, 0x00, 0x00
    .close

party 439
    .byte 0x00, 0x00, 0x0D, 0x00, 0xAC, 0x00, 0x00, 0x00, 0x00, 0x00, 0x0F, 0x00, 0xD8, 0x00, 0x00, 0x00
    .byte 0x00, 0x00, 0x25, 0x00, 0x19, 0x00, 0x00, 0x00, 0x00, 0x00, 0x1D, 0x00, 0xD8, 0x00, 0x00, 0x00
    .close

party 440
    .byte 0x00, 0x00, 0x22, 0x00, 0x3D, 0x00, 0x00, 0x00, 0x00, 0x00, 0x24, 0x00, 0x3D, 0x00, 0x00, 0x00
    .close

party 441
    .byte 0x00, 0x00, 0x26, 0x00, 0x3D, 0x00, 0x00, 0x00, 0x00, 0x00, 0x29, 0x00, 0x3E, 0x00, 0x00, 0x00
    .close

party 442
    .byte 0x00, 0x00, 0x15, 0x00, 0xB7, 0x00, 0x00, 0x00
    .close

party 443
    .byte 0x00, 0x00, 0x15, 0x00, 0xB7, 0x00, 0x00, 0x00
    .close

party 444
    .byte 0x32, 0x00, 0x2D, 0x00, 0xD3, 0x01, 0x00, 0x00, 0x32, 0x00, 0x2D, 0x00, 0x4E, 0x01, 0x00, 0x00
    .byte 0x32, 0x20, 0x2D, 0x00, 0x0C, 0x03, 0x00, 0x00
    .close

party 445
    .byte 0x32, 0x00, 0x2F, 0x00, 0x3B, 0x00, 0x00, 0x00, 0x32, 0x00, 0x2B, 0x00, 0x1F, 0x00, 0x00, 0x00
    .byte 0x32, 0x20, 0x2F, 0x00, 0x79, 0x00, 0x00, 0x00
    .close

party 446
    .byte 0x32, 0x00, 0x26, 0x00, 0x53, 0x00, 0x00, 0x00, 0x32, 0x00, 0x2D, 0x00, 0x53, 0x00, 0x00, 0x00
    .close

party 447
    .byte 0x32, 0x00, 0x21, 0x00, 0xA3, 0x00, 0x00, 0x00, 0x32, 0x00, 0x20, 0x00, 0x11, 0x00, 0x00, 0x00
    .close

party 448
    .byte 0x32, 0x00, 0x25, 0x00, 0x11, 0x00, 0x00, 0x00, 0x32, 0x00, 0x26, 0x00, 0x12, 0x00, 0x00, 0x00
    .byte 0x32, 0x00, 0x2A, 0x00, 0xA4, 0x00, 0x00, 0x00
    .close

party 449
    .byte 0x00, 0x00, 0x2B, 0x00, 0x31, 0x00, 0x32, 0x00, 0x30, 0x00, 0x5D, 0x00, 0x8D, 0x00, 0x00, 0x00
    .close

party 450
    .byte 0x00, 0x00, 0x20, 0x00, 0x76, 0x00, 0x00, 0x00, 0x00, 0x00, 0x24, 0x00, 0x77, 0x00, 0x00, 0x00
    .byte 0x00, 0x00, 0x28, 0x00, 0x77, 0x00, 0x00, 0x00
    .close

party 451
    .byte 0x00, 0x00, 0x26, 0x00, 0x5F, 0x00, 0x00, 0x00, 0x00, 0x00, 0x23, 0x00, 0x4B, 0x00, 0x00, 0x00
    .close

party 452
    .byte 0x00, 0x00, 0x29, 0x00, 0xD0, 0x00, 0x00, 0x00, 0x00, 0x00, 0x25, 0x00, 0x4B, 0x00, 0x00, 0x00
    .close

party 453
    .byte 0x00, 0x00, 0x2E, 0x00, 0xB6, 0x00, 0x00, 0x00, 0x00, 0x00, 0x27, 0x00, 0xC0, 0x00, 0x00, 0x00
    .byte 0x00, 0x20, 0x30, 0x00, 0x4E, 0x00, 0x00, 0x00
    .close

party 454
    .byte 0x00, 0x00, 0x16, 0x00, 0x64, 0x00, 0x00, 0x00, 0x00, 0x20, 0x1A, 0x00, 0x8D, 0x02, 0x00, 0x00
    .byte 0x00, 0x00, 0x1C, 0x00, 0xCC, 0x03, 0x00, 0x00, 0x00, 0x20, 0x22, 0x00, 0x3D, 0x02, 0x00, 0x00
    .close

party 455
    .byte 0x00, 0x00, 0x22, 0x00, 0x64, 0x00, 0x00, 0x00, 0x00, 0x20, 0x24, 0x00, 0x64, 0x00, 0x00, 0x00
    .byte 0x00, 0x00, 0x26, 0x00, 0x64, 0x00, 0x00, 0x00, 0x00, 0x20, 0x2A, 0x00, 0x65, 0x00, 0x00, 0x00
    .close

party 456
    .byte 0x32, 0x00, 0x2D, 0x00, 0x32, 0x02, 0x92, 0x01, 0x03, 0x02, 0x03, 0x01, 0x50, 0x02, 0x00, 0x00
    .byte 0x32, 0x00, 0x2D, 0x00, 0x36, 0x02, 0xFA, 0x01, 0x03, 0x02, 0x0D, 0x01, 0x50, 0x02, 0x00, 0x00
    .byte 0x32, 0x00, 0x2D, 0x00, 0x34, 0x02, 0xE4, 0x01, 0x03, 0x02, 0x2B, 0x00, 0x50, 0x02, 0x00, 0x00
    .close

party 457
    .byte 0x32, 0x00, 0x26, 0x00, 0x47, 0x00, 0x23, 0x00, 0x5C, 0x00, 0x33, 0x00, 0x4B, 0x00, 0x00, 0x00
    .byte 0x32, 0x00, 0x27, 0x00, 0x63, 0x00, 0x6A, 0x01, 0x17, 0x00, 0x94, 0x01, 0xB6, 0x00, 0x00, 0x00
    .byte 0x32, 0x00, 0x26, 0x00, 0x88, 0x00, 0x7E, 0x00, 0x62, 0x00, 0x1C, 0x00, 0x53, 0x00, 0x00, 0x00
    .close

party 458
    .byte 0x32, 0x20, 0x26, 0x00, 0x4E, 0x00, 0x17, 0x00, 0x53, 0x00, 0xAC, 0x00, 0x34, 0x00, 0x00, 0x00
    .byte 0x32, 0x00, 0x25, 0x00, 0xB5, 0x00, 0xB3, 0x01, 0x44, 0x01, 0x0C, 0x01, 0x09, 0x00, 0x00, 0x00
    .close

party 459
    .byte 0x32, 0x20, 0x2A, 0x00, 0x4E, 0x00, 0x17, 0x00, 0x53, 0x00, 0x7E, 0x00, 0x34, 0x00, 0x00, 0x00
    .byte 0x32, 0x00, 0x28, 0x00, 0xB5, 0x00, 0xB3, 0x01, 0x44, 0x01, 0x0C, 0x01, 0x56, 0x00, 0x00, 0x00
    .close

party 460
    .byte 0x00, 0x00, 0x1C, 0x00, 0x0C, 0x00, 0xC2, 0x01, 0x3E, 0x01, 0x5D, 0x00, 0x10, 0x00, 0x00, 0x00
    .byte 0x00, 0x00, 0x28, 0x00, 0x0C, 0x00, 0x95, 0x01, 0x6E, 0x01, 0xBD, 0x01, 0xDB, 0x00, 0x00, 0x00
    .byte 0x00, 0x00, 0x25, 0x00, 0x0F, 0x00, 0xC2, 0x01, 0x29, 0x00, 0x8E, 0x01, 0x74, 0x00, 0x00, 0x00
    .byte 0x00, 0x00, 0x1C, 0x00, 0x0C, 0x00, 0xC2, 0x01, 0x10, 0x00, 0x4F, 0x00, 0x4E, 0x00, 0x00, 0x00
    .close

party 461
    .byte 0x00, 0x00, 0x12, 0x00, 0x0B, 0x00, 0xC2, 0x01, 0x51, 0x00, 0x00, 0x00, 0x00, 0x00, 0x00, 0x00
    .byte 0x00, 0x00, 0x1D, 0x00, 0x0C, 0x00, 0x3C, 0x00, 0x3E, 0x01, 0x30, 0x00, 0x12, 0x00, 0x00, 0x00
    .byte 0x00, 0x00, 0x16, 0x00, 0x0E, 0x00, 0xC2, 0x01, 0x28, 0x00, 0x51, 0x00, 0x00, 0x00, 0x00, 0x00
    .byte 0x00, 0x00, 0x12, 0x00, 0x0B, 0x00, 0xC2, 0x01, 0x51, 0x00, 0x00, 0x00, 0x00, 0x00, 0x00, 0x00
    .close

party 462
    .byte 0x00, 0x00, 0x28, 0x00, 0x77, 0x00, 0x00, 0x00
    .close

party 463
    .byte 0x00, 0x00, 0x2D, 0x00, 0xD3, 0x00, 0x00, 0x00, 0x00, 0x00, 0x2A, 0x00, 0x77, 0x00, 0x00, 0x00
    .close

party 464
    .byte 0x00, 0x00, 0x20, 0x00, 0xB4, 0x00, 0xB2, 0x00, 0x0C, 0x01, 0xB3, 0x01, 0x56, 0x00, 0x00, 0x00
    .byte 0x00, 0x00, 0x1F, 0x00, 0x36, 0x00, 0x60, 0x01, 0x67, 0x00, 0x32, 0x00, 0x5D, 0x00, 0x00, 0x00
    .close

party 465
    .byte 0x00, 0x00, 0x24, 0x00, 0x37, 0x00, 0x60, 0x01, 0x32, 0x00, 0x5D, 0x00, 0x67, 0x00, 0x00, 0x00
    .byte 0x00, 0x00, 0x26, 0x00, 0xB5, 0x00, 0x44, 0x01, 0xB3, 0x01, 0x56, 0x00, 0xB2, 0x00, 0x00, 0x00
    .close

party 466
    .byte 0x00, 0x00, 0x22, 0x00, 0x23, 0x00, 0x64, 0x01, 0x2F, 0x00, 0x66, 0x01, 0x76, 0x00, 0x00, 0x00
    .close

party 467
    .byte 0x00, 0x00, 0x29, 0x00, 0x24, 0x00, 0x64, 0x01, 0x2F, 0x00, 0x66, 0x01, 0xEC, 0x00, 0x00, 0x00
    .close

party 468
    .byte 0x00, 0x00, 0x20, 0x00, 0x6E, 0x00, 0x00, 0x00, 0x00, 0x00, 0x22, 0x00, 0x28, 0x03, 0x00, 0x00
    .close

party 469
    .byte 0x00, 0x00, 0x20, 0x00, 0x84, 0x00, 0x00, 0x00
    .close

party 470
    .byte 0x00, 0x00, 0x20, 0x00, 0xCD, 0x00, 0x00, 0x00, 0x00, 0x20, 0x22, 0x00, 0xF8, 0x03, 0x00, 0x00
    .byte 0x00, 0x00, 0x22, 0x00, 0x52, 0x00, 0x00, 0x00
    .close

party 471
    .byte 0x00, 0x20, 0x24, 0x00, 0xDC, 0x01, 0x00, 0x00, 0x00, 0x00, 0x24, 0x00, 0x8B, 0x02, 0x00, 0x00
    .byte 0x00, 0x00, 0x24, 0x00, 0xCE, 0x01, 0x00, 0x00
    .close

party 472
    .byte 0x00, 0x20, 0x1E, 0x00, 0xDA, 0x01, 0xA1, 0x00, 0xB0, 0x00, 0x69, 0x00, 0xC3, 0x01, 0x00, 0x00
    .close

party 473
    .byte 0x00, 0x00, 0x16, 0x00, 0x6D, 0x00, 0x00, 0x00, 0x00, 0x00, 0x16, 0x00, 0x6D, 0x00, 0x00, 0x00
    .close

party 474
    .byte 0x00, 0x00, 0x18, 0x00, 0x84, 0x00, 0x00, 0x00
    .close

party 475
    .byte 0x00, 0x20, 0x14, 0x00, 0x51, 0x00, 0x00, 0x00, 0x00, 0x00, 0x14, 0x00, 0x51, 0x00, 0x00, 0x00
    .byte 0x00, 0x00, 0x14, 0x00, 0x51, 0x00, 0x00, 0x00
    .close

party 476
    .byte 0x00, 0x00, 0x1B, 0x00, 0x51, 0x00, 0x00, 0x00, 0x00, 0x20, 0x1B, 0x00, 0x51, 0x00, 0x00, 0x00
    .byte 0x00, 0x00, 0x1B, 0x00, 0x51, 0x00, 0x00, 0x00
    .close

party 477
    .byte 0x00, 0x20, 0x1E, 0x00, 0x89, 0x00, 0xA0, 0x00, 0xB0, 0x00, 0x69, 0x00, 0xA1, 0x00, 0x00, 0x00
    .close

party 478
    .byte 0x64, 0x00, 0x28, 0x00, 0x81, 0x02, 0x5C, 0x00, 0xCA, 0x00, 0x13, 0x01, 0xF6, 0x01, 0x00, 0x00
    .byte 0x64, 0x00, 0x28, 0x00, 0x5B, 0x02, 0xF2, 0x00, 0xCF, 0x00, 0x59, 0x00, 0xD7, 0x01, 0x00, 0x00
    .byte 0x64, 0x20, 0x28, 0x00, 0xAE, 0x01, 0x11, 0x00, 0xE4, 0x00, 0x36, 0x01, 0x90, 0x01, 0x00, 0x00
    .close

party 479
    .byte 0x64, 0x00, 0x23, 0x00, 0x81, 0x02, 0xEB, 0x00, 0xCA, 0x00, 0x13, 0x01, 0x93, 0x00, 0x00, 0x00
    .byte 0x64, 0x00, 0x23, 0x00, 0x5A, 0x02, 0xF2, 0x00, 0x0E, 0x02, 0xCF, 0x00, 0xD7, 0x01, 0x00, 0x00
    .byte 0x64, 0x20, 0x23, 0x00, 0xC6, 0x00, 0x11, 0x00, 0xEF, 0x01, 0xCF, 0x00, 0x85, 0x01, 0x00, 0x00
    .close

party 480
    .byte 0x0A, 0x00, 0x25, 0x00, 0x7C, 0x00, 0x00, 0x00
    .close

party 481
    .byte 0x0A, 0x00, 0x25, 0x00, 0x6D, 0x01, 0x00, 0x00
    .close

party 482
    .byte 0x0A, 0x00, 0x22, 0x00, 0x79, 0x02, 0x00, 0x00, 0x0A, 0x00, 0x22, 0x00, 0x6A, 0x01, 0x00, 0x00
    .byte 0x0A, 0x00, 0x23, 0x00, 0x7A, 0x02, 0x00, 0x00
    .close

party 483
    .byte 0x0A, 0x00, 0x23, 0x00, 0xD7, 0x01, 0x00, 0x00, 0x0A, 0x00, 0x23, 0x00, 0x9B, 0x03, 0x00, 0x00
    .close

party 484
    .byte 0x0A, 0x00, 0x23, 0x00, 0xFB, 0x02, 0xA7, 0x01, 0xA3, 0x01, 0xAE, 0x00, 0xF2, 0x00, 0x00, 0x00
    .byte 0x0A, 0x00, 0x24, 0x00, 0xED, 0x02, 0x40, 0x02, 0xF6, 0x00, 0x56, 0x00, 0xE3, 0x00, 0x00, 0x00
    .byte 0x0A, 0x00, 0x24, 0x00, 0x98, 0x02, 0x2F, 0x02, 0xC5, 0x01, 0x67, 0x02, 0xCB, 0x00, 0x00, 0x00
    .close

party 485
    .byte 0xC8, 0x00, 0x2A, 0x00, 0x8F, 0x03, 0x4A, 0x02, 0x85, 0x01, 0xFC, 0x00, 0x67, 0x02, 0x00, 0x00
    .byte 0xC8, 0x00, 0x2A, 0x00, 0x62, 0x02, 0x18, 0x01, 0xF2, 0x00, 0xB6, 0x00, 0x2B, 0x00, 0x00, 0x00
    .byte 0xC8, 0x00, 0x2A, 0x00, 0xE5, 0x00, 0x35, 0x00, 0xA6, 0x01, 0xEF, 0x01, 0xA1, 0x01, 0x00, 0x00
    .close

party 486
    .byte 0x64, 0x00, 0x0D, 0x00, 0x51, 0x02, 0x00, 0x00, 0x64, 0x00, 0x0F, 0x00, 0x6A, 0x02, 0x00, 0x00
    .close

party 487
    .byte 0x64, 0x00, 0x27, 0x00, 0xA9, 0x00, 0x31, 0x01, 0x11, 0x00, 0x2C, 0x00, 0x5C, 0x00, 0x00, 0x00
    .byte 0x64, 0x00, 0x27, 0x00, 0x83, 0x03, 0xB3, 0x01, 0x5C, 0x00, 0xDD, 0x01, 0xEE, 0x01, 0x00, 0x00
    .byte 0x64, 0x00, 0x28, 0x00, 0x47, 0x00, 0x4F, 0x00, 0xB5, 0x01, 0xE6, 0x00, 0x5C, 0x00, 0x00, 0x00
    .byte 0x64, 0x00, 0x28, 0x00, 0x6E, 0x00, 0x21, 0x00, 0x99, 0x00, 0x7C, 0x00, 0x6C, 0x00, 0x00, 0x00
    .byte 0x64, 0x00, 0x29, 0x00, 0xB9, 0x03, 0x8E, 0x01, 0x18, 0x01, 0x0D, 0x01, 0x3E, 0x03, 0x00, 0x00
    .byte 0x64, 0x00, 0x29, 0x00, 0xBA, 0x03, 0x4A, 0x03, 0x6A, 0x01, 0x6B, 0x00, 0x6A, 0x00, 0x00, 0x00
    .close

party 488
    .byte 0x64, 0x00, 0x23, 0x00, 0x2A, 0x00, 0x00, 0x00, 0x64, 0x20, 0x23, 0x00, 0x82, 0x03, 0x00, 0x00
    .byte 0x64, 0x00, 0x23, 0x00, 0x46, 0x00, 0x00, 0x00
    .close

party 489
    .byte 0xFA, 0x00, 0x37, 0x00, 0xD7, 0x00, 0xC4, 0x00, 0xA5, 0x01, 0xB9, 0x00, 0xE8, 0x00, 0x00, 0x00
    .byte 0xFA, 0x00, 0x3A, 0x00, 0xA9, 0x00, 0x5C, 0x00, 0x2C, 0x00, 0x6D, 0x00, 0x3A, 0x01, 0x00, 0x00
    .byte 0xFA, 0x00, 0x37, 0x00, 0x52, 0x00, 0xB3, 0x01, 0xAD, 0x01, 0x56, 0x00, 0xBB, 0x01, 0x00, 0x00
    .byte 0xFA, 0x00, 0x38, 0x00, 0x5E, 0x00, 0x8F, 0x01, 0xBC, 0x00, 0xF7, 0x00, 0x6D, 0x00, 0x00, 0x00
    .byte 0xFA, 0x00, 0x38, 0x00, 0x41, 0x00, 0x69, 0x00, 0x9B, 0x01, 0x5E, 0x00, 0x73, 0x00, 0x00, 0x00
    .byte 0xFA, 0x00, 0x3C, 0x00, 0x9A, 0x00, 0x50, 0x00, 0x22, 0x00, 0x71, 0x00, 0xEB, 0x00, 0x00, 0x00
    .close

party 490
    .byte 0xFA, 0x00, 0x37, 0x00, 0xD7, 0x00, 0xC4, 0x00, 0xA5, 0x01, 0xB9, 0x00, 0xE8, 0x00, 0x00, 0x00
    .byte 0xFA, 0x00, 0x3A, 0x00, 0xA9, 0x00, 0x5C, 0x00, 0x2C, 0x00, 0x6D, 0x00, 0x3A, 0x01, 0x00, 0x00
    .byte 0xFA, 0x00, 0x37, 0x00, 0x52, 0x00, 0xB3, 0x01, 0xAD, 0x01, 0x56, 0x00, 0xBB, 0x01, 0x00, 0x00
    .byte 0xFA, 0x00, 0x38, 0x00, 0x5E, 0x00, 0x8F, 0x01, 0xBC, 0x00, 0xF7, 0x00, 0x6D, 0x00, 0x00, 0x00
    .byte 0xFA, 0x00, 0x38, 0x00, 0x41, 0x00, 0x69, 0x00, 0x9B, 0x01, 0x5E, 0x00, 0x73, 0x00, 0x00, 0x00
    .byte 0xFA, 0x00, 0x3C, 0x00, 0x9D, 0x00, 0xCD, 0x00, 0x35, 0x00, 0x05, 0x01, 0x81, 0x00, 0x00, 0x00
    .close

party 491
    .byte 0xFA, 0x00, 0x37, 0x00, 0xD7, 0x00, 0x00, 0x00, 0xC4, 0x00, 0xA5, 0x01, 0xB9, 0x00, 0xE8, 0x00
    .byte 0x00, 0x00, 0xFA, 0x00, 0x3A, 0x00, 0xA9, 0x00, 0x00, 0x00, 0x5C, 0x00, 0x2C, 0x00, 0x6D, 0x00
    .byte 0x3A, 0x01, 0x00, 0x00, 0xFA, 0x00, 0x37, 0x00, 0x52, 0x00, 0x00, 0x00, 0xB3, 0x01, 0xAD, 0x01
    .byte 0x56, 0x00, 0xBB, 0x01, 0x00, 0x00, 0xFA, 0x00, 0x38, 0x00, 0x5E, 0x00, 0x00, 0x00, 0x8F, 0x01
    .byte 0xBC, 0x00, 0xF7, 0x00, 0x6D, 0x00, 0x00, 0x00, 0xFA, 0x00, 0x38, 0x00, 0x41, 0x00, 0x00, 0x00
    .byte 0x69, 0x00, 0x9B, 0x01, 0x5E, 0x00, 0x73, 0x00, 0x00, 0x00, 0xFA, 0x00, 0x3C, 0x00, 0xA0, 0x00
    .byte 0x00, 0x00, 0xF2, 0x00, 0x91, 0x01, 0xA3, 0x00, 0xA7, 0x01, 0x00, 0x00
    .close

party 492
    .byte 0x00, 0x20, 0x1D, 0x00, 0x22, 0x00, 0x00, 0x00, 0x00, 0x20, 0x1D, 0x00, 0xC7, 0x00, 0x00, 0x00
    .byte 0x00, 0x00, 0x41, 0x00, 0x81, 0x00, 0x00, 0x00
    .close

party 493
    .byte 0x0A, 0x00, 0x1A, 0x00, 0x62, 0x01, 0x00, 0x00
    .close

party 494
    .byte 0x0A, 0x00, 0x17, 0x00, 0x63, 0x01, 0x00, 0x00, 0x0A, 0x00, 0x18, 0x00, 0xA9, 0x01, 0x00, 0x00
    .byte 0x0A, 0x00, 0x17, 0x00, 0x5C, 0x00, 0x00, 0x00, 0x0A, 0x00, 0x18, 0x00, 0x33, 0x03, 0x00, 0x00
    .byte 0x0A, 0x00, 0x17, 0x00, 0xD9, 0x02, 0x00, 0x00
    .close

party 495
    .byte 0x00, 0x00, 0x05, 0x00, 0x98, 0x00, 0x00, 0x00
    .close

party 496
    .byte 0x00, 0x00, 0x05, 0x00, 0x9B, 0x00, 0x00, 0x00
    .close

party 497
    .byte 0x00, 0x00, 0x05, 0x00, 0x9E, 0x00, 0x00, 0x00
    .close

party 498
    .byte 0x96, 0x00, 0x21, 0x00, 0x61, 0x00, 0x8A, 0x00, 0x5F, 0x00, 0x32, 0x00, 0x5D, 0x00, 0x00, 0x00
    .byte 0x96, 0x00, 0x20, 0x00, 0x5E, 0x00, 0x7A, 0x00, 0x5F, 0x00, 0xD4, 0x00, 0xAE, 0x00, 0x00, 0x00
    .byte 0x96, 0x20, 0x22, 0x00, 0x65, 0x00, 0x67, 0x00, 0x31, 0x00, 0x57, 0x00, 0xCD, 0x00, 0x00, 0x00
    .close

party 499
    .byte 0x1E, 0x00, 0x20, 0x00, 0x63, 0x02, 0x71, 0x00, 0x93, 0x01, 0x3C, 0x00, 0x73, 0x00, 0x00, 0x00
    .byte 0x1E, 0x00, 0x1F, 0x00, 0xB3, 0x01, 0x85, 0x01, 0xDD, 0x01, 0x35, 0x00, 0xA3, 0x00, 0x00, 0x00
    .close

party 500
    .byte 0x32, 0x00, 0x25, 0x00, 0x94, 0x00, 0x57, 0x00, 0x39, 0x00, 0x52, 0x00, 0xE7, 0x00, 0x00, 0x00
    .close

party 501
    .byte 0x32, 0x20, 0x21, 0x00, 0x74, 0x00, 0x6C, 0x00, 0x2B, 0x00, 0x6A, 0x01, 0xEF, 0x00, 0x00, 0x00
    .byte 0x32, 0x20, 0x21, 0x00, 0x74, 0x00, 0x6C, 0x00, 0x2B, 0x00, 0x6A, 0x01, 0xEF, 0x00, 0x00, 0x00
    .byte 0x32, 0x20, 0x23, 0x00, 0x75, 0x00, 0x61, 0x00, 0x2B, 0x00, 0x7F, 0x00, 0xEF, 0x00, 0x00, 0x00
    .close

party 502
    .byte 0x00, 0x00, 0x23, 0x00, 0x93, 0x00, 0x56, 0x00, 0xEF, 0x00, 0x55, 0x00, 0x1D, 0x00, 0x00, 0x00
    .byte 0x00, 0x00, 0x23, 0x00, 0x93, 0x00, 0x56, 0x00, 0xEF, 0x00, 0x39, 0x00, 0x1D, 0x00, 0x00, 0x00
    .close

party 503
    .byte 0x00, 0x00, 0x2B, 0x00, 0x65, 0x00, 0x0C, 0x01, 0xC3, 0x01, 0x81, 0x00, 0xCD, 0x00, 0x00, 0x00
    .byte 0x00, 0x00, 0x34, 0x00, 0x2D, 0x00, 0x4C, 0x00, 0xCA, 0x00, 0xEC, 0x00, 0xF1, 0x00, 0x00, 0x00
    .byte 0x00, 0x00, 0x34, 0x00, 0x3B, 0x00, 0xF5, 0x00, 0x35, 0x00, 0xF2, 0x00, 0xB3, 0x00, 0x00, 0x00
    .close

party 504
    .byte 0x00, 0x00, 0x23, 0x00, 0x65, 0x00, 0x67, 0x00, 0x31, 0x00, 0xCD, 0x00, 0x71, 0x00, 0x00, 0x00
    .byte 0x00, 0x00, 0x23, 0x00, 0x3A, 0x00, 0xF1, 0x00, 0x2B, 0x00, 0x24, 0x00, 0xAC, 0x00, 0x00, 0x00
    .byte 0x00, 0x00, 0x25, 0x00, 0x2D, 0x00, 0x4C, 0x00, 0x4F, 0x00, 0x33, 0x00, 0xEC, 0x00, 0x00, 0x00
    .close

party 505
    .byte 0x00, 0x00, 0x2F, 0x00, 0xB2, 0x00, 0x00, 0x00, 0x00, 0x00, 0x36, 0x00, 0xD1, 0x01, 0x00, 0x00
    .byte 0x00, 0x00, 0x2F, 0x00, 0xC3, 0x00, 0x00, 0x00, 0x00, 0x00, 0x36, 0x00, 0xD5, 0x01, 0x00, 0x00
    .close

party 506
    .byte 0x00, 0x00, 0x23, 0x00, 0xB2, 0x00, 0x40, 0x00, 0x65, 0x00, 0x81, 0x00, 0xF8, 0x00, 0x00, 0x00
    .byte 0x00, 0x00, 0x20, 0x00, 0x72, 0x00, 0x4D, 0x00, 0x16, 0x00, 0x14, 0x00, 0x48, 0x00, 0x00, 0x00
    .byte 0x00, 0x00, 0x20, 0x00, 0xC1, 0x00, 0x62, 0x00, 0x68, 0x00, 0x31, 0x00, 0x30, 0x00, 0x00, 0x00
    .byte 0x00, 0x00, 0x23, 0x00, 0xC3, 0x00, 0x27, 0x00, 0x15, 0x00, 0x85, 0x00, 0x59, 0x00, 0x00, 0x00
    .close

party 507
    .byte 0x00, 0x00, 0x2E, 0x00, 0x7A, 0x00, 0xE2, 0x00, 0x68, 0x00, 0x71, 0x00, 0x5E, 0x00, 0x00, 0x00
    .byte 0x00, 0x00, 0x38, 0x00, 0x52, 0x00, 0x68, 0x01, 0xAD, 0x01, 0x56, 0x00, 0xBB, 0x01, 0x00, 0x00
    .close

party 508
    .byte 0x00, 0x00, 0x22, 0x00, 0x7A, 0x00, 0x5E, 0x00, 0x71, 0x00, 0x73, 0x00, 0xE3, 0x00, 0x00, 0x00
    .byte 0x00, 0x00, 0x26, 0x00, 0x52, 0x00, 0xC0, 0x00, 0x56, 0x00, 0xC7, 0x00, 0x81, 0x00, 0x00, 0x00
    .close

party 509
    .byte 0x00, 0x00, 0x30, 0x00, 0xBA, 0x00, 0xFA, 0x00, 0xF0, 0x00, 0x22, 0x00, 0xC3, 0x00, 0x00, 0x00
    .byte 0x00, 0x00, 0x34, 0x00, 0x3E, 0x00, 0x39, 0x00, 0x46, 0x00, 0x08, 0x00, 0x42, 0x00, 0x00, 0x00
    .close

party 510
    .byte 0x00, 0x00, 0x36, 0x00, 0x14, 0x00, 0x9E, 0x00, 0x62, 0x00, 0xA4, 0x00, 0x1B, 0x01, 0x00, 0x00
    .close

party 511
    .byte 0x00, 0x00, 0x25, 0x00, 0x14, 0x00, 0x3F, 0x00, 0x62, 0x00, 0x9E, 0x00, 0xE4, 0x00, 0x00, 0x00
    .close

party 512
    .byte 0x00, 0x00, 0x24, 0x00, 0x0C, 0x00, 0xC2, 0x01, 0x10, 0x00, 0x30, 0x00, 0x12, 0x00, 0x00, 0x00
    .byte 0x00, 0x00, 0x34, 0x00, 0x0C, 0x00, 0x95, 0x01, 0x4E, 0x00, 0xBD, 0x01, 0x6E, 0x01, 0x00, 0x00
    .byte 0x00, 0x00, 0x2B, 0x00, 0x0F, 0x00, 0x1B, 0x01, 0x74, 0x00, 0x2A, 0x00, 0xC2, 0x01, 0x00, 0x00
    .byte 0x00, 0x00, 0x24, 0x00, 0x0C, 0x00, 0x4E, 0x00, 0x4F, 0x00, 0xBD, 0x01, 0x6E, 0x01, 0x00, 0x00
    .close

party 513
    .byte 0x00, 0x00, 0x2D, 0x00, 0x22, 0x01, 0x5B, 0x00, 0xE8, 0x00, 0xBD, 0x00, 0x8D, 0x00, 0x00, 0x00
    .byte 0x00, 0x00, 0x38, 0x00, 0x31, 0x00, 0x10, 0x00, 0x5E, 0x00, 0x31, 0x01, 0x44, 0x01, 0x00, 0x00
    .close

party 514
    .byte 0x00, 0x00, 0x28, 0x00, 0x31, 0x00, 0x10, 0x00, 0x30, 0x00, 0x5E, 0x00, 0x5C, 0x00, 0x00, 0x00
    .close

party 515
    .byte 0x00, 0x00, 0x35, 0x00, 0xD3, 0x00, 0x00, 0x00, 0x00, 0x00, 0x38, 0x00, 0x77, 0x00, 0x00, 0x00
    .close

party 516
    .byte 0x00, 0x00, 0x23, 0x00, 0xD3, 0x00, 0x5C, 0x00, 0x6B, 0x00, 0x39, 0x00, 0x2A, 0x00, 0x00, 0x00
    .byte 0x00, 0x00, 0x27, 0x00, 0x77, 0x00, 0xCB, 0x00, 0xAF, 0x00, 0x1F, 0x00, 0x7F, 0x00, 0x00, 0x00
    .close

party 517
    .byte 0x00, 0x00, 0x29, 0x00, 0x77, 0x00, 0x60, 0x01, 0xF0, 0x00, 0x7F, 0x00, 0x88, 0x01, 0x00, 0x00
    .byte 0x00, 0x00, 0x32, 0x00, 0x77, 0x00, 0x60, 0x01, 0xF0, 0x00, 0x7F, 0x00, 0xE0, 0x00, 0x00, 0x00
    .byte 0x00, 0x00, 0x35, 0x00, 0xD3, 0x00, 0xCD, 0x00, 0x39, 0x00, 0x91, 0x01, 0x6B, 0x00, 0x00, 0x00
    .close

party 518
    .byte 0x00, 0x00, 0x2F, 0x00, 0x47, 0x00, 0x00, 0x00, 0x00, 0x00, 0x3A, 0x00, 0x22, 0x00, 0x00, 0x00
    .byte 0x00, 0x20, 0x3C, 0x00, 0x1F, 0x00, 0x00, 0x00
    .close

party 519
    .byte 0x00, 0x00, 0x1E, 0x00, 0x46, 0x00, 0x4F, 0x00, 0x4D, 0x00, 0x4E, 0x00, 0xBC, 0x00, 0x00, 0x00
    .byte 0x00, 0x00, 0x20, 0x00, 0x22, 0x00, 0x59, 0x00, 0x18, 0x00, 0x28, 0x00, 0xE7, 0x00, 0x00, 0x00
    .byte 0x00, 0x00, 0x20, 0x00, 0x1F, 0x00, 0x59, 0x00, 0x18, 0x00, 0x27, 0x00, 0x22, 0x00, 0x00, 0x00
    .close

party 520
    .byte 0x00, 0x00, 0x1E, 0x00, 0xBC, 0x00, 0x00, 0x00, 0x00, 0x00, 0x24, 0x00, 0xBD, 0x00, 0x00, 0x00
    .byte 0x00, 0x00, 0x37, 0x00, 0x03, 0x00, 0x00, 0x00
    .close

party 521
    .byte 0x00, 0x00, 0x21, 0x00, 0xBD, 0x00, 0x4E, 0x00, 0xF1, 0x00, 0x49, 0x00, 0xB2, 0x00, 0x00, 0x00
    .byte 0x00, 0x00, 0x21, 0x00, 0xBD, 0x00, 0xF1, 0x00, 0x4F, 0x00, 0x49, 0x00, 0xB2, 0x00, 0x00, 0x00
    .byte 0x00, 0x00, 0x26, 0x00, 0x03, 0x00, 0x4C, 0x00, 0x4B, 0x00, 0x1D, 0x00, 0xBD, 0x00, 0x00, 0x00
    .close

party 522
    .byte 0x00, 0x00, 0x3D, 0x00, 0x24, 0x00, 0x64, 0x01, 0x76, 0x00, 0x3B, 0x00, 0x57, 0x00, 0x00, 0x00
    .close

party 523
    .byte 0x00, 0x00, 0x29, 0x00, 0x4B, 0x00, 0x00, 0x00, 0x00, 0x00, 0x31, 0x00, 0x4C, 0x00, 0x00, 0x00
    .byte 0x00, 0x20, 0x37, 0x00, 0x44, 0x00, 0x00, 0x00
    .close

party 524
    .byte 0x00, 0x00, 0x22, 0x00, 0x4B, 0x00, 0xDE, 0x00, 0x78, 0x00, 0x6F, 0x00, 0xCD, 0x00, 0x00, 0x00
    .byte 0x00, 0x00, 0x24, 0x00, 0x4C, 0x00, 0xDE, 0x00, 0x78, 0x00, 0x6F, 0x00, 0xCD, 0x00, 0x00, 0x00
    .byte 0x00, 0x00, 0x22, 0x00, 0x43, 0x00, 0x02, 0x00, 0xE9, 0x00, 0x1D, 0x00, 0x5B, 0x00, 0x00, 0x00
    .close

party 525
    .byte 0x00, 0x00, 0x24, 0x00, 0x4B, 0x00, 0x00, 0x00, 0x00, 0x00, 0x2C, 0x00, 0x4B, 0x00, 0x00, 0x00
    .byte 0x00, 0x00, 0x36, 0x00, 0xDB, 0x00, 0x00, 0x00, 0x00, 0x00, 0x38, 0x00, 0x37, 0x00, 0x00, 0x00
    .close

party 526
    .byte 0x00, 0x00, 0x21, 0x00, 0x4B, 0x00, 0x78, 0x00, 0x58, 0x00, 0x6A, 0x00, 0xDE, 0x00, 0x00, 0x00
    .byte 0x00, 0x00, 0x21, 0x00, 0x4B, 0x00, 0x78, 0x00, 0x58, 0x00, 0x6A, 0x00, 0xDE, 0x00, 0x00, 0x00
    .byte 0x00, 0x00, 0x24, 0x00, 0xDB, 0x00, 0x58, 0x00, 0x6A, 0x00, 0x85, 0x00, 0x35, 0x00, 0x00, 0x00
    .byte 0x00, 0x00, 0x22, 0x00, 0x37, 0x00, 0x32, 0x00, 0x5E, 0x00, 0x39, 0x00, 0xF4, 0x00, 0x00, 0x00
    .close

party 527
    .byte 0x00, 0x00, 0x28, 0x00, 0x64, 0x00, 0xCD, 0x00, 0xD1, 0x00, 0x31, 0x00, 0x0C, 0x01, 0x00, 0x00
    .byte 0x00, 0x20, 0x28, 0x00, 0x64, 0x00, 0xC3, 0x01, 0x0C, 0x01, 0x71, 0x00, 0x81, 0x00, 0x00, 0x00
    .byte 0x00, 0x00, 0x2E, 0x00, 0x65, 0x00, 0x57, 0x00, 0x67, 0x00, 0xC3, 0x01, 0xF0, 0x00, 0x00, 0x00
    .byte 0x00, 0x20, 0x33, 0x00, 0x65, 0x00, 0x57, 0x00, 0xF3, 0x00, 0x89, 0x01, 0x56, 0x00, 0x00, 0x00
    .close

party 528
    .byte 0x00, 0x00, 0x33, 0x00, 0x37, 0x00, 0x60, 0x01, 0x85, 0x00, 0x5D, 0x00, 0x67, 0x00, 0x00, 0x00
    .byte 0x00, 0x00, 0x36, 0x00, 0xB5, 0x00, 0x57, 0x00, 0xB3, 0x01, 0x56, 0x00, 0x44, 0x01, 0x00, 0x00
    .close

party 529
    .byte 0x00, 0x00, 0x24, 0x00, 0xB5, 0x00, 0x81, 0x00, 0x09, 0x00, 0x56, 0x00, 0xB2, 0x00, 0x00, 0x00
    .byte 0x00, 0x00, 0x24, 0x00, 0x37, 0x00, 0x32, 0x00, 0x39, 0x00, 0x5E, 0x00, 0x67, 0x00, 0x00, 0x00
    .close

party 530
    .byte 0x00, 0x00, 0x30, 0x00, 0x82, 0x00, 0x00, 0x00, 0x00, 0x00, 0x28, 0x00, 0x6C, 0x00, 0x00, 0x00
    .byte 0x00, 0x00, 0x3A, 0x00, 0x1F, 0x00, 0x00, 0x00, 0x00, 0x00, 0x3A, 0x00, 0x22, 0x00, 0x00, 0x00
    .close

party 531
    .byte 0x00, 0x00, 0x26, 0x00, 0x93, 0x00, 0x56, 0x00, 0xEF, 0x00, 0x3A, 0x00, 0x1D, 0x00, 0x00, 0x00
    .byte 0x00, 0x00, 0x26, 0x00, 0x93, 0x00, 0x56, 0x00, 0xEF, 0x00, 0x35, 0x00, 0x1D, 0x00, 0x00, 0x00
    .close

party 532
    .byte 0x00, 0x00, 0x1E, 0x00, 0x0C, 0x00, 0x5D, 0x00, 0x4D, 0x00, 0x30, 0x00, 0x10, 0x00, 0x00, 0x00
    .byte 0x00, 0x00, 0x1E, 0x00, 0x0C, 0x00, 0x5D, 0x00, 0x4E, 0x00, 0x30, 0x00, 0x10, 0x00, 0x00, 0x00
    .byte 0x00, 0x00, 0x20, 0x00, 0x0F, 0x00, 0x1F, 0x00, 0xE4, 0x00, 0x29, 0x00, 0x68, 0x00, 0x00, 0x00
    .byte 0x00, 0x00, 0x22, 0x00, 0x0C, 0x00, 0x3C, 0x00, 0x4F, 0x00, 0x10, 0x00, 0x12, 0x00, 0x00, 0x00
    .close

party 533
    .byte 0x00, 0x00, 0x08, 0x00, 0xA5, 0x00, 0x00, 0x00, 0x00, 0x00, 0x0A, 0x00, 0x2E, 0x00, 0x00, 0x00
    .close

party 534
    .byte 0x00, 0x00, 0x13, 0x00, 0xDE, 0x00, 0x00, 0x00
    .close

party 535
    .byte 0x00, 0x20, 0x10, 0x00, 0x34, 0x00, 0x00, 0x00
    .close

party 536
    .byte 0x00, 0x00, 0x1E, 0x00, 0x16, 0x00, 0x00, 0x00, 0x00, 0x00, 0x1E, 0x00, 0x39, 0x00, 0x00, 0x00
    .byte 0x00, 0x00, 0x1E, 0x00, 0x80, 0x00, 0x00, 0x00
    .close

party 537
    .byte 0x00, 0x20, 0x1E, 0x00, 0x22, 0x00, 0x00, 0x00, 0x00, 0x00, 0x1E, 0x00, 0x1F, 0x00, 0x00, 0x00
    .close

party 538
    .byte 0x00, 0x00, 0x27, 0x00, 0x75, 0x00, 0x6C, 0x00, 0xEF, 0x00, 0x39, 0x00, 0x7F, 0x00, 0x00, 0x00
    .close

party 539
    .byte 0x00, 0x20, 0x13, 0x00, 0x4F, 0x00, 0xAE, 0x00, 0x37, 0x00, 0x2D, 0x00, 0x46, 0x00, 0x00, 0x00
    .close

party 540
    .byte 0x00, 0x00, 0x2D, 0x00, 0xE7, 0x00, 0x00, 0x00
    .close

party 541
    .byte 0x00, 0x20, 0x2C, 0x00, 0xD8, 0x00, 0x00, 0x00
    .close

party 542
    .byte 0x00, 0x00, 0x20, 0x00, 0xA4, 0x00, 0xC1, 0x00, 0x5F, 0x00, 0x24, 0x00, 0x5E, 0x00, 0x00, 0x00
    .byte 0x00, 0x00, 0x20, 0x00, 0x88, 0x00, 0x1C, 0x00, 0x35, 0x00, 0x62, 0x00, 0x2C, 0x00, 0x00, 0x00
    .close

party 543
    .byte 0x00, 0x00, 0x20, 0x00, 0xA4, 0x00, 0xC1, 0x00, 0x5F, 0x00, 0x24, 0x00, 0x5E, 0x00, 0x00, 0x00
    .byte 0x00, 0x00, 0x20, 0x00, 0x87, 0x00, 0x1C, 0x00, 0x55, 0x00, 0x62, 0x00, 0x18, 0x00, 0x00, 0x00
    .close

party 544
    .byte 0x00, 0x00, 0x20, 0x00, 0xA4, 0x00, 0xC1, 0x00, 0x5F, 0x00, 0x24, 0x00, 0x5E, 0x00, 0x00, 0x00
    .byte 0x00, 0x00, 0x20, 0x00, 0x86, 0x00, 0x1C, 0x00, 0x39, 0x00, 0x62, 0x00, 0x2C, 0x00, 0x00, 0x00
    .close

party 545
    .byte 0x32, 0x20, 0x2F, 0x00, 0x67, 0x01, 0x00, 0x00, 0xAB, 0x01, 0x90, 0x01, 0xA3, 0x00, 0x62, 0x00
    .byte 0x00, 0x00, 0x32, 0x00, 0x2F, 0x00, 0x41, 0x00, 0x00, 0x00, 0x5E, 0x00, 0x9B, 0x01, 0x9C, 0x01
    .byte 0xC3, 0x01, 0x00, 0x00
    .close

party 546
    .byte 0x00, 0x00, 0x2B, 0x00, 0xA2, 0x00, 0x68, 0x00, 0xE2, 0x00, 0x85, 0x00, 0x15, 0x00, 0x00, 0x00
    .byte 0x00, 0x00, 0x2B, 0x00, 0x12, 0x00, 0x63, 0x01, 0x11, 0x00, 0xD3, 0x00, 0xD8, 0x00, 0x00, 0x00
    .close

party 547
    .byte 0x00, 0x00, 0x27, 0x00, 0x4B, 0x00, 0x00, 0x00, 0x00, 0x00, 0x2C, 0x00, 0x70, 0x00, 0x00, 0x00
    .byte 0x00, 0x00, 0x2D, 0x00, 0x23, 0x00, 0x00, 0x00
    .close

party 548
    .byte 0x1E, 0x00, 0x2F, 0x00, 0x3E, 0x00, 0x38, 0x00, 0xDF, 0x00, 0x55, 0x01, 0x5F, 0x00, 0x00, 0x00
    .close

party 549
    .byte 0x32, 0x00, 0x2F, 0x00, 0x7D, 0x00, 0xB3, 0x01, 0x62, 0x00, 0x55, 0x00, 0x43, 0x00, 0x00, 0x00
    .byte 0x32, 0x20, 0x2F, 0x00, 0x33, 0x00, 0x5B, 0x00, 0xAA, 0x01, 0x2D, 0x00, 0x90, 0x01, 0x00, 0x00
    .close

party 550
    .byte 0x1E, 0x00, 0x2B, 0x00, 0x39, 0x00, 0x00, 0x00, 0x1E, 0x00, 0x27, 0x00, 0x4B, 0x00, 0x00, 0x00
    .byte 0x1E, 0x00, 0x2C, 0x00, 0x43, 0x00, 0x00, 0x00
    .close

party 551
    .byte 0x00, 0x00, 0x2C, 0x00, 0x52, 0x00, 0x00, 0x00, 0x00, 0x00, 0x2C, 0x00, 0xD0, 0x00, 0x00, 0x00
    .close

party 552
    .byte 0x00, 0x00, 0x28, 0x00, 0x2A, 0x00, 0x00, 0x00, 0x00, 0x00, 0x28, 0x00, 0x65, 0x00, 0x00, 0x00
    .close

party 553
    .byte 0x00, 0x20, 0x2B, 0x00, 0x0E, 0x01, 0x00, 0x00, 0x00, 0x20, 0x2B, 0x00, 0x11, 0x01, 0x00, 0x00
    .close

party 554
    .byte 0x00, 0x00, 0x2D, 0x00, 0x3A, 0x00, 0x00, 0x00
    .close

party 555
    .byte 0x32, 0x00, 0x2C, 0x00, 0xB2, 0x00, 0x00, 0x00, 0x32, 0x00, 0x27, 0x00, 0xA4, 0x00, 0x00, 0x00
    .close

party 556
    .byte 0x32, 0x00, 0x2A, 0x00, 0x16, 0x00, 0x00, 0x00, 0x32, 0x00, 0x27, 0x00, 0x15, 0x00, 0x00, 0x00
    .close

party 557
    .byte 0x00, 0x00, 0x2C, 0x00, 0x7E, 0x00, 0xF1, 0x00, 0x35, 0x00, 0x6D, 0x00, 0x53, 0x00, 0x00, 0x00
    .byte 0x00, 0x20, 0x2B, 0x00, 0xC0, 0x00, 0x4C, 0x00, 0x4B, 0x00, 0x13, 0x01, 0x48, 0x00, 0x00, 0x00
    .close

party 558
    .byte 0x00, 0x00, 0x12, 0x00, 0x81, 0x00, 0x00, 0x00, 0x00, 0x00, 0x12, 0x00, 0x81, 0x00, 0x00, 0x00
    .byte 0x00, 0x00, 0x12, 0x00, 0x81, 0x00, 0x00, 0x00
    .close

party 559
    .byte 0x00, 0x00, 0x29, 0x00, 0x40, 0x00, 0x00, 0x00, 0x00, 0x00, 0x2E, 0x00, 0x36, 0x00, 0x00, 0x00
    .close

party 560
    .byte 0x00, 0x00, 0x28, 0x00, 0xA2, 0x01, 0x00, 0x00
    .close

party 561
    .byte 0x00, 0x00, 0x26, 0x00, 0xB9, 0x00, 0x00, 0x00
    .close

party 562
    .byte 0x00, 0x00, 0x28, 0x00, 0x45, 0x01, 0x00, 0x00
    .close

party 563
    .byte 0x00, 0x00, 0x29, 0x00, 0x25, 0x01, 0x00, 0x00
    .close

party 564
    .byte 0x00, 0x20, 0x29, 0x00, 0x07, 0x01, 0x9E, 0x00, 0xBB, 0x00, 0xAF, 0x00, 0xD8, 0x00, 0xE7, 0x00
    .byte 0x00, 0x00, 0x00, 0x20, 0x2B, 0x00, 0x3B, 0x01, 0x00, 0x00, 0x13, 0x01, 0xEB, 0x00, 0x5C, 0x00
    .byte 0x50, 0x00, 0x00, 0x00
    .close

party 565
    .byte 0x32, 0x00, 0x25, 0x00, 0x16, 0x00, 0x00, 0x00
    .close

party 566
    .byte 0x00, 0x20, 0x2A, 0x00, 0x07, 0x01, 0x96, 0x00, 0xBB, 0x00, 0x9C, 0x00, 0xAF, 0x00, 0x22, 0x01
    .byte 0x00, 0x00
    .close

party 567
    .byte 0x00, 0x00, 0x29, 0x00, 0x1C, 0x00, 0x00, 0x00, 0x00, 0x00, 0x27, 0x00, 0x2A, 0x00, 0x00, 0x00
    .close

party 568
    .byte 0x00, 0x20, 0x2A, 0x00, 0x96, 0x01, 0x4E, 0x00, 0xCA, 0x00, 0xBC, 0x00, 0x0B, 0x01, 0x00, 0x00
    .close

party 569
    .byte 0x00, 0x00, 0x29, 0x00, 0xC3, 0x00, 0xF0, 0x00, 0x39, 0x00, 0x19, 0x01, 0x00, 0x00, 0x00, 0x00
    .byte 0x00, 0x00, 0x29, 0x00, 0xC3, 0x00, 0x85, 0x00, 0x39, 0x00, 0x19, 0x01, 0x00, 0x00, 0x00, 0x00
    .close

party 570
    .byte 0x00, 0x00, 0x2B, 0x00, 0x47, 0x01, 0x00, 0x00, 0x00, 0x20, 0x29, 0x00, 0x39, 0x01, 0x00, 0x00
    .close

party 571
    .byte 0x00, 0x00, 0x2B, 0x00, 0x47, 0x01, 0x00, 0x00, 0x00, 0x00, 0x29, 0x00, 0x3A, 0x01, 0x00, 0x00
    .close

party 572
    .byte 0x00, 0x20, 0x2F, 0x00, 0x3C, 0x01, 0x19, 0x01, 0x00, 0x00
    .close

party 573
    .byte 0x00, 0x00, 0x2B, 0x00, 0x7E, 0x00, 0x00, 0x00, 0x00, 0x20, 0x2B, 0x00, 0x49, 0x00, 0x00, 0x00
    .close

party 574
    .byte 0x00, 0x20, 0x2D, 0x00, 0x49, 0x00, 0x00, 0x00
    .close

party 575
    .byte 0x00, 0x00, 0x27, 0x00, 0x3C, 0x01, 0x00, 0x00, 0x00, 0x00, 0x25, 0x00, 0x6E, 0x00, 0x00, 0x00
    .byte 0x00, 0x00, 0x25, 0x00, 0x6E, 0x00, 0x00, 0x00
    .close

party 576
    .byte 0x00, 0x02, 0x2D, 0x00, 0xC5, 0x01, 0x00, 0x00
    .close

party 577
    .byte 0x00, 0x20, 0x2F, 0x00, 0xC3, 0x01, 0x00, 0x00
    .close

party 578
    .byte 0x00, 0x00, 0x2E, 0x00, 0x50, 0x01, 0x00, 0x00
    .close

party 579
    .byte 0x00, 0x20, 0x2D, 0x00, 0xD8, 0x00, 0x00, 0x00, 0x00, 0x20, 0x2C, 0x00, 0xB7, 0x00, 0x00, 0x00
    .close

party 580
    .byte 0x00, 0x20, 0x2D, 0x00, 0x08, 0x01, 0x9E, 0x00, 0xBB, 0x00, 0xA3, 0x00, 0x5B, 0x00, 0x39, 0x00
    .byte 0x00, 0x00
    .close

party 581
    .byte 0x00, 0x00, 0x2D, 0x00, 0x1D, 0x01, 0x00, 0x00
    .close

party 582
    .byte 0x00, 0x20, 0x2D, 0x00, 0x93, 0x01, 0x00, 0x00
    .close

party 583
    .byte 0x32, 0x00, 0x2E, 0x00, 0x16, 0x01, 0x00, 0x00, 0x32, 0x00, 0x2B, 0x00, 0x16, 0x00, 0x00, 0x00
    .close

party 584
    .byte 0x32, 0x00, 0x30, 0x00, 0x8C, 0x01, 0x00, 0x00
    .close

party 585
    .byte 0x00, 0x00, 0x2E, 0x00, 0x3D, 0x00, 0x00, 0x00, 0x00, 0x00, 0x2A, 0x00, 0x49, 0x00, 0x00, 0x00
    .close

party 586
    .byte 0x00, 0x20, 0x2E, 0x00, 0x75, 0x00, 0x00, 0x00, 0x00, 0x20, 0x2A, 0x00, 0xC3, 0x00, 0x00, 0x00
    .close

party 587
    .byte 0x00, 0x00, 0x2C, 0x00, 0x8F, 0x01, 0x00, 0x00
    .close

party 588
    .byte 0x00, 0x00, 0x26, 0x00, 0x72, 0x01, 0x00, 0x00, 0x00, 0x00, 0x27, 0x00, 0x72, 0x01, 0x00, 0x00
    .byte 0x00, 0x00, 0x29, 0x00, 0x72, 0x01, 0x00, 0x00
    .close

party 589
    .byte 0x00, 0x00, 0x20, 0x00, 0xDE, 0x00, 0x00, 0x00, 0x00, 0x00, 0x22, 0x00, 0xDE, 0x00, 0x00, 0x00
    .byte 0x00, 0x00, 0x24, 0x00, 0xDE, 0x00, 0x00, 0x00, 0x00, 0x00, 0x26, 0x00, 0xDE, 0x00, 0x00, 0x00
    .close

party 590
    .byte 0x00, 0x00, 0x2A, 0x00, 0x75, 0x00, 0x00, 0x00
    .close

party 591
    .byte 0x00, 0x00, 0x2C, 0x00, 0xAB, 0x00, 0xB3, 0x01, 0x44, 0x01, 0x3D, 0x00, 0x6D, 0x00, 0x00, 0x00
    .byte 0x00, 0x00, 0x28, 0x00, 0xE2, 0x00, 0x60, 0x01, 0x11, 0x00, 0x3C, 0x00, 0x6D, 0x00, 0x00, 0x00
    .close

party 592
    .byte 0x00, 0x20, 0x28, 0x00, 0xB8, 0x00, 0x7F, 0x00, 0xCD, 0x00, 0x6F, 0x00, 0x5B, 0x00, 0x00, 0x00
    .close

party 593
    .byte 0x00, 0x00, 0x2B, 0x00, 0xC7, 0x00, 0x00, 0x00
    .close

party 594
    .byte 0x00, 0x00, 0x26, 0x00, 0x37, 0x00, 0x00, 0x00, 0x00, 0x00, 0x26, 0x00, 0x3D, 0x00, 0x00, 0x00
    .close

party 595
    .byte 0x00, 0x00, 0x28, 0x00, 0x77, 0x00, 0x00, 0x00, 0x00, 0x00, 0x28, 0x00, 0x8D, 0x00, 0x00, 0x00
    .close

party 596
    .byte 0x32, 0x00, 0x24, 0x00, 0x53, 0x00, 0x00, 0x00, 0x32, 0x00, 0x24, 0x00, 0x16, 0x00, 0x00, 0x00
    .byte 0x32, 0x00, 0x25, 0x00, 0x11, 0x00, 0x00, 0x00
    .close

party 597
    .byte 0x32, 0x00, 0x23, 0x00, 0x54, 0x00, 0x00, 0x00, 0x32, 0x00, 0x23, 0x00, 0x54, 0x00, 0x00, 0x00
    .byte 0x32, 0x00, 0x23, 0x00, 0x55, 0x00, 0x00, 0x00, 0x32, 0x00, 0x24, 0x00, 0x55, 0x00, 0x00, 0x00
    .close

party 598
    .byte 0x00, 0x00, 0x29, 0x00, 0x37, 0x01, 0x00, 0x00, 0x00, 0x00, 0x29, 0x00, 0x38, 0x01, 0x00, 0x00
    .close

party 599
    .byte 0x00, 0x00, 0x2B, 0x00, 0x1F, 0x01, 0x00, 0x00
    .close

party 600
    .byte 0x00, 0x00, 0x2A, 0x00, 0xA4, 0x01, 0x00, 0x00
    .close

party 601
    .byte 0x1E, 0x00, 0x15, 0x00, 0x6D, 0x00, 0x00, 0x00
    .close

party 602
    .byte 0x32, 0x00, 0x32, 0x00, 0x53, 0x00, 0x00, 0x00, 0x32, 0x00, 0x34, 0x00, 0x53, 0x00, 0x00, 0x00
    .byte 0x32, 0x00, 0x35, 0x00, 0x53, 0x00, 0x00, 0x00
    .close

party 603
    .byte 0x00, 0x00, 0x2A, 0x00, 0xA5, 0x01, 0x00, 0x00, 0x00, 0x20, 0x2E, 0x00, 0xC0, 0x00, 0x00, 0x00
    .byte 0x00, 0x00, 0x31, 0x00, 0xB6, 0x00, 0x00, 0x00, 0x00, 0x20, 0x35, 0x00, 0x4E, 0x00, 0x00, 0x00
    .close

party 604
    .byte 0x32, 0x00, 0x34, 0x00, 0x47, 0x00, 0xB5, 0x01, 0x5C, 0x00, 0x33, 0x00, 0x5C, 0x01, 0x00, 0x00
    .byte 0x32, 0x00, 0x31, 0x00, 0x63, 0x00, 0x6A, 0x01, 0x98, 0x00, 0x94, 0x01, 0xB6, 0x00, 0x00, 0x00
    .byte 0x32, 0x00, 0x32, 0x00, 0x88, 0x00, 0x3B, 0x01, 0x62, 0x00, 0x05, 0x01, 0xD5, 0x00, 0x00, 0x00
    .close

party 605
    .byte 0x1E, 0x00, 0x29, 0x00, 0x5F, 0x00, 0x00, 0x00, 0x1E, 0x00, 0x35, 0x00, 0x44, 0x00, 0x00, 0x00
    .byte 0x1E, 0x00, 0x31, 0x00, 0x5F, 0x00, 0x00, 0x00, 0x1E, 0x00, 0x35, 0x00, 0x6A, 0x00, 0x00, 0x00
    .close

party 606
    .byte 0x00, 0x00, 0x38, 0x00, 0xD0, 0x00, 0x00, 0x00, 0x00, 0x00, 0x34, 0x00, 0x4C, 0x00, 0x00, 0x00
    .close

party 607
    .byte 0x32, 0x00, 0x36, 0x00, 0x3B, 0x00, 0x8A, 0x01, 0xF5, 0x00, 0xF2, 0x00, 0x2E, 0x00, 0x00, 0x00
    .byte 0x32, 0x00, 0x35, 0x00, 0x1F, 0x00, 0xBD, 0x01, 0x31, 0x01, 0x9E, 0x01, 0x22, 0x00, 0x00, 0x00
    .byte 0x32, 0x20, 0x38, 0x00, 0x79, 0x00, 0x39, 0x00, 0x6B, 0x00, 0x42, 0x01, 0x5E, 0x00, 0x00, 0x00
    .close

party 608
    .byte 0x00, 0x00, 0x2A, 0x00, 0x77, 0x00, 0x00, 0x00, 0x00, 0x00, 0x2E, 0x00, 0x77, 0x00, 0x00, 0x00
    .byte 0x00, 0x00, 0x3F, 0x00, 0x77, 0x00, 0x00, 0x00
    .close

party 609
    .byte 0x32, 0x20, 0x38, 0x00, 0x4E, 0x00, 0x54, 0x01, 0x53, 0x00, 0x8A, 0x01, 0x34, 0x00, 0x00, 0x00
    .byte 0x32, 0x00, 0x3B, 0x00, 0xB5, 0x00, 0x98, 0x01, 0x57, 0x00, 0x44, 0x01, 0x0C, 0x01, 0x00, 0x00
    .close

party 610
    .byte 0x00, 0x00, 0x12, 0x00, 0xAC, 0x00, 0x00, 0x00, 0x00, 0x00, 0x16, 0x00, 0xD8, 0x00, 0x00, 0x00
    .byte 0x00, 0x00, 0x27, 0x00, 0x19, 0x00, 0x00, 0x00, 0x00, 0x00, 0x2F, 0x00, 0xD9, 0x00, 0x00, 0x00
    .close

party 611
    .byte 0x00, 0x00, 0x35, 0x00, 0xD2, 0x00, 0x00, 0x00
    .close

party 612
    .byte 0x32, 0x00, 0x38, 0x00, 0x12, 0x00, 0x00, 0x00, 0x32, 0x00, 0x2C, 0x00, 0x12, 0x00, 0x00, 0x00
    .byte 0x32, 0x00, 0x36, 0x00, 0xA4, 0x00, 0x00, 0x00
    .close

party 613
    .byte 0x00, 0x00, 0x15, 0x00, 0x2B, 0x00, 0x00, 0x00, 0x00, 0x00, 0x1F, 0x00, 0x68, 0x00, 0x00, 0x00
    .close

party 614
    .byte 0x00, 0x00, 0x20, 0x00, 0x2C, 0x00, 0x00, 0x00, 0x00, 0x00, 0x26, 0x00, 0x69, 0x00, 0x00, 0x00
    .close

party 615
    .byte 0x00, 0x00, 0x35, 0x00, 0x2D, 0x00, 0x00, 0x00, 0x00, 0x00, 0x36, 0x00, 0x69, 0x00, 0x00, 0x00
    .close

party 616
    .byte 0x00, 0x00, 0x1B, 0x00, 0x38, 0x00, 0x00, 0x00, 0x00, 0x00, 0x21, 0x00, 0x33, 0x00, 0x00, 0x00
    .close

party 617
    .byte 0x00, 0x00, 0x26, 0x00, 0x39, 0x00, 0x00, 0x00, 0x00, 0x00, 0x28, 0x00, 0x33, 0x00, 0x00, 0x00
    .close

party 618
    .byte 0x00, 0x00, 0x2F, 0x00, 0x39, 0x00, 0x00, 0x00, 0x00, 0x00, 0x3A, 0x00, 0x33, 0x00, 0x00, 0x00
    .close

party 619
    .byte 0x00, 0x00, 0x19, 0x00, 0x7E, 0x00, 0x00, 0x00, 0x00, 0x00, 0x20, 0x00, 0x7E, 0x00, 0x00, 0x00
    .close

party 620
    .byte 0x00, 0x00, 0x22, 0x00, 0x7E, 0x00, 0x00, 0x00, 0x00, 0x00, 0x25, 0x00, 0x7E, 0x00, 0x00, 0x00
    .close

party 621
    .byte 0x00, 0x00, 0x1A, 0x00, 0xF0, 0x00, 0x00, 0x00, 0x00, 0x00, 0x31, 0x00, 0x7E, 0x00, 0x00, 0x00
    .byte 0x00, 0x00, 0x3A, 0x00, 0xD3, 0x01, 0x00, 0x00
    .close

party 622
    .byte 0x00, 0x00, 0x28, 0x00, 0x0C, 0x00, 0x00, 0x00, 0x00, 0x00, 0x28, 0x00, 0xA8, 0x00, 0x00, 0x00
    .close

party 623
    .byte 0x00, 0x00, 0x2F, 0x00, 0x0C, 0x00, 0x00, 0x00, 0x00, 0x00, 0x2E, 0x00, 0xA8, 0x00, 0x00, 0x00
    .close

party 624
    .byte 0x00, 0x00, 0x34, 0x00, 0x0C, 0x00, 0x00, 0x00, 0x00, 0x00, 0x32, 0x00, 0xA8, 0x00, 0x00, 0x00
    .close

party 625
    .byte 0x00, 0x00, 0x2D, 0x00, 0x0F, 0x00, 0x00, 0x00, 0x00, 0x00, 0x2A, 0x00, 0x0C, 0x00, 0x00, 0x00
    .close

party 626
    .byte 0x00, 0x00, 0x34, 0x00, 0x0F, 0x00, 0x00, 0x00, 0x00, 0x00, 0x30, 0x00, 0x0C, 0x00, 0x00, 0x00
    .close

party 627
    .byte 0x00, 0x00, 0x38, 0x00, 0x0F, 0x00, 0x00, 0x00, 0x00, 0x00, 0x38, 0x00, 0x0C, 0x00, 0x00, 0x00
    .close

party 628
    .byte 0x00, 0x00, 0x2A, 0x00, 0x18, 0x00, 0x89, 0x00, 0x67, 0x00, 0xAA, 0x01, 0xF2, 0x00, 0x00, 0x00
    .byte 0x00, 0x00, 0x30, 0x00, 0x6E, 0x00, 0xBC, 0x00, 0xCA, 0x01, 0x6C, 0x00, 0x74, 0x01, 0x00, 0x00
    .close

party 629
    .byte 0x00, 0x00, 0x30, 0x00, 0x18, 0x00, 0xAA, 0x01, 0x00, 0x01, 0xFE, 0x00, 0xFF, 0x00, 0x00, 0x00
    .byte 0x00, 0x00, 0x32, 0x00, 0x6E, 0x00, 0xBC, 0x00, 0xCA, 0x01, 0x6C, 0x00, 0x74, 0x01, 0x00, 0x00
    .close

party 630
    .byte 0x00, 0x00, 0x38, 0x00, 0x18, 0x00, 0xB9, 0x01, 0xAA, 0x01, 0x7C, 0x01, 0xF2, 0x00, 0x00, 0x00
    .byte 0x00, 0x00, 0x37, 0x00, 0x6E, 0x00, 0xBC, 0x00, 0xCA, 0x01, 0x6C, 0x00, 0x57, 0x00, 0x00, 0x00
    .close

party 631
    .byte 0x00, 0x00, 0x32, 0x00, 0x61, 0x00, 0x00, 0x00, 0x00, 0x00, 0x31, 0x00, 0x49, 0x00, 0x00, 0x00
    .close

party 632
    .byte 0x00, 0x00, 0x37, 0x00, 0x61, 0x00, 0x00, 0x00, 0x00, 0x00, 0x37, 0x00, 0x49, 0x00, 0x00, 0x00
    .close

party 633
    .byte 0x00, 0x00, 0x37, 0x00, 0x49, 0x00, 0x00, 0x00, 0x00, 0x00, 0x3A, 0x00, 0x61, 0x00, 0x00, 0x00
    .byte 0x00, 0x00, 0x3A, 0x00, 0x49, 0x00, 0x00, 0x00
    .close

party 634
    .byte 0x00, 0x00, 0x2E, 0x00, 0xD8, 0x00, 0x00, 0x00, 0x00, 0x20, 0x2F, 0x00, 0xB8, 0x00, 0x00, 0x00
    .close

party 635
    .byte 0x00, 0x00, 0x30, 0x00, 0xD8, 0x00, 0x00, 0x00, 0x00, 0x20, 0x31, 0x00, 0xB8, 0x00, 0x00, 0x00
    .close

party 636
    .byte 0x00, 0x00, 0x3A, 0x00, 0xD9, 0x00, 0x00, 0x00, 0x00, 0x20, 0x36, 0x00, 0xB8, 0x00, 0x00, 0x00
    .close

party 637
    .byte 0x00, 0x00, 0x2B, 0x00, 0xA8, 0x01, 0x00, 0x00, 0x00, 0x00, 0x2B, 0x00, 0xC0, 0x00, 0x00, 0x00
    .close

party 638
    .byte 0x00, 0x00, 0x31, 0x00, 0xA8, 0x01, 0x00, 0x00, 0x00, 0x00, 0x31, 0x00, 0xC0, 0x00, 0x00, 0x00
    .close

party 639
    .byte 0x00, 0x00, 0x37, 0x00, 0xA8, 0x01, 0x00, 0x00, 0x00, 0x00, 0x37, 0x00, 0xC0, 0x00, 0x00, 0x00
    .close

party 640
    .byte 0x00, 0x00, 0x2A, 0x00, 0x2F, 0x00, 0x00, 0x00, 0x00, 0x00, 0x2B, 0x00, 0x3D, 0x00, 0x00, 0x00
    .byte 0x00, 0x00, 0x28, 0x00, 0x84, 0x00, 0x00, 0x00
    .close

party 641
    .byte 0x00, 0x00, 0x2E, 0x00, 0x2F, 0x00, 0x00, 0x00, 0x00, 0x00, 0x2F, 0x00, 0x3D, 0x00, 0x00, 0x00
    .byte 0x00, 0x00, 0x2E, 0x00, 0x84, 0x00, 0x00, 0x00
    .close

party 642
    .byte 0x00, 0x00, 0x32, 0x00, 0x7A, 0x00, 0xB1, 0x01, 0x5E, 0x00, 0xA4, 0x00, 0x00, 0x00, 0x00, 0x00
    .byte 0x00, 0x00, 0x37, 0x00, 0x2F, 0x00, 0x93, 0x00, 0xCA, 0x00, 0x94, 0x01, 0xA3, 0x00, 0x00, 0x00
    .byte 0x00, 0x00, 0x35, 0x00, 0x3E, 0x00, 0x66, 0x01, 0xBB, 0x00, 0xDF, 0x00, 0x5F, 0x00, 0x00, 0x00
    .byte 0x00, 0x00, 0x33, 0x00, 0x84, 0x00, 0x90, 0x00, 0x00, 0x00, 0x00, 0x00, 0x00, 0x00, 0x00, 0x00
    .close

party 643
    .byte 0x00, 0x00, 0x30, 0x00, 0xC3, 0x00, 0xF0, 0x00, 0x39, 0x00, 0x59, 0x00, 0x00, 0x00, 0x00, 0x00
    .byte 0x00, 0x00, 0x30, 0x00, 0xC3, 0x00, 0x85, 0x00, 0x39, 0x00, 0x19, 0x01, 0x00, 0x00, 0x00, 0x00
    .close

party 644
    .byte 0x00, 0x00, 0x35, 0x00, 0xC3, 0x00, 0xF0, 0x00, 0x39, 0x00, 0x4A, 0x01, 0x59, 0x00, 0x00, 0x00
    .byte 0x00, 0x00, 0x35, 0x00, 0xC3, 0x00, 0x85, 0x00, 0x39, 0x00, 0x4A, 0x01, 0xB6, 0x00, 0x00, 0x00
    .close

party 645
    .byte 0x00, 0x00, 0x37, 0x00, 0xC3, 0x00, 0x85, 0x00, 0x39, 0x00, 0x19, 0x01, 0xB6, 0x00, 0x00, 0x00
    .byte 0x00, 0x00, 0x37, 0x00, 0xC3, 0x00, 0xF0, 0x00, 0x39, 0x00, 0x4A, 0x01, 0x59, 0x00, 0x00, 0x00
    .close

party 646
    .byte 0x32, 0x00, 0x2F, 0x00, 0x16, 0x00, 0x00, 0x00, 0x32, 0x00, 0x2C, 0x00, 0xE3, 0x00, 0x00, 0x00
    .close

party 647
    .byte 0x32, 0x00, 0x30, 0x00, 0xE3, 0x00, 0x00, 0x00, 0x32, 0x00, 0x33, 0x00, 0x16, 0x00, 0x00, 0x00
    .close

party 648
    .byte 0x32, 0x00, 0x37, 0x00, 0xE3, 0x00, 0x00, 0x00, 0x32, 0x00, 0x37, 0x00, 0x16, 0x00, 0x00, 0x00
    .close

party 649
    .byte 0x00, 0x00, 0x2E, 0x00, 0x1C, 0x00, 0x00, 0x00, 0x00, 0x00, 0x2D, 0x00, 0x2A, 0x00, 0x00, 0x00
    .byte 0x00, 0x00, 0x29, 0x00, 0x25, 0x00, 0x00, 0x00
    .close

party 650
    .byte 0x00, 0x00, 0x30, 0x00, 0x1C, 0x00, 0x00, 0x00, 0x00, 0x00, 0x33, 0x00, 0x2A, 0x00, 0x00, 0x00
    .byte 0x00, 0x00, 0x30, 0x00, 0x25, 0x00, 0x00, 0x00
    .close

party 651
    .byte 0x00, 0x00, 0x34, 0x00, 0x1C, 0x00, 0x00, 0x00, 0x00, 0x00, 0x35, 0x00, 0x2A, 0x00, 0x00, 0x00
    .byte 0x00, 0x00, 0x34, 0x00, 0x25, 0x00, 0x00, 0x00
    .close

party 652
    .byte 0x00, 0x00, 0x2D, 0x00, 0x40, 0x00, 0x00, 0x00, 0x00, 0x00, 0x32, 0x00, 0x37, 0x00, 0x00, 0x00
    .close

party 653
    .byte 0x00, 0x00, 0x30, 0x00, 0x40, 0x00, 0x69, 0x00, 0x5E, 0x00, 0x10, 0x01, 0x73, 0x00, 0x00, 0x00
    .byte 0x00, 0x00, 0x34, 0x00, 0x37, 0x00, 0x60, 0x01, 0x85, 0x00, 0xAC, 0x01, 0x3B, 0x00, 0x00, 0x00
    .close

party 654
    .byte 0x00, 0x00, 0x36, 0x00, 0x41, 0x00, 0x5E, 0x00, 0x5B, 0x01, 0x73, 0x00, 0x69, 0x00, 0x00, 0x00
    .byte 0x00, 0x00, 0x38, 0x00, 0x37, 0x00, 0x38, 0x00, 0x85, 0x00, 0xC5, 0x01, 0x3B, 0x00, 0x00, 0x00
    .close

party 655
    .byte 0x00, 0x00, 0x10, 0x00, 0x5F, 0x00, 0x00, 0x00, 0x00, 0x00, 0x21, 0x00, 0x4B, 0x00, 0x00, 0x00
    .byte 0x00, 0x00, 0x25, 0x00, 0x4C, 0x00, 0x00, 0x00, 0x00, 0x00, 0x20, 0x00, 0x1C, 0x00, 0x00, 0x00
    .close

party 656
    .byte 0x00, 0x00, 0x2A, 0x00, 0x1C, 0x00, 0x00, 0x00, 0x00, 0x00, 0x25, 0x00, 0x4B, 0x00, 0x00, 0x00
    .byte 0x00, 0x00, 0x2C, 0x00, 0x4C, 0x00, 0x00, 0x00, 0x00, 0x00, 0x2E, 0x00, 0x5F, 0x00, 0x00, 0x00
    .close

party 657
    .byte 0x00, 0x00, 0x2E, 0x00, 0x1C, 0x00, 0x00, 0x00, 0x00, 0x00, 0x2C, 0x00, 0x4B, 0x00, 0x00, 0x00
    .byte 0x00, 0x00, 0x31, 0x00, 0x4C, 0x00, 0x00, 0x00, 0x00, 0x00, 0x36, 0x00, 0xD0, 0x00, 0x00, 0x00
    .close

party 658
    .byte 0x00, 0x00, 0x29, 0x00, 0xB9, 0x00, 0x00, 0x00, 0x00, 0x00, 0x29, 0x00, 0xAA, 0x00, 0x00, 0x00
    .close

party 659
    .byte 0x00, 0x00, 0x30, 0x00, 0xB9, 0x00, 0x00, 0x00, 0x00, 0x00, 0x2F, 0x00, 0xAB, 0x00, 0x00, 0x00
    .byte 0x00, 0x00, 0x2C, 0x00, 0xBC, 0x00, 0x00, 0x00
    .close

party 660
    .byte 0x00, 0x00, 0x34, 0x00, 0xB9, 0x00, 0x00, 0x00, 0x00, 0x00, 0x34, 0x00, 0xBD, 0x00, 0x00, 0x00
    .byte 0x00, 0x00, 0x34, 0x00, 0xAB, 0x00, 0x00, 0x00
    .close

party 661
    .byte 0x00, 0x00, 0x28, 0x00, 0x77, 0x00, 0x00, 0x00, 0x00, 0x00, 0x26, 0x00, 0xD3, 0x00, 0x00, 0x00
    .byte 0x00, 0x00, 0x2B, 0x00, 0x77, 0x00, 0x00, 0x00
    .close

party 662
    .byte 0x00, 0x00, 0x2B, 0x00, 0x77, 0x00, 0x00, 0x00, 0x00, 0x00, 0x29, 0x00, 0xD3, 0x00, 0x00, 0x00
    .byte 0x00, 0x00, 0x2F, 0x00, 0x77, 0x00, 0x00, 0x00, 0x00, 0x00, 0x27, 0x00, 0x62, 0x00, 0x00, 0x00
    .close

party 663
    .byte 0x00, 0x00, 0x30, 0x00, 0x77, 0x00, 0x00, 0x00, 0x00, 0x00, 0x31, 0x00, 0xD3, 0x00, 0x00, 0x00
    .byte 0x00, 0x00, 0x34, 0x00, 0x77, 0x00, 0x00, 0x00, 0x00, 0x00, 0x33, 0x00, 0x63, 0x00, 0x00, 0x00
    .close

party 664
    .byte 0x00, 0x00, 0x12, 0x00, 0x81, 0x00, 0x00, 0x00, 0x00, 0x00, 0x12, 0x00, 0x81, 0x00, 0x00, 0x00
    .byte 0x00, 0x00, 0x12, 0x00, 0x81, 0x00, 0x00, 0x00, 0x00, 0x00, 0x12, 0x00, 0x81, 0x00, 0x00, 0x00
    .close

party 665
    .byte 0x00, 0x00, 0x12, 0x00, 0x81, 0x00, 0x00, 0x00, 0x00, 0x00, 0x12, 0x00, 0x81, 0x00, 0x00, 0x00
    .byte 0x00, 0x00, 0x12, 0x00, 0x81, 0x00, 0x00, 0x00, 0x00, 0x00, 0x12, 0x00, 0x81, 0x00, 0x00, 0x00
    .byte 0x00, 0x00, 0x12, 0x00, 0x81, 0x00, 0x00, 0x00
    .close

party 666
    .byte 0x00, 0x00, 0x12, 0x00, 0x81, 0x00, 0x00, 0x00, 0x00, 0x00, 0x12, 0x00, 0x81, 0x00, 0x00, 0x00
    .byte 0x00, 0x00, 0x12, 0x00, 0x81, 0x00, 0x00, 0x00, 0x00, 0x00, 0x12, 0x00, 0x81, 0x00, 0x00, 0x00
    .byte 0x00, 0x00, 0x12, 0x00, 0x81, 0x00, 0x00, 0x00, 0x00, 0x00, 0x12, 0x00, 0x81, 0x00, 0x00, 0x00
    .close

party 667
    .byte 0xC8, 0x00, 0x3D, 0x00, 0xCA, 0x00, 0x00, 0x00, 0x44, 0x00, 0xF3, 0x00, 0xDB, 0x00, 0xE3, 0x00
    .byte 0x00, 0x00, 0xC8, 0x00, 0x3D, 0x00, 0xAA, 0x01, 0x00, 0x00, 0x5C, 0x00, 0xD2, 0x01, 0x13, 0x00
    .byte 0xB6, 0x00, 0x00, 0x00, 0xC8, 0x00, 0x3E, 0x00, 0x29, 0x01, 0x00, 0x00, 0x72, 0x01, 0x59, 0x00
    .byte 0xA2, 0x01, 0xBC, 0x01, 0x00, 0x00, 0xC8, 0x00, 0x3F, 0x00, 0x41, 0x01, 0x00, 0x00, 0x43, 0x01
    .byte 0x6A, 0x01, 0x59, 0x00, 0xA3, 0x01, 0x00, 0x00, 0xC8, 0x00, 0x41, 0x00, 0xF2, 0x00, 0x9E, 0x00
    .byte 0x87, 0x00, 0x44, 0x00, 0x5E, 0x00, 0x5C, 0x00, 0x00, 0x00
    .close

party 668
    .byte 0xC8, 0x00, 0x3D, 0x00, 0x23, 0x01, 0x00, 0x00, 0x94, 0x01, 0x4C, 0x01, 0x0E, 0x00, 0xA3, 0x00
    .byte 0x00, 0x00, 0xC8, 0x00, 0x3D, 0x00, 0x65, 0x00, 0x00, 0x00, 0x3F, 0x00, 0x57, 0x00, 0x56, 0x00
    .byte 0x68, 0x00, 0x00, 0x00, 0xC8, 0x00, 0x3E, 0x00, 0xA9, 0x00, 0x00, 0x00, 0x93, 0x01, 0x31, 0x01
    .byte 0x6D, 0x00, 0x68, 0x00, 0x00, 0x00, 0xC8, 0x00, 0x3F, 0x00, 0xCD, 0x01, 0x00, 0x00, 0xA4, 0x01
    .byte 0x90, 0x01, 0x08, 0x00, 0x4C, 0x01, 0x00, 0x00, 0xC8, 0x00, 0x41, 0x00, 0x3B, 0x00, 0x9E, 0x00
    .byte 0xF5, 0x00, 0x8A, 0x01, 0xF2, 0x00, 0xA6, 0x01, 0x00, 0x00
    .close

party 669
    .byte 0xC8, 0x00, 0x3D, 0x00, 0xDA, 0x01, 0x00, 0x00, 0xA1, 0x00, 0x5E, 0x00, 0x55, 0x00, 0x8F, 0x01
    .byte 0x00, 0x00, 0xC8, 0x00, 0x3D, 0x00, 0x5E, 0x00, 0x00, 0x00, 0xF7, 0x00, 0x5E, 0x00, 0xBC, 0x00
    .byte 0x9C, 0x01, 0x00, 0x00, 0xC8, 0x00, 0x3E, 0x00, 0xCE, 0x01, 0x00, 0x00, 0x57, 0x00, 0xAE, 0x01
    .byte 0x56, 0x00, 0x3F, 0x00, 0x00, 0x00, 0xC8, 0x00, 0x3F, 0x00, 0xD4, 0x01, 0x00, 0x00, 0xF5, 0x00
    .byte 0x93, 0x01, 0x8C, 0x01, 0x5E, 0x00, 0x00, 0x00, 0xC8, 0x00, 0x41, 0x00, 0x41, 0x00, 0x9E, 0x00
    .byte 0x5E, 0x00, 0x9B, 0x01, 0x5B, 0x01, 0x3F, 0x00, 0x00, 0x00
    .close

party 670
    .byte 0xC8, 0x00, 0x3D, 0x00, 0x67, 0x01, 0x00, 0x00, 0xAB, 0x01, 0x90, 0x01, 0x0E, 0x00, 0x62, 0x00
    .byte 0x00, 0x00, 0xC8, 0x00, 0x3D, 0x00, 0xD9, 0x00, 0x00, 0x00, 0xA3, 0x01, 0xA3, 0x00, 0x4C, 0x01
    .byte 0xA5, 0x01, 0x00, 0x00, 0xC8, 0x00, 0x3E, 0x00, 0x78, 0x01, 0x00, 0x00, 0x35, 0x01, 0xAC, 0x01
    .byte 0x67, 0x01, 0xA2, 0x01, 0x00, 0x00, 0xC8, 0x00, 0x3F, 0x00, 0x75, 0x01, 0x00, 0x00, 0x51, 0x01
    .byte 0xF2, 0x00, 0xA8, 0x01, 0xA6, 0x01, 0x00, 0x00, 0xC8, 0x00, 0x41, 0x00, 0xC0, 0x01, 0x9E, 0x00
    .byte 0xF5, 0x00, 0x72, 0x01, 0xC6, 0x00, 0x2B, 0x01, 0x00, 0x00
    .close

party 671
    .byte 0xC8, 0x00, 0x3D, 0x00, 0xD5, 0x00, 0x00, 0x00, 0x9C, 0x00, 0x5C, 0x00, 0xB6, 0x00, 0xC9, 0x00
    .byte 0x00, 0x00, 0xC8, 0x00, 0x3E, 0x00, 0xC5, 0x00, 0x00, 0x00, 0x8F, 0x01, 0x5E, 0x00, 0x6D, 0x00
    .byte 0x68, 0x00, 0x00, 0x00, 0xC8, 0x00, 0x3D, 0x00, 0x44, 0x01, 0x00, 0x00, 0x59, 0x00, 0x05, 0x01
    .byte 0x1C, 0x01, 0xB6, 0x00, 0x00, 0x00, 0xC8, 0x00, 0x3F, 0x00, 0xDD, 0x01, 0x00, 0x00, 0x07, 0x00
    .byte 0x08, 0x00, 0x09, 0x00, 0xF7, 0x00, 0x00, 0x00, 0xC8, 0x00, 0x41, 0x00, 0x58, 0x01, 0x9E, 0x00
    .byte 0x9E, 0x01, 0x5E, 0x00, 0xF6, 0x00, 0x5B, 0x01, 0x00, 0x00
    .close

party 672
    .byte 0x00, 0x00, 0x24, 0x00, 0xA4, 0x00, 0x00, 0x00
    .close

party 673
    .byte 0x00, 0x00, 0x2A, 0x00, 0xA4, 0x00, 0x00, 0x00
    .close

party 674
    .byte 0x00, 0x00, 0x3A, 0x00, 0xA4, 0x00, 0x5F, 0x00, 0x8A, 0x00, 0x93, 0x01, 0x73, 0x00, 0x00, 0x00
    .close

party 675
    .byte 0xFA, 0x00, 0x28, 0x00, 0x95, 0x00, 0x13, 0x00, 0xEF, 0x00, 0x57, 0x00, 0x3F, 0x00, 0x00, 0x00
    .close

party 676
    .byte 0x00, 0x20, 0x2B, 0x00, 0x74, 0x00, 0x60, 0x01, 0x74, 0x00, 0xEF, 0x00, 0x61, 0x00, 0x00, 0x00
    .byte 0x00, 0x20, 0x2B, 0x00, 0x75, 0x00, 0x60, 0x01, 0x74, 0x00, 0xEF, 0x00, 0x61, 0x00, 0x00, 0x00
    .close

party 677
    .byte 0x00, 0x20, 0x30, 0x00, 0xB8, 0x00, 0x60, 0x01, 0x88, 0x01, 0x26, 0x00, 0x91, 0x01, 0x00, 0x00
    .close

party 678
    .byte 0x00, 0x20, 0x30, 0x00, 0x5B, 0x00, 0x60, 0x01, 0x83, 0x00, 0x3E, 0x00, 0xD5, 0x00, 0x00, 0x00
    .close

party 679
    .byte 0x00, 0x00, 0x15, 0x00, 0x24, 0x00, 0x2D, 0x00, 0xE3, 0x00, 0x03, 0x00, 0x76, 0x00, 0x00, 0x00
    .byte 0x00, 0x00, 0x15, 0x00, 0xDD, 0x02, 0x4B, 0x02, 0x44, 0x02, 0x38, 0x01, 0xFC, 0x01, 0x00, 0x00
    .close

party 680
    .byte 0x00, 0x00, 0x15, 0x00, 0x28, 0x00, 0x2F, 0x00, 0x6F, 0x00, 0x01, 0x00, 0x32, 0x00, 0x00, 0x00
    .byte 0x00, 0x00, 0x15, 0x00, 0xDF, 0x02, 0x44, 0x02, 0xB2, 0x00, 0xF3, 0x01, 0x39, 0x01, 0x00, 0x00
    .close

party 681
    .byte 0x3C, 0x00, 0x35, 0x00, 0xEA, 0x00, 0xAC, 0x01, 0xD8, 0x00, 0x7E, 0x01, 0xB1, 0x01, 0x00, 0x00
    .byte 0x3C, 0x00, 0x34, 0x00, 0x80, 0x00, 0x24, 0x00, 0x57, 0x00, 0x39, 0x00, 0x7E, 0x00, 0x00, 0x00
    .close

party 682
    .byte 0x3C, 0x00, 0x32, 0x00, 0x47, 0x01, 0xAF, 0x00, 0xFC, 0x00, 0x2A, 0x01, 0xB1, 0x01, 0x00, 0x00
    .byte 0x3C, 0x20, 0x34, 0x00, 0xB9, 0x00, 0xC4, 0x01, 0x67, 0x01, 0x59, 0x00, 0xBC, 0x01, 0x00, 0x00
    .close

party 683
    .byte 0x3C, 0x00, 0x32, 0x00, 0xC7, 0x00, 0x9B, 0x00, 0x39, 0x00, 0x5E, 0x00, 0x35, 0x00, 0xB1, 0x01
    .byte 0x00, 0x00, 0x3C, 0x00, 0x35, 0x00, 0xCF, 0x01, 0x00, 0x00, 0x7A, 0x01, 0x55, 0x00, 0x59, 0x00
    .byte 0x3A, 0x00, 0x00, 0x00
    .close

party 684
    .byte 0x3C, 0x20, 0x34, 0x00, 0xE9, 0x00, 0x00, 0x00, 0xA1, 0x00, 0xC3, 0x01, 0xB6, 0x00, 0xB1, 0x01
    .byte 0x00, 0x00, 0x3C, 0x20, 0x32, 0x00, 0xB8, 0x00, 0x00, 0x00, 0x7F, 0x00, 0xC5, 0x01, 0x14, 0x01
    .byte 0xD5, 0x00, 0x00, 0x00
    .close

party 685
    .byte 0x50, 0x00, 0x32, 0x00, 0x4C, 0x00, 0x26, 0x00, 0x9D, 0x00, 0xC9, 0x00, 0x2E, 0x00, 0x00, 0x00
    .close

party 686
    .byte 0x00, 0x00, 0x37, 0x00, 0x57, 0x00, 0x00, 0x00, 0x00, 0x00, 0x32, 0x00, 0x83, 0x00, 0x00, 0x00
    .close

party 687
    .byte 0x00, 0x00, 0x37, 0x00, 0x5B, 0x00, 0x00, 0x00, 0x00, 0x00, 0x32, 0x00, 0x57, 0x00, 0x00, 0x00
    .close

party 688
    .byte 0x00, 0x00, 0x35, 0x00, 0xE1, 0x00, 0x00, 0x00
    .close

party 689
    .byte 0x00, 0x00, 0x35, 0x00, 0x44, 0x01, 0x3B, 0x01, 0xE7, 0x00, 0x22, 0x00, 0x4E, 0x01, 0x00, 0x00
    .close

party 690
    .byte 0x00, 0x20, 0x35, 0x00, 0x42, 0x01, 0x3B, 0x01, 0x85, 0x00, 0x9E, 0x01, 0xDE, 0x00, 0x00, 0x00
    .close

party 691
    .byte 0x00, 0x20, 0x35, 0x00, 0xDB, 0x00, 0x3B, 0x01, 0x9D, 0x00, 0x19, 0x01, 0x69, 0x00, 0x00, 0x00
    .close

party 692
    .byte 0x00, 0x00, 0x32, 0x00, 0x3B, 0x00, 0x3B, 0x01, 0xF5, 0x00, 0xA8, 0x01, 0xA6, 0x01, 0x00, 0x00
    .close

party 693
    .byte 0x00, 0x00, 0x32, 0x00, 0x7E, 0x00, 0x3B, 0x01, 0x07, 0x00, 0x6D, 0x00, 0xB9, 0x00, 0x00, 0x00
    .close

party 694
    .byte 0x00, 0x00, 0x32, 0x00, 0x26, 0x00, 0x3B, 0x01, 0x05, 0x01, 0x62, 0x00, 0x2E, 0x00, 0x00, 0x00
    .close

party 695
    .byte 0x00, 0x00, 0x2C, 0x00, 0x0F, 0x00, 0x00, 0x00, 0x00, 0x00, 0x30, 0x00, 0x0C, 0x00, 0x00, 0x00
    .close

party 696
    .byte 0x00, 0x00, 0x32, 0x00, 0xA8, 0x00, 0x00, 0x00
    .close

party 697
    .byte 0x00, 0x00, 0x34, 0x00, 0x0B, 0x00, 0x00, 0x00, 0x00, 0x00, 0x38, 0x00, 0x0B, 0x00, 0x00, 0x00
    .byte 0x00, 0x00, 0x3C, 0x00, 0x0B, 0x00, 0x00, 0x00
    .close

party 698
    .byte 0x00, 0x00, 0x1C, 0x00, 0x0D, 0x00, 0x00, 0x00, 0x00, 0x00, 0x26, 0x00, 0x0E, 0x00, 0x00, 0x00
    .byte 0x00, 0x00, 0x2E, 0x00, 0x0F, 0x00, 0x00, 0x00
    .close

party 699
    .byte 0x00, 0x00, 0x2C, 0x00, 0x0C, 0x00, 0x00, 0x00, 0x00, 0x00, 0x2C, 0x00, 0x0F, 0x00, 0x00, 0x00
    .byte 0x00, 0x00, 0x2C, 0x00, 0x19, 0x00, 0x00, 0x00
    .close

party 700
    .byte 0x64, 0x00, 0x2A, 0x00, 0x22, 0x00, 0x00, 0x00, 0x74, 0x00, 0x1F, 0x00, 0x18, 0x00, 0xA5, 0x01
    .byte 0x00, 0x00, 0x64, 0x20, 0x28, 0x00, 0x73, 0x00, 0x00, 0x00, 0x92, 0x00, 0x85, 0x01, 0x2B, 0x00
    .byte 0xC8, 0x00, 0x00, 0x00, 0x64, 0x00, 0x2B, 0x00, 0xAE, 0x01, 0x00, 0x00, 0x8F, 0x01, 0xA1, 0x01
    .byte 0xCF, 0x00, 0xF7, 0x00, 0x00, 0x00, 0x64, 0x00, 0x2E, 0x00, 0x1F, 0x00, 0x00, 0x00, 0x9E, 0x01
    .byte 0x14, 0x01, 0xF2, 0x00, 0x2E, 0x00, 0x00, 0x00
    .close

party 701
    .byte 0xFA, 0x00, 0x48, 0x00, 0x75, 0x01, 0x9D, 0x00, 0x35, 0x00, 0xA5, 0x01, 0x51, 0x01, 0x9C, 0x00
    .byte 0x00, 0x00, 0xFA, 0x00, 0x44, 0x00, 0x82, 0x00, 0x00, 0x00, 0x56, 0x00, 0xA7, 0x01, 0x7F, 0x00
    .byte 0x5D, 0x01, 0x00, 0x00, 0xFA, 0x00, 0x48, 0x00, 0xBD, 0x01, 0x00, 0x00, 0x0E, 0x00, 0xC8, 0x00
    .byte 0x59, 0x00, 0x2E, 0x00, 0x00, 0x00, 0xFA, 0x00, 0x49, 0x00, 0x4E, 0x01, 0x00, 0x00, 0xC3, 0x00
    .byte 0xE1, 0x00, 0x68, 0x00, 0x3F, 0x00, 0x00, 0x00, 0xFA, 0x00, 0x44, 0x00, 0x06, 0x00, 0x00, 0x00
    .byte 0x35, 0x00, 0x93, 0x01, 0x51, 0x01, 0x3F, 0x00, 0x00, 0x00, 0xFA, 0x00, 0x4B, 0x00, 0x95, 0x00
    .byte 0x9E, 0x00, 0x7E, 0x00, 0xDB, 0x00, 0xB2, 0x01, 0x3F, 0x00, 0x00, 0x00
    .close

party 702
    .byte 0xFA, 0x20, 0x3A, 0x00, 0xB5, 0x01, 0x00, 0x00, 0x73, 0x00, 0x73, 0x01, 0x64, 0x01, 0x5E, 0x00
    .byte 0x00, 0x00, 0xFA, 0x00, 0x3C, 0x00, 0x7C, 0x00, 0x00, 0x00, 0x39, 0x01, 0x8E, 0x00, 0x3B, 0x00
    .byte 0x8A, 0x00, 0x00, 0x00, 0xFA, 0x00, 0x3B, 0x00, 0x46, 0x01, 0x00, 0x00, 0x6D, 0x00, 0x44, 0x01
    .byte 0x98, 0x01, 0x5E, 0x00, 0x00, 0x00, 0xFA, 0x20, 0x3C, 0x00, 0x50, 0x00, 0x00, 0x00, 0xAE, 0x00
    .byte 0x85, 0x00, 0x22, 0x00, 0x5E, 0x00, 0x00, 0x00, 0xFA, 0x00, 0x3D, 0x00, 0x1A, 0x01, 0x00, 0x00
    .byte 0x9B, 0x01, 0xC3, 0x01, 0x5B, 0x01, 0x5E, 0x00, 0x00, 0x00, 0xFA, 0x20, 0x3E, 0x00, 0xB2, 0x00
    .byte 0x9E, 0x00, 0x62, 0x00, 0xF7, 0x00, 0x6D, 0x00, 0x5E, 0x00, 0x00, 0x00
    .close

party 703
    .byte 0xFA, 0x20, 0x3D, 0x00, 0xB3, 0x01, 0x00, 0x00, 0x85, 0x01, 0x5B, 0x00, 0x5C, 0x00, 0x99, 0x00
    .byte 0x00, 0x00, 0xFA, 0x00, 0x3F, 0x00, 0x31, 0x00, 0x00, 0x00, 0x68, 0x00, 0xE2, 0x00, 0x5E, 0x00
    .byte 0x3E, 0x01, 0x00, 0x00, 0xFA, 0x20, 0x3C, 0x00, 0xC6, 0x01, 0x00, 0x00, 0xEE, 0x00, 0x94, 0x01
    .byte 0xCF, 0x00, 0xB9, 0x01, 0x00, 0x00, 0xFA, 0x20, 0x3E, 0x00, 0x59, 0x00, 0x19, 0x01, 0x6B, 0x00
    .byte 0x67, 0x00, 0xCF, 0x00, 0x5C, 0x00, 0x00, 0x00, 0xFA, 0x00, 0x40, 0x00, 0xA9, 0x00, 0x00, 0x00
    .byte 0x5C, 0x00, 0xD4, 0x00, 0x13, 0x00, 0xB8, 0x01, 0x00, 0x00, 0xFA, 0x20, 0x3E, 0x00, 0x3D, 0x01
    .byte 0xEA, 0x00, 0x19, 0x01, 0x85, 0x00, 0xDC, 0x00, 0xBC, 0x00, 0x00, 0x00
    .close

party 704
    .byte 0xFA, 0x20, 0x3E, 0x00, 0xED, 0x00, 0x00, 0x00, 0x44, 0x00, 0x62, 0x00, 0x72, 0x01, 0x59, 0x00
    .byte 0x00, 0x00, 0xFA, 0x20, 0x3D, 0x00, 0x6A, 0x00, 0x00, 0x00, 0xCF, 0x00, 0x72, 0x01, 0xB3, 0x00
    .byte 0x2B, 0x01, 0x00, 0x00, 0xFA, 0x20, 0x3D, 0x00, 0x6B, 0x00, 0x00, 0x00, 0xA4, 0x00, 0x99, 0x01
    .byte 0x72, 0x01, 0xA2, 0x01, 0x00, 0x00, 0xFA, 0x00, 0x3E, 0x00, 0x29, 0x01, 0x9E, 0x00, 0x43, 0x00
    .byte 0x73, 0x01, 0xA2, 0x01, 0x53, 0x01, 0x00, 0x00, 0xFA, 0x20, 0x40, 0x00, 0x44, 0x00, 0x00, 0x00
    .byte 0xA2, 0x01, 0xC1, 0x00, 0xBC, 0x01, 0xDF, 0x00, 0x00, 0x00, 0xFA, 0x20, 0x40, 0x00, 0xC0, 0x01
    .byte 0x00, 0x00, 0xF5, 0x00, 0x72, 0x01, 0x44, 0x00, 0xE7, 0x00, 0x00, 0x00
    .close

party 705
    .byte 0xFA, 0x00, 0x3E, 0x00, 0xCD, 0x01, 0x00, 0x00, 0xA4, 0x01, 0x90, 0x01, 0x08, 0x00, 0x43, 0x00
    .byte 0x00, 0x00, 0xFA, 0x00, 0x3E, 0x00, 0xBA, 0x01, 0x00, 0x00, 0xAE, 0x00, 0x6D, 0x00, 0xDC, 0x00
    .byte 0x85, 0x01, 0x00, 0x00, 0xFA, 0x20, 0x3E, 0x00, 0x67, 0x01, 0x00, 0x00, 0x90, 0x01, 0xAB, 0x01
    .byte 0xC5, 0x00, 0xC3, 0x00, 0x00, 0x00, 0xFA, 0x20, 0x40, 0x00, 0xAE, 0x01, 0x00, 0x00, 0x41, 0x00
    .byte 0x12, 0x00, 0x85, 0x01, 0x56, 0x00, 0x00, 0x00, 0xFA, 0x00, 0x3F, 0x00, 0xE5, 0x00, 0x00, 0x00
    .byte 0xA1, 0x01, 0x8F, 0x01, 0x35, 0x00, 0xBC, 0x00, 0x00, 0x00, 0xFA, 0x00, 0x40, 0x00, 0xC5, 0x00
    .byte 0x9E, 0x00, 0xAE, 0x00, 0x73, 0x01, 0x6D, 0x00, 0x85, 0x01, 0x00, 0x00
    .close

party 706
    .byte 0x64, 0x00, 0x27, 0x00, 0x53, 0x02, 0x67, 0x00, 0x56, 0x01, 0x1C, 0x02, 0xC2, 0x01, 0x00, 0x00
    .byte 0x64, 0x00, 0x27, 0x00, 0x6B, 0x02, 0xBC, 0x00, 0x85, 0x00, 0x22, 0x00, 0xDC, 0x00, 0x00, 0x00
    .close

party 707
    .byte 0x00, 0x00, 0x05, 0x00, 0x13, 0x00, 0x00, 0x00
    .close

party 708
    .byte 0x00, 0x00, 0x05, 0x00, 0x13, 0x00, 0x00, 0x00
    .close

party 709
    .byte 0x00, 0x00, 0x05, 0x00, 0x13, 0x00, 0x00, 0x00
    .close

party 710
    .byte 0x00, 0x00, 0x05, 0x00, 0x13, 0x00, 0x00, 0x00
    .close

party 711
    .byte 0x00, 0x00, 0x05, 0x00, 0x13, 0x00, 0x00, 0x00
    .close

party 712
    .byte 0xC8, 0x00, 0x32, 0x00, 0x8E, 0x01, 0x00, 0x00, 0xD5, 0x00, 0x9D, 0x01, 0x72, 0x01, 0x71, 0x01
    .byte 0x00, 0x00, 0xC8, 0x00, 0x34, 0x00, 0xA4, 0x00, 0x00, 0x00, 0x63, 0x01, 0x93, 0x01, 0xF7, 0x00
    .byte 0x29, 0x01, 0x00, 0x00, 0xC8, 0x00, 0x34, 0x00, 0x15, 0x01, 0x11, 0x01, 0x07, 0x01, 0xB6, 0x00
    .byte 0x68, 0x00, 0x1B, 0x01, 0x00, 0x00, 0xC8, 0x00, 0x36, 0x00, 0xAE, 0x01, 0x00, 0x00, 0x90, 0x01
    .byte 0x85, 0x01, 0x56, 0x00, 0x8F, 0x01, 0x00, 0x00, 0xC8, 0x00, 0x30, 0x00, 0x17, 0x01, 0x00, 0x00
    .byte 0x39, 0x00, 0x6E, 0x01, 0x3A, 0x00, 0xED, 0x00, 0x00, 0x00, 0xC8, 0x00, 0x38, 0x00, 0x12, 0x00
    .byte 0x00, 0x00, 0xD8, 0x00, 0x68, 0x00, 0xCF, 0x00, 0x63, 0x01, 0x00, 0x00
    .close

party 713
    .byte 0xC8, 0x20, 0x38, 0x00, 0xD4, 0x00, 0x9E, 0x00, 0xA2, 0x01, 0x94, 0x01, 0x0E, 0x00, 0x14, 0x01
    .byte 0x00, 0x00, 0xC8, 0x00, 0x30, 0x00, 0x24, 0x01, 0x00, 0x00, 0x5C, 0x00, 0x94, 0x01, 0xA9, 0x01
    .byte 0xCF, 0x00, 0x00, 0x00, 0xC8, 0x20, 0x34, 0x00, 0xD5, 0x01, 0x00, 0x00, 0xC5, 0x00, 0x95, 0x01
    .byte 0x93, 0x01, 0xF6, 0x00, 0x00, 0x00, 0xC8, 0x00, 0x37, 0x00, 0x7F, 0x00, 0x00, 0x00, 0x59, 0x00
    .byte 0x0C, 0x00, 0x94, 0x01, 0x3D, 0x01, 0x00, 0x00, 0xC8, 0x00, 0x36, 0x00, 0xD6, 0x00, 0x00, 0x00
    .byte 0x72, 0x01, 0xE0, 0x00, 0xBC, 0x01, 0x44, 0x00, 0x00, 0x00, 0xC8, 0x00, 0x34, 0x00, 0xA0, 0x01
    .byte 0x9E, 0x00, 0xB6, 0x00, 0x6D, 0x00, 0xC6, 0x01, 0xC7, 0x01, 0x00, 0x00
    .close

party 714
    .byte 0xFA, 0x00, 0x34, 0x00, 0xCB, 0x00, 0x00, 0x00, 0x5E, 0x00, 0xF7, 0x00, 0x5B, 0x01, 0xE2, 0x00
    .byte 0x00, 0x00, 0xC8, 0x00, 0x32, 0x00, 0xCF, 0x01, 0x00, 0x00, 0x7A, 0x01, 0x35, 0x00, 0x3A, 0x00
    .byte 0x55, 0x00, 0x00, 0x00, 0xC8, 0x00, 0x36, 0x00, 0x90, 0x01, 0x00, 0x00, 0x68, 0x00, 0xC3, 0x01
    .byte 0x39, 0x00, 0x3A, 0x00, 0x00, 0x00, 0xFA, 0x20, 0x36, 0x00, 0x2D, 0x01, 0x00, 0x00, 0xFC, 0x00
    .byte 0x12, 0x01, 0x5B, 0x01, 0xE2, 0x00, 0x00, 0x00, 0xC8, 0x00, 0x34, 0x00, 0x24, 0x00, 0x00, 0x00
    .byte 0x3B, 0x00, 0x57, 0x00, 0x7E, 0x00, 0x5B, 0x01, 0x00, 0x00, 0xC8, 0x20, 0x3A, 0x00, 0xF1, 0x00
    .byte 0x9D, 0x00, 0x22, 0x00, 0xD5, 0x00, 0xD6, 0x00, 0x9C, 0x00, 0x00, 0x00
    .close

party 715
    .byte 0xC8, 0x20, 0x34, 0x00, 0xAA, 0x01, 0x9E, 0x00, 0xC2, 0x00, 0xA4, 0x00, 0x55, 0x00, 0xF7, 0x00
    .byte 0x00, 0x00, 0xC8, 0x00, 0x34, 0x00, 0xDD, 0x01, 0x00, 0x00, 0xDC, 0x00, 0x05, 0x01, 0xA4, 0x00
    .byte 0x73, 0x01, 0x00, 0x00, 0xC8, 0x00, 0x34, 0x00, 0x2E, 0x01, 0x00, 0x00, 0x85, 0x01, 0x18, 0x01
    .byte 0x08, 0x00, 0xFC, 0x00, 0x00, 0x00, 0xC8, 0x00, 0x36, 0x00, 0xAD, 0x01, 0x00, 0x00, 0xC3, 0x00
    .byte 0xD4, 0x00, 0x6D, 0x00, 0x36, 0x01, 0x00, 0x00, 0xC8, 0x00, 0x39, 0x00, 0x5E, 0x00, 0x00, 0x00
    .byte 0x5F, 0x00, 0x6D, 0x00, 0xF7, 0x00, 0x9B, 0x01, 0x00, 0x00, 0xC8, 0x00, 0x39, 0x00, 0x5E, 0x00
    .byte 0x00, 0x00, 0xA4, 0x00, 0xF7, 0x00, 0x55, 0x00, 0xC2, 0x00, 0x00, 0x00
    .close

party 716
    .byte 0xC8, 0x00, 0x38, 0x00, 0xCC, 0x01, 0x00, 0x00, 0xA4, 0x01, 0xC4, 0x01, 0x59, 0x00, 0x3B, 0x00
    .byte 0x00, 0x00, 0xC8, 0x00, 0x3A, 0x00, 0x57, 0x00, 0x9D, 0x00, 0x23, 0x01, 0x49, 0x01, 0xD6, 0x00
    .byte 0x9C, 0x00, 0x00, 0x00, 0xC8, 0x00, 0x34, 0x00, 0x6A, 0x01, 0x00, 0x00, 0x73, 0x01, 0x03, 0x01
    .byte 0xD5, 0x00, 0x3B, 0x00, 0x00, 0x00, 0xC8, 0x00, 0x34, 0x00, 0xDE, 0x01, 0x00, 0x00, 0xA4, 0x01
    .byte 0x6D, 0x00, 0xD5, 0x00, 0x3B, 0x00, 0x00, 0x00, 0xC8, 0x20, 0x36, 0x00, 0x6D, 0x01, 0x00, 0x00
    .byte 0x02, 0x01, 0x22, 0x00, 0xCF, 0x00, 0x3B, 0x00, 0x00, 0x00, 0xC8, 0x20, 0x3C, 0x00, 0xD9, 0x01
    .byte 0x9E, 0x00, 0x59, 0x00, 0xA3, 0x01, 0xBC, 0x01, 0x68, 0x00, 0x00, 0x00
    .close

party 717
    .byte 0xC8, 0x00, 0x34, 0x00, 0x78, 0x01, 0x00, 0x00, 0x35, 0x01, 0xA2, 0x01, 0x64, 0x01, 0x99, 0x00
    .byte 0x00, 0x00, 0xC8, 0x20, 0x38, 0x00, 0xCE, 0x01, 0x00, 0x00, 0xC0, 0x00, 0xC7, 0x00, 0xF3, 0x00
    .byte 0x3F, 0x01, 0x00, 0x00, 0xC8, 0x00, 0x34, 0x00, 0xE3, 0x00, 0x00, 0x00, 0x93, 0x01, 0xBF, 0x00
    .byte 0x90, 0x01, 0xD3, 0x00, 0x00, 0x00, 0xC8, 0x20, 0x32, 0x00, 0xB5, 0x01, 0x00, 0x00, 0x68, 0x01
    .byte 0x5F, 0x00, 0x8A, 0x00, 0x64, 0x01, 0x00, 0x00, 0xC8, 0x00, 0x34, 0x00, 0x8B, 0x01, 0x00, 0x00
    .byte 0x38, 0x00, 0x3B, 0x00, 0xC5, 0x01, 0x2E, 0x00, 0x00, 0x00, 0xC8, 0x20, 0x3E, 0x00, 0xD0, 0x00
    .byte 0x00, 0x00, 0xBC, 0x01, 0xBE, 0x01, 0x2E, 0x00, 0xE7, 0x00, 0x00, 0x00
    .close

party 718
    .byte 0xC8, 0x00, 0x36, 0x00, 0x34, 0x01, 0x9E, 0x00, 0x88, 0x00, 0xAB, 0x01, 0xD5, 0x00, 0x09, 0x00
    .byte 0x00, 0x00, 0xC8, 0x20, 0x34, 0x00, 0x6B, 0x00, 0x00, 0x00, 0xB7, 0x00, 0xCF, 0x00, 0x08, 0x01
    .byte 0x68, 0x00, 0x00, 0x00, 0xC8, 0x20, 0x37, 0x00, 0x6A, 0x00, 0x00, 0x00, 0x88, 0x00, 0xFC, 0x00
    .byte 0x2B, 0x01, 0x53, 0x01, 0x00, 0x00, 0xC8, 0x20, 0x36, 0x00, 0x1E, 0x01, 0x10, 0x01, 0xA4, 0x00
    .byte 0x08, 0x01, 0x99, 0x01, 0xBC, 0x01, 0x00, 0x00, 0xC8, 0x00, 0x38, 0x00, 0x39, 0x00, 0x00, 0x00
    .byte 0x72, 0x01, 0x73, 0x01, 0x09, 0x00, 0xCF, 0x00, 0x00, 0x00, 0xC8, 0x00, 0x3C, 0x00, 0x3E, 0x00
    .byte 0x9E, 0x00, 0x68, 0x00, 0x7F, 0x00, 0x08, 0x01, 0xA4, 0x00, 0x00, 0x00
    .close

party 719
    .byte 0xC8, 0x00, 0x38, 0x00, 0x82, 0x00, 0xBA, 0x00, 0x5D, 0x01, 0x59, 0x00, 0x7F, 0x00, 0x96, 0x01
    .byte 0x00, 0x00, 0xC8, 0x00, 0x34, 0x00, 0x94, 0x00, 0x00, 0x00, 0x56, 0x00, 0x97, 0x01, 0x55, 0x00
    .byte 0x35, 0x00, 0x00, 0x00, 0xC8, 0x00, 0x34, 0x00, 0x8E, 0x00, 0x00, 0x00, 0x59, 0x00, 0xA6, 0x01
    .byte 0x9D, 0x00, 0x2E, 0x00, 0x00, 0x00, 0xC8, 0x20, 0x38, 0x00, 0xE6, 0x00, 0x00, 0x00, 0x19, 0x01
    .byte 0x38, 0x00, 0x3A, 0x00, 0xE1, 0x00, 0x00, 0x00, 0xC8, 0x00, 0x34, 0x00, 0x06, 0x00, 0x00, 0x00
    .byte 0xA5, 0x01, 0x93, 0x01, 0x51, 0x01, 0xA8, 0x01, 0x00, 0x00, 0xC8, 0x00, 0x3C, 0x00, 0x95, 0x00
    .byte 0x9E, 0x00, 0x57, 0x00, 0xDB, 0x00, 0xE1, 0x00, 0x3F, 0x00, 0x00, 0x00
    .close

party 720
    .byte 0xC8, 0x20, 0x37, 0x00, 0x4C, 0x00, 0x00, 0x00, 0xC9, 0x00, 0x9D, 0x00, 0x8D, 0x01, 0x59, 0x00
    .byte 0x00, 0x00, 0xC8, 0x20, 0x36, 0x00, 0x71, 0x01, 0x9D, 0x00, 0xC9, 0x01, 0x91, 0x01, 0x59, 0x00
    .byte 0x9C, 0x00, 0x00, 0x00, 0xC8, 0x20, 0x38, 0x00, 0x8B, 0x00, 0x00, 0x00, 0xF6, 0x00, 0x6A, 0x01
    .byte 0xB6, 0x00, 0xC9, 0x00, 0x00, 0x00, 0xC8, 0x00, 0x3D, 0x00, 0x5F, 0x00, 0x9E, 0x00, 0xBE, 0x01
    .byte 0x9D, 0x00, 0x8D, 0x01, 0xC9, 0x00, 0x00, 0x00, 0xC8, 0x20, 0x37, 0x00, 0x8D, 0x00, 0x00, 0x00
    .byte 0x9D, 0x00, 0xC5, 0x01, 0xCB, 0x00, 0xCA, 0x00, 0x00, 0x00, 0xC8, 0x00, 0x39, 0x00, 0x99, 0x01
    .byte 0x00, 0x00, 0x59, 0x00, 0xBC, 0x01, 0xA3, 0x01, 0x8D, 0x01, 0x00, 0x00
    .close

party 721
    .byte 0xC8, 0x20, 0x3C, 0x00, 0x79, 0x00, 0xC6, 0x00, 0x55, 0x00, 0x5E, 0x00, 0x3A, 0x00, 0x39, 0x00
    .byte 0x00, 0x00, 0xC8, 0x20, 0x38, 0x00, 0xC3, 0x00, 0x00, 0x00, 0x60, 0x01, 0x85, 0x00, 0x59, 0x00
    .byte 0xF0, 0x00, 0x00, 0x00, 0xC8, 0x00, 0x38, 0x00, 0x83, 0x00, 0x00, 0x00, 0x39, 0x00, 0xC3, 0x00
    .byte 0x3B, 0x00, 0xF0, 0x00, 0x00, 0x00, 0xC8, 0x00, 0x36, 0x00, 0xAB, 0x00, 0x00, 0x00, 0x6D, 0x00
    .byte 0x55, 0x00, 0x39, 0x00, 0x56, 0x00, 0x00, 0x00, 0xC8, 0x00, 0x36, 0x00, 0xA3, 0x01, 0x00, 0x00
    .byte 0x61, 0x00, 0xA7, 0x01, 0x7F, 0x00, 0xE2, 0x00, 0x00, 0x00, 0xC8, 0x00, 0x3C, 0x00, 0x5E, 0x01
    .byte 0x00, 0x00, 0x38, 0x00, 0x3A, 0x00, 0x9C, 0x00, 0xD6, 0x00, 0x00, 0x00
    .close

party 722
    .byte 0xC8, 0x00, 0x3C, 0x00, 0x1A, 0x00, 0x00, 0x00, 0x56, 0x00, 0x62, 0x00, 0x55, 0x00, 0xBF, 0x01
    .byte 0x00, 0x00, 0xC8, 0x00, 0x34, 0x00, 0x36, 0x01, 0xA8, 0x00, 0x56, 0x00, 0x6B, 0x01, 0xB3, 0x01
    .byte 0x3B, 0x01, 0x00, 0x00, 0xC8, 0x00, 0x34, 0x00, 0xCE, 0x01, 0x00, 0x00, 0x55, 0x00, 0x68, 0x00
    .byte 0x89, 0x01, 0xAD, 0x01, 0x00, 0x00, 0xC8, 0x20, 0x34, 0x00, 0x65, 0x00, 0x00, 0x00, 0x56, 0x00
    .byte 0x68, 0x00, 0x55, 0x00, 0x99, 0x00, 0x00, 0x00, 0xC8, 0x00, 0x3A, 0x00, 0xA1, 0x01, 0x00, 0x00
    .byte 0x62, 0x00, 0xA2, 0x00, 0xB3, 0x01, 0xBA, 0x00, 0x00, 0x00, 0xC8, 0x00, 0x38, 0x00, 0xD2, 0x01
    .byte 0x9E, 0x00, 0x55, 0x00, 0xEE, 0x00, 0x08, 0x00, 0x59, 0x00, 0x00, 0x00
    .close

party 723
    .byte 0xC8, 0x00, 0x36, 0x00, 0x13, 0x01, 0x00, 0x00, 0xB5, 0x01, 0x85, 0x01, 0x99, 0x00, 0xF1, 0x00
    .byte 0x00, 0x00, 0xC8, 0x00, 0x35, 0x00, 0xBD, 0x00, 0x00, 0x00, 0x71, 0x01, 0x06, 0x01, 0x4F, 0x00
    .byte 0xCA, 0x00, 0x00, 0x00, 0xC8, 0x00, 0x38, 0x00, 0x47, 0x00, 0xAA, 0x00, 0x6B, 0x01, 0xBC, 0x00
    .byte 0xB5, 0x01, 0x5C, 0x01, 0x00, 0x00, 0xC8, 0x00, 0x38, 0x00, 0xB6, 0x00, 0x00, 0x00, 0xF1, 0x00
    .byte 0x4C, 0x00, 0xCA, 0x00, 0xD5, 0x00, 0x00, 0x00, 0xC8, 0x00, 0x3C, 0x00, 0xD1, 0x01, 0x00, 0x00
    .byte 0x0E, 0x00, 0xB6, 0x01, 0x9D, 0x00, 0x59, 0x00, 0x00, 0x00, 0xC8, 0x00, 0x37, 0x00, 0x97, 0x01
    .byte 0x00, 0x00, 0x37, 0x01, 0x9C, 0x01, 0xBC, 0x00, 0x4E, 0x00, 0x00, 0x00
    .close

party 724
    .byte 0xC8, 0x00, 0x34, 0x00, 0xA9, 0x00, 0x00, 0x00, 0x01, 0x01, 0xB8, 0x01, 0x6D, 0x00, 0x71, 0x01
    .byte 0x00, 0x00, 0xC8, 0x00, 0x38, 0x00, 0x6E, 0x00, 0x00, 0x00, 0x55, 0x00, 0xBC, 0x00, 0x5C, 0x00
    .byte 0x99, 0x00, 0x00, 0x00, 0xC8, 0x20, 0x34, 0x00, 0xC6, 0x01, 0x00, 0x00, 0xEE, 0x00, 0x8E, 0x01
    .byte 0xD5, 0x00, 0xA4, 0x00, 0x00, 0x00, 0xC8, 0x00, 0x3A, 0x00, 0xA8, 0x00, 0x00, 0x00, 0x5C, 0x00
    .byte 0x54, 0x01, 0xCF, 0x00, 0x65, 0x00, 0x00, 0x00, 0xC8, 0x00, 0x3B, 0x00, 0x31, 0x00, 0x9E, 0x00
    .byte 0x4F, 0x00, 0x68, 0x00, 0x95, 0x01, 0x5E, 0x00, 0x00, 0x00, 0xC8, 0x00, 0x37, 0x00, 0xC4, 0x01
    .byte 0x00, 0x00, 0xB8, 0x01, 0x6D, 0x00, 0xF2, 0x00, 0x0E, 0x00, 0x00, 0x00
    .close

party 725
    .byte 0xC8, 0x00, 0x3C, 0x00, 0x41, 0x00, 0x00, 0x00, 0x64, 0x01, 0x9B, 0x01, 0x9C, 0x01, 0x5E, 0x00
    .byte 0x00, 0x00, 0xC8, 0x20, 0x3A, 0x00, 0xC4, 0x00, 0x00, 0x00, 0x5B, 0x01, 0xE2, 0x00, 0xF7, 0x00
    .byte 0x5E, 0x00, 0x00, 0x00, 0xC8, 0x00, 0x38, 0x00, 0x7A, 0x00, 0x00, 0x00, 0x73, 0x00, 0x1D, 0x01
    .byte 0x57, 0x00, 0x5E, 0x00, 0x00, 0x00, 0xC8, 0x00, 0x36, 0x00, 0x7C, 0x00, 0x00, 0x00, 0x3B, 0x00
    .byte 0xC3, 0x00, 0x5E, 0x00, 0x9B, 0x01, 0x00, 0x00, 0xC8, 0x00, 0x35, 0x00, 0xCA, 0x00, 0x00, 0x00
    .byte 0x44, 0x00, 0xF3, 0x00, 0xC2, 0x00, 0xE3, 0x00, 0x00, 0x00, 0xC8, 0x00, 0x35, 0x00, 0xDB, 0x01
    .byte 0x9E, 0x00, 0x72, 0x01, 0xAB, 0x01, 0x90, 0x01, 0xBC, 0x01, 0x00, 0x00
    .close

party 726
    .byte 0xC8, 0x00, 0x36, 0x00, 0x44, 0x01, 0x00, 0x00, 0xF1, 0x00, 0x19, 0x01, 0x22, 0x00, 0x3B, 0x01
    .byte 0x00, 0x00, 0xC8, 0x20, 0x39, 0x00, 0x43, 0x01, 0x00, 0x00, 0x59, 0x00, 0x1C, 0x01, 0x4C, 0x00
    .byte 0xF1, 0x00, 0x00, 0x00, 0xC8, 0x20, 0x3C, 0x00, 0x4E, 0x00, 0x00, 0x00, 0xE0, 0x00, 0x62, 0x00
    .byte 0x3B, 0x01, 0x8A, 0x01, 0x00, 0x00, 0xC8, 0x00, 0x3A, 0x00, 0xDB, 0x00, 0x00, 0x00, 0xAE, 0x00
    .byte 0x68, 0x01, 0x3B, 0x01, 0xBC, 0x01, 0x00, 0x00, 0xC8, 0x20, 0x36, 0x00, 0xE5, 0x00, 0x00, 0x00
    .byte 0xF7, 0x00, 0x8F, 0x01, 0x35, 0x00, 0x85, 0x01, 0x00, 0x00, 0xC8, 0x00, 0x3E, 0x00, 0xD3, 0x01
    .byte 0x00, 0x00, 0x55, 0x00, 0x43, 0x00, 0x35, 0x00, 0x6D, 0x00, 0x00, 0x00
    .close

party 727
    .byte 0x64, 0x00, 0x43, 0x00, 0x67, 0x00, 0x00, 0x00, 0xB5, 0x01, 0x5E, 0x00, 0x99, 0x00, 0xB1, 0x01
    .byte 0x00, 0x00, 0xFA, 0x20, 0x45, 0x00, 0x44, 0x00, 0x16, 0x01, 0xDF, 0x00, 0xBC, 0x01, 0x76, 0x01
    .byte 0xD5, 0x00, 0x00, 0x00, 0xFA, 0x20, 0x46, 0x00, 0xD0, 0x01, 0x00, 0x00, 0xE0, 0x00, 0xBC, 0x01
    .byte 0xA6, 0x01, 0x59, 0x00, 0x00, 0x00, 0xFA, 0x00, 0x44, 0x00, 0x3B, 0x00, 0x00, 0x00, 0x8A, 0x01
    .byte 0xF5, 0x00, 0xA6, 0x01, 0xF2, 0x00, 0x00, 0x00, 0xFA, 0x00, 0x46, 0x00, 0xF8, 0x00, 0x00, 0x00
    .byte 0x43, 0x00, 0xA8, 0x01, 0x9D, 0x00, 0x59, 0x00, 0x00, 0x00, 0xFA, 0x00, 0x48, 0x00, 0x12, 0x00
    .byte 0x9E, 0x00, 0xD8, 0x00, 0x68, 0x00, 0x93, 0x01, 0xD3, 0x00, 0x00, 0x00
    .close

party 728
    .byte 0x00, 0x00, 0x10, 0x00, 0xB6, 0x00, 0x01, 0x00
    .close

party 729
    .byte 0x00, 0x20, 0x16, 0x00, 0x5F, 0x00, 0x00, 0x00, 0x00, 0x20, 0x16, 0x00, 0x5B, 0x00, 0x00, 0x00
    .close

party 730
    .byte 0x32, 0x00, 0x19, 0x00, 0x7D, 0x00, 0x55, 0x00, 0x71, 0x00, 0x81, 0x00, 0x56, 0x00, 0x00, 0x00
    .byte 0x32, 0x00, 0x19, 0x00, 0x7E, 0x00, 0x35, 0x00, 0x6D, 0x00, 0xB9, 0x00, 0xB6, 0x00, 0x00, 0x00
    .close

party 731
    .byte 0x00, 0x00, 0x13, 0x00, 0xCE, 0x00, 0x00, 0x00, 0x00, 0x00, 0x13, 0x00, 0x08, 0x04, 0x00, 0x00
    .byte 0x00, 0x00, 0x13, 0x00, 0x07, 0x04, 0x00, 0x00
    .close

party 732
    .byte 0x00, 0x00, 0x15, 0x00, 0xBC, 0x00, 0x00, 0x00, 0x00, 0x20, 0x15, 0x00, 0xB7, 0x00, 0x00, 0x00
    .close

party 733
    .byte 0xFA, 0x00, 0x44, 0x00, 0x82, 0x00, 0x00, 0x00, 0x56, 0x00, 0xA7, 0x01, 0x7F, 0x00, 0x5D, 0x01
    .byte 0x00, 0x00, 0xFA, 0x00, 0x44, 0x00, 0x06, 0x00, 0x00, 0x00, 0x35, 0x00, 0x93, 0x01, 0x51, 0x01
    .byte 0x3F, 0x00, 0x00, 0x00, 0xFA, 0x00, 0x4B, 0x00, 0x95, 0x00, 0x00, 0x00, 0x07, 0x00, 0xDB, 0x00
    .byte 0xB2, 0x01, 0x3F, 0x00, 0x00, 0x00
    .close

party 734
    .byte 0xC8, 0x00, 0x34, 0x00, 0x94, 0x00, 0x00, 0x00, 0x56, 0x00, 0x97, 0x01, 0x55, 0x00, 0x35, 0x00
    .byte 0x00, 0x00, 0xC8, 0x20, 0x38, 0x00, 0xE6, 0x00, 0x00, 0x00, 0x19, 0x01, 0x38, 0x00, 0x3A, 0x00
    .byte 0xE1, 0x00, 0x00, 0x00, 0xC8, 0x00, 0x3C, 0x00, 0x95, 0x00, 0x00, 0x00, 0x57, 0x00, 0xB6, 0x00
    .byte 0xE1, 0x00, 0x3F, 0x00, 0x00, 0x00
    .close

party 735
    .byte 0xFA, 0x00, 0x3C, 0x00, 0x9A, 0x00, 0x00, 0x00, 0x50, 0x00, 0x22, 0x00, 0x71, 0x00, 0xEB, 0x00
    .byte 0x00, 0x00, 0xFA, 0x00, 0x3A, 0x00, 0xA9, 0x00, 0x00, 0x00, 0x5C, 0x00, 0x2C, 0x00, 0x6D, 0x00
    .byte 0x3A, 0x01, 0x00, 0x00, 0xFA, 0x00, 0x38, 0x00, 0x5E, 0x00, 0x00, 0x00, 0x8F, 0x01, 0xBC, 0x00
    .byte 0xF7, 0x00, 0x6D, 0x00, 0x00, 0x00
    .close

party 736
    .byte 0xFA, 0x00, 0x3C, 0x00, 0x9D, 0x00, 0x00, 0x00, 0xCD, 0x00, 0x35, 0x00, 0x05, 0x01, 0x81, 0x00
    .byte 0x00, 0x00, 0xFA, 0x00, 0x3A, 0x00, 0xA9, 0x00, 0x00, 0x00, 0x5C, 0x00, 0x2C, 0x00, 0x6D, 0x00
    .byte 0x3A, 0x01, 0x00, 0x00, 0xFA, 0x00, 0x38, 0x00, 0x5E, 0x00, 0x00, 0x00, 0x8F, 0x01, 0xBC, 0x00
    .byte 0xF7, 0x00, 0x6D, 0x00, 0x00, 0x00
    .close

party 737
    .byte 0xFA, 0x00, 0x3C, 0x00, 0xA0, 0x00, 0x00, 0x00, 0xF2, 0x00, 0x91, 0x01, 0xA3, 0x00, 0xA7, 0x01
    .byte 0x00, 0x00, 0xFA, 0x00, 0x3A, 0x00, 0xA9, 0x00, 0x00, 0x00, 0x5C, 0x00, 0x2C, 0x00, 0x6D, 0x00
    .byte 0x3A, 0x01, 0x00, 0x00, 0xFA, 0x00, 0x38, 0x00, 0x5E, 0x00, 0x00, 0x00, 0x8F, 0x01, 0xBC, 0x00
    .byte 0xF7, 0x00, 0x6D, 0x00, 0x00, 0x00
    .close

