.nds
.thumb

.include "armips/include/macros.s"

.include "asm/include/species.inc"

// Each encounter data has been labeled with the area it gets used.
// Some are labeled ???, these are most likely not used.

encounterdata   0   // New Bark Town

walkrate 0
surfrate 15
rocksmashrate 0
oldrodrate 25
goodrodrate 50
superrodrate 75
walklevels 0, 0, 0, 0, 0, 0, 0, 0, 0, 0, 0, 0

// morning encounter slots
pokemon SPECIES_NONE
pokemon SPECIES_NONE
pokemon SPECIES_NONE
pokemon SPECIES_NONE
pokemon SPECIES_NONE
pokemon SPECIES_NONE
pokemon SPECIES_NONE
pokemon SPECIES_NONE
pokemon SPECIES_NONE
pokemon SPECIES_NONE
pokemon SPECIES_NONE
pokemon SPECIES_NONE

// day encounter slots
pokemon SPECIES_NONE
pokemon SPECIES_NONE
pokemon SPECIES_NONE
pokemon SPECIES_NONE
pokemon SPECIES_NONE
pokemon SPECIES_NONE
pokemon SPECIES_NONE
pokemon SPECIES_NONE
pokemon SPECIES_NONE
pokemon SPECIES_NONE
pokemon SPECIES_NONE
pokemon SPECIES_NONE

// night encounter slots
pokemon SPECIES_NONE
pokemon SPECIES_NONE
pokemon SPECIES_NONE
pokemon SPECIES_NONE
pokemon SPECIES_NONE
pokemon SPECIES_NONE
pokemon SPECIES_NONE
pokemon SPECIES_NONE
pokemon SPECIES_NONE
pokemon SPECIES_NONE
pokemon SPECIES_NONE
pokemon SPECIES_NONE

// hoenn encounter slots
pokemon SPECIES_NONE
pokemon SPECIES_NONE

// sinnoh encounter slots
pokemon SPECIES_NONE
pokemon SPECIES_NONE

// surf encounters
encounter SPECIES_TENTACOOL, 15, 25
encounter SPECIES_TENTACOOL, 10, 20
encounter SPECIES_TENTACRUEL, 15, 25
encounter SPECIES_TENTACRUEL, 15, 25
encounter SPECIES_TENTACRUEL, 15, 25

// rock smash encounters
encounter SPECIES_NONE, 0, 0
encounter SPECIES_NONE, 0, 0

// old rod encounters
encounter SPECIES_MAGIKARP, 10, 10
encounter SPECIES_MAGIKARP, 10, 10
encounter SPECIES_MAGIKARP, 10, 10
encounter SPECIES_TENTACOOL, 10, 10
encounter SPECIES_TENTACOOL, 10, 10

// good rod encounters
encounter SPECIES_MAGIKARP, 20, 20
encounter SPECIES_TENTACOOL, 20, 20
encounter SPECIES_CHINCHOU, 20, 20
encounter SPECIES_SHELLDER, 20, 20
encounter SPECIES_CHINCHOU, 20, 20

// super rod encounters
encounter SPECIES_CHINCHOU, 40, 40
encounter SPECIES_SHELLDER, 40, 40
encounter SPECIES_TENTACRUEL, 40, 40
encounter SPECIES_LANTURN, 40, 40
encounter SPECIES_TENTACRUEL, 40, 40

// swarm grass
pokemon SPECIES_NONE
// swarm surf
pokemon SPECIES_TENTACOOL
// swarm good rod
pokemon SPECIES_SHELLDER
// swarm super rod
pokemon SPECIES_MAGIKARP

.close


encounterdata   1   // Route 29

walkrate 25
surfrate 0
rocksmashrate 0
oldrodrate 0
goodrodrate 0
superrodrate 0
walklevels 2, 3, 2, 3, 3, 3, 2, 2, 4, 4, 4, 4

// morning encounter slots
pokemon SPECIES_STARLY
pokemon SPECIES_BUNNELBY
pokemon SPECIES_BIDOOF
pokemon SPECIES_RATTATA
pokemon SPECIES_SENTRET
pokemon SPECIES_SENTRET
pokemon SPECIES_BULBASAUR
pokemon SPECIES_WOOLOO
pokemon SPECIES_PIDGEY
pokemon SPECIES_GLAMEOW
pokemon SPECIES_PAWMI
pokemon SPECIES_PAWMI

// day encounter slots
pokemon SPECIES_STARLY
pokemon SPECIES_BUNNELBY
pokemon SPECIES_BIDOOF
pokemon SPECIES_RATTATA
pokemon SPECIES_SENTRET
pokemon SPECIES_SENTRET
pokemon SPECIES_SQUIRTLE
pokemon SPECIES_WOOLOO
pokemon SPECIES_PIDGEY
pokemon SPECIES_GLAMEOW
pokemon SPECIES_PAWMI
pokemon SPECIES_PAWMI

// night encounter slots
pokemon SPECIES_ZIGZAGOON
monwithform SPECIES_ZIGZAGOON, 1
pokemon SPECIES_LILLIPUP
monwithform SPECIES_RATTATA, 1
pokemon SPECIES_PANCHAM
pokemon SPECIES_PURRLOIN
pokemon SPECIES_CHARMANDER
pokemon SPECIES_POOCHYENA
pokemon SPECIES_HOOTHOOT
pokemon SPECIES_HOOTHOOT
pokemon SPECIES_HOOTHOOT
pokemon SPECIES_HOOTHOOT

// hoenn encounter slots
pokemon SPECIES_PLUSLE
pokemon SPECIES_MINUN

// sinnoh encounter slots
pokemon SPECIES_SHINX
pokemon SPECIES_SHINX

// surf encounters
encounter SPECIES_NONE, 0, 0
encounter SPECIES_NONE, 0, 0
encounter SPECIES_NONE, 0, 0
encounter SPECIES_NONE, 0, 0
encounter SPECIES_NONE, 0, 0

// rock smash encounters
encounter SPECIES_NONE, 0, 0
encounter SPECIES_NONE, 0, 0

// old rod encounters
encounter SPECIES_NONE, 0, 0
encounter SPECIES_NONE, 0, 0
encounter SPECIES_NONE, 0, 0
encounter SPECIES_NONE, 0, 0
encounter SPECIES_NONE, 0, 0

// good rod encounters
encounter SPECIES_NONE, 0, 0
encounter SPECIES_NONE, 0, 0
encounter SPECIES_NONE, 0, 0
encounter SPECIES_NONE, 0, 0
encounter SPECIES_NONE, 0, 0

// super rod encounters
encounter SPECIES_NONE, 0, 0
encounter SPECIES_NONE, 0, 0
encounter SPECIES_NONE, 0, 0
encounter SPECIES_NONE, 0, 0
encounter SPECIES_NONE, 0, 0

// swarm grass
pokemon SPECIES_PIDGEY
// swarm surf
pokemon SPECIES_NONE
// swarm good rod
pokemon SPECIES_NONE
// swarm super rod
pokemon SPECIES_NONE

.close


encounterdata   2   // Cherrygrove City

walkrate 0
surfrate 15
rocksmashrate 0
oldrodrate 25
goodrodrate 50
superrodrate 75
walklevels 0, 0, 0, 0, 0, 0, 0, 0, 0, 0, 0, 0

// morning encounter slots
pokemon SPECIES_NONE
pokemon SPECIES_NONE
pokemon SPECIES_NONE
pokemon SPECIES_NONE
pokemon SPECIES_NONE
pokemon SPECIES_NONE
pokemon SPECIES_NONE
pokemon SPECIES_NONE
pokemon SPECIES_NONE
pokemon SPECIES_NONE
pokemon SPECIES_NONE
pokemon SPECIES_NONE

// day encounter slots
pokemon SPECIES_NONE
pokemon SPECIES_NONE
pokemon SPECIES_NONE
pokemon SPECIES_NONE
pokemon SPECIES_NONE
pokemon SPECIES_NONE
pokemon SPECIES_NONE
pokemon SPECIES_NONE
pokemon SPECIES_NONE
pokemon SPECIES_NONE
pokemon SPECIES_NONE
pokemon SPECIES_NONE

// night encounter slots
pokemon SPECIES_NONE
pokemon SPECIES_NONE
pokemon SPECIES_NONE
pokemon SPECIES_NONE
pokemon SPECIES_NONE
pokemon SPECIES_NONE
pokemon SPECIES_NONE
pokemon SPECIES_NONE
pokemon SPECIES_NONE
pokemon SPECIES_NONE
pokemon SPECIES_NONE
pokemon SPECIES_NONE

// hoenn encounter slots
pokemon SPECIES_NONE
pokemon SPECIES_NONE

// sinnoh encounter slots
pokemon SPECIES_NONE
pokemon SPECIES_NONE

// surf encounters
encounter SPECIES_TENTACOOL, 15, 25
encounter SPECIES_TENTACOOL, 10, 20
encounter SPECIES_TENTACRUEL, 15, 25
encounter SPECIES_TENTACRUEL, 15, 25
encounter SPECIES_TENTACRUEL, 15, 25

// rock smash encounters
encounter SPECIES_NONE, 0, 0
encounter SPECIES_NONE, 0, 0

// old rod encounters
encounter SPECIES_MAGIKARP, 10, 10
encounter SPECIES_MAGIKARP, 10, 10
encounter SPECIES_MAGIKARP, 10, 10
encounter SPECIES_KRABBY, 10, 10
encounter SPECIES_KRABBY, 10, 10

// good rod encounters
encounter SPECIES_MAGIKARP, 20, 20
encounter SPECIES_KRABBY, 20, 20
encounter SPECIES_KRABBY, 20, 20
encounter SPECIES_CORSOLA, 20, 20
encounter SPECIES_KRABBY, 20, 20

// super rod encounters
encounter SPECIES_KRABBY, 40, 40
encounter SPECIES_CORSOLA, 40, 40
encounter SPECIES_KRABBY, 40, 40
encounter SPECIES_KINGLER, 40, 40
encounter SPECIES_KRABBY, 40, 40

// swarm grass
pokemon SPECIES_NONE
// swarm surf
pokemon SPECIES_TENTACOOL
// swarm good rod
pokemon SPECIES_STARYU
// swarm super rod
pokemon SPECIES_MAGIKARP

.close


encounterdata   3   // Route 30

walkrate 25
surfrate 15
rocksmashrate 0
oldrodrate 25
goodrodrate 50
superrodrate 75
walklevels 2, 3, 2, 3, 4, 4, 4, 4, 4, 4, 4, 4

// morning encounter slots
pokemon SPECIES_GRUBBIN
pokemon SPECIES_SCATTERBUG
pokemon SPECIES_SURSKIT
pokemon SPECIES_WURMPLE
pokemon SPECIES_SPINARAK
pokemon SPECIES_LEDYBA
pokemon SPECIES_CHIKORITA
pokemon SPECIES_WEEDLE
pokemon SPECIES_GRUBBIN
pokemon SPECIES_SCATTERBUG
pokemon SPECIES_GRUBBIN
pokemon SPECIES_SCATTERBUG

// day encounter slots
pokemon SPECIES_GRUBBIN
pokemon SPECIES_SCATTERBUG
pokemon SPECIES_SURSKIT
pokemon SPECIES_WURMPLE
pokemon SPECIES_SPINARAK
pokemon SPECIES_LEDYBA
pokemon SPECIES_TOTODILE
pokemon SPECIES_WEEDLE
pokemon SPECIES_GRUBBIN
pokemon SPECIES_SCATTERBUG
pokemon SPECIES_GRUBBIN
pokemon SPECIES_SCATTERBUG

// night encounter slots
pokemon SPECIES_VENIPEDE
pokemon SPECIES_VENONAT
pokemon SPECIES_SIZZLIPEDE
pokemon SPECIES_MORELULL
pokemon SPECIES_BLIPBUG
pokemon SPECIES_NYMBLE
pokemon SPECIES_CYNDAQUIL
pokemon SPECIES_NINCADA
pokemon SPECIES_SKORUPI
pokemon SPECIES_NINCADA
pokemon SPECIES_BLIPBUG
pokemon SPECIES_NYMBLE

// hoenn encounter slots
pokemon SPECIES_WHISMUR
pokemon SPECIES_LINOONE

// sinnoh encounter slots
pokemon SPECIES_BUIZEL
pokemon SPECIES_BIDOOF

// surf encounters
encounter SPECIES_POLIWAG, 15, 25
encounter SPECIES_POLIWAG, 10, 20
encounter SPECIES_POLIWHIRL, 15, 25
encounter SPECIES_POLIWHIRL, 15, 25
encounter SPECIES_POLIWHIRL, 32, 32

// rock smash encounters
encounter SPECIES_NONE, 0, 0
encounter SPECIES_NONE, 0, 0

// old rod encounters
encounter SPECIES_MAGIKARP, 10, 10
encounter SPECIES_MAGIKARP, 10, 10
encounter SPECIES_MAGIKARP, 10, 10
encounter SPECIES_POLIWAG, 10, 10
encounter SPECIES_POLIWAG, 10, 10

// good rod encounters
encounter SPECIES_MAGIKARP, 20, 20
encounter SPECIES_POLIWAG, 20, 20
encounter SPECIES_POLIWAG, 20, 20
encounter SPECIES_POLIWAG, 20, 20
encounter SPECIES_POLIWAG, 20, 20

// super rod encounters
encounter SPECIES_POLIWAG, 40, 40
encounter SPECIES_POLIWAG, 40, 40
encounter SPECIES_MAGIKARP, 40, 40
encounter SPECIES_POLIWAG, 40, 40
encounter SPECIES_MAGIKARP, 40, 40

// swarm grass
pokemon SPECIES_PIDGEY
// swarm surf
pokemon SPECIES_POLIWAG
// swarm good rod
pokemon SPECIES_POLIWAG
// swarm super rod
pokemon SPECIES_MAGIKARP

.close


encounterdata   4   // Route 31

walkrate 25
surfrate 15
rocksmashrate 0
oldrodrate 25
goodrodrate 50
superrodrate 75
walklevels 3, 4, 3, 4, 3, 3, 5, 5, 5, 5, 5, 5

// morning encounter slots
pokemon SPECIES_PIDOVE
pokemon SPECIES_BUIZEL
pokemon SPECIES_PIKIPEK
pokemon SPECIES_CUTIEFLY
pokemon SPECIES_DEWPIDER
pokemon SPECIES_FIDOUGH
pokemon SPECIES_DEWPIDER
pokemon SPECIES_CUTIEFLY
pokemon SPECIES_TREECKO
pokemon SPECIES_SUNKERN
pokemon SPECIES_SUNKERN
pokemon SPECIES_SUNKERN

// day encounter slots
pokemon SPECIES_PIDOVE
pokemon SPECIES_BUIZEL
pokemon SPECIES_PIKIPEK
pokemon SPECIES_CUTIEFLY
pokemon SPECIES_DEWPIDER
pokemon SPECIES_FIDOUGH
pokemon SPECIES_DEWPIDER
pokemon SPECIES_CUTIEFLY
pokemon SPECIES_MUDKIP
pokemon SPECIES_SUNKERN
pokemon SPECIES_SUNKERN
pokemon SPECIES_SUNKERN

// night encounter slots
pokemon SPECIES_PATRAT
pokemon SPECIES_APPLIN
pokemon SPECIES_TANDEMAUS
pokemon SPECIES_SANDILE
pokemon SPECIES_WIMPOD
pokemon SPECIES_TANDEMAUS
pokemon SPECIES_WIMPOD
pokemon SPECIES_SANDILE
pokemon SPECIES_TORCHIC
pokemon SPECIES_PATRAT
pokemon SPECIES_KRICKETOT
pokemon SPECIES_KRICKETOT

// hoenn encounter slots
pokemon SPECIES_WHISMUR
pokemon SPECIES_LINOONE

// sinnoh encounter slots
pokemon SPECIES_BUIZEL
pokemon SPECIES_BIDOOF

// surf encounters
encounter SPECIES_POLIWAG, 15, 25
encounter SPECIES_POLIWAG, 10, 20
encounter SPECIES_POLIWHIRL, 15, 25
encounter SPECIES_POLIWHIRL, 15, 25
encounter SPECIES_POLIWHIRL, 32, 32

// rock smash encounters
encounter SPECIES_NONE, 0, 0
encounter SPECIES_NONE, 0, 0

// old rod encounters
encounter SPECIES_MAGIKARP, 10, 10
encounter SPECIES_MAGIKARP, 10, 10
encounter SPECIES_MAGIKARP, 10, 10
encounter SPECIES_POLIWAG, 10, 10
encounter SPECIES_POLIWAG, 10, 10

// good rod encounters
encounter SPECIES_MAGIKARP, 20, 20
encounter SPECIES_POLIWAG, 20, 20
encounter SPECIES_POLIWAG, 20, 20
encounter SPECIES_POLIWAG, 20, 20
encounter SPECIES_POLIWAG, 20, 20

// super rod encounters
encounter SPECIES_POLIWAG, 40, 40
encounter SPECIES_POLIWAG, 40, 40
encounter SPECIES_MAGIKARP, 40, 40
encounter SPECIES_POLIWAG, 40, 40
encounter SPECIES_MAGIKARP, 40, 40

// swarm grass
pokemon SPECIES_PIDGEY
// swarm surf
pokemon SPECIES_POLIWAG
// swarm good rod
pokemon SPECIES_POLIWAG
// swarm super rod
pokemon SPECIES_MAGIKARP

.close

encounterdata 5
    .byte 0x00, 0x0F, 0x00, 0x19, 0x32, 0x4B, 0x00, 0x00, 0x00, 0x00, 0x00, 0x00, 0x00, 0x00, 0x00, 0x00
    .byte 0x00, 0x00, 0x00, 0x00, 0x00, 0x00, 0x00, 0x00, 0x00, 0x00, 0x00, 0x00, 0x00, 0x00, 0x00, 0x00
    .byte 0x00, 0x00, 0x00, 0x00, 0x00, 0x00, 0x00, 0x00, 0x00, 0x00, 0x00, 0x00, 0x00, 0x00, 0x00, 0x00
    .byte 0x00, 0x00, 0x00, 0x00, 0x00, 0x00, 0x00, 0x00, 0x00, 0x00, 0x00, 0x00, 0x00, 0x00, 0x00, 0x00
    .byte 0x00, 0x00, 0x00, 0x00, 0x00, 0x00, 0x00, 0x00, 0x00, 0x00, 0x00, 0x00, 0x00, 0x00, 0x00, 0x00
    .byte 0x00, 0x00, 0x00, 0x00, 0x00, 0x00, 0x00, 0x00, 0x00, 0x00, 0x00, 0x00, 0x00, 0x00, 0x00, 0x00
    .byte 0x00, 0x00, 0x00, 0x00, 0x0F, 0x19, 0x3C, 0x00, 0x0A, 0x14, 0x3C, 0x00, 0x0F, 0x19, 0x3D, 0x00
    .byte 0x0F, 0x19, 0x3D, 0x00, 0x0F, 0x19, 0x3D, 0x00, 0x00, 0x00, 0x00, 0x00, 0x00, 0x00, 0x00, 0x00
    .byte 0x0A, 0x0A, 0x82, 0x02, 0x0A, 0x0A, 0x82, 0x02, 0x0A, 0x0A, 0x82, 0x02, 0x0A, 0x0A, 0x5D, 0x01
    .byte 0x0A, 0x0A, 0x5D, 0x01, 0x14, 0x14, 0x81, 0x00, 0x14, 0x14, 0x3C, 0x00, 0x14, 0x14, 0x3C, 0x00
    .byte 0x14, 0x14, 0x3C, 0x00, 0x14, 0x14, 0x3C, 0x00, 0x28, 0x28, 0x3C, 0x00, 0x28, 0x28, 0x3C, 0x00
    .byte 0x28, 0x28, 0x81, 0x00, 0x28, 0x28, 0x3C, 0x00, 0x28, 0x28, 0x81, 0x00, 0x00, 0x00, 0x3C, 0x00
    .byte 0x3C, 0x00, 0x54, 0x01
    .close

encounterdata 6
    .byte 0x05, 0x00, 0x00, 0x00, 0x00, 0x00, 0x00, 0x00, 0x03, 0x04, 0x03, 0x04, 0x05, 0x05, 0x03, 0x03
    .byte 0x06, 0x05, 0x06, 0x05, 0x2B, 0x00, 0x45, 0x00, 0x25, 0x00, 0xEB, 0x03, 0x3F, 0x00, 0x46, 0x02
    .byte 0xB6, 0x01, 0x28, 0x01, 0x28, 0x01, 0x5C, 0x02, 0x5C, 0x02, 0x5C, 0x02, 0x2B, 0x00, 0x45, 0x00
    .byte 0x25, 0x00, 0xEB, 0x03, 0x3F, 0x00, 0x46, 0x02, 0xB6, 0x01, 0x28, 0x01, 0x28, 0x01, 0x5C, 0x02
    .byte 0x5C, 0x02, 0x5C, 0x02, 0x91, 0x02, 0x45, 0x01, 0x5C, 0x00, 0xBE, 0x01, 0x3F, 0x00, 0x5C, 0x00
    .byte 0x91, 0x02, 0x33, 0x01, 0x33, 0x01, 0x3C, 0x03, 0x3C, 0x03, 0x3C, 0x03, 0x07, 0x01, 0x47, 0x01
    .byte 0xB9, 0x01, 0x33, 0x01, 0x00, 0x00, 0x00, 0x00, 0x00, 0x00, 0x00, 0x00, 0x00, 0x00, 0x00, 0x00
    .byte 0x00, 0x00, 0x00, 0x00, 0x00, 0x00, 0x00, 0x00, 0x00, 0x00, 0x00, 0x00, 0x00, 0x00, 0x00, 0x00
    .byte 0x00, 0x00, 0x00, 0x00, 0x00, 0x00, 0x00, 0x00, 0x00, 0x00, 0x00, 0x00, 0x00, 0x00, 0x00, 0x00
    .byte 0x00, 0x00, 0x00, 0x00, 0x00, 0x00, 0x00, 0x00, 0x00, 0x00, 0x00, 0x00, 0x00, 0x00, 0x00, 0x00
    .byte 0x00, 0x00, 0x00, 0x00, 0x00, 0x00, 0x00, 0x00, 0x00, 0x00, 0x00, 0x00, 0x00, 0x00, 0x00, 0x00
    .byte 0x00, 0x00, 0x00, 0x00, 0x00, 0x00, 0x00, 0x00, 0x00, 0x00, 0x00, 0x00, 0x13, 0x00, 0x00, 0x00
    .byte 0x00, 0x00, 0x00, 0x00
    .close

encounterdata 7
    .byte 0x05, 0x00, 0x00, 0x00, 0x00, 0x00, 0x00, 0x00, 0x03, 0x04, 0x03, 0x04, 0x05, 0x05, 0x03, 0x03
    .byte 0x06, 0x05, 0x06, 0x05, 0x2B, 0x00, 0x45, 0x00, 0x25, 0x00, 0xEB, 0x03, 0x3F, 0x00, 0x46, 0x02
    .byte 0xB6, 0x01, 0x28, 0x01, 0x28, 0x01, 0x5C, 0x02, 0x5C, 0x02, 0x5C, 0x02, 0x2B, 0x00, 0x45, 0x00
    .byte 0x25, 0x00, 0xEB, 0x03, 0x3F, 0x00, 0x46, 0x02, 0xB6, 0x01, 0x28, 0x01, 0x28, 0x01, 0x5C, 0x02
    .byte 0x5C, 0x02, 0x5C, 0x02, 0x91, 0x02, 0x45, 0x01, 0x5C, 0x00, 0xBE, 0x01, 0x3F, 0x00, 0x5C, 0x00
    .byte 0x91, 0x02, 0x33, 0x01, 0x33, 0x01, 0x3C, 0x03, 0x3C, 0x03, 0x3C, 0x03, 0x07, 0x01, 0x47, 0x01
    .byte 0xB9, 0x01, 0x33, 0x01, 0x00, 0x00, 0x00, 0x00, 0x00, 0x00, 0x00, 0x00, 0x00, 0x00, 0x00, 0x00
    .byte 0x00, 0x00, 0x00, 0x00, 0x00, 0x00, 0x00, 0x00, 0x00, 0x00, 0x00, 0x00, 0x00, 0x00, 0x00, 0x00
    .byte 0x00, 0x00, 0x00, 0x00, 0x00, 0x00, 0x00, 0x00, 0x00, 0x00, 0x00, 0x00, 0x00, 0x00, 0x00, 0x00
    .byte 0x00, 0x00, 0x00, 0x00, 0x00, 0x00, 0x00, 0x00, 0x00, 0x00, 0x00, 0x00, 0x00, 0x00, 0x00, 0x00
    .byte 0x00, 0x00, 0x00, 0x00, 0x00, 0x00, 0x00, 0x00, 0x00, 0x00, 0x00, 0x00, 0x00, 0x00, 0x00, 0x00
    .byte 0x00, 0x00, 0x00, 0x00, 0x00, 0x00, 0x00, 0x00, 0x00, 0x00, 0x00, 0x00, 0x13, 0x00, 0x00, 0x00
    .byte 0x00, 0x00, 0x00, 0x00
    .close

encounterdata 8
    .byte 0x19, 0x0F, 0x00, 0x19, 0x32, 0x4B, 0x00, 0x00, 0x06, 0x04, 0x06, 0x04, 0x06, 0x06, 0x06, 0x06
    .byte 0x06, 0x04, 0x06, 0x04, 0x0E, 0x01, 0xBB, 0x00, 0x96, 0x01, 0xB3, 0x00, 0xC7, 0x02, 0xC7, 0x02
    .byte 0x83, 0x01, 0xB3, 0x00, 0x96, 0x01, 0x96, 0x01, 0x2E, 0x03, 0x2E, 0x03, 0x0E, 0x01, 0xBB, 0x00
    .byte 0x96, 0x01, 0xB3, 0x00, 0xC7, 0x02, 0xC7, 0x02, 0x86, 0x01, 0xB3, 0x00, 0x96, 0x01, 0x96, 0x01
    .byte 0x2E, 0x03, 0x2E, 0x03, 0x11, 0x01, 0xE6, 0x03, 0x1D, 0x01, 0xD2, 0x02, 0x67, 0x03, 0x67, 0x03
    .byte 0x89, 0x01, 0xD2, 0x02, 0x1D, 0x01, 0x1D, 0x01, 0xDE, 0x00, 0xDE, 0x00, 0x25, 0x01, 0x08, 0x01
    .byte 0xA2, 0x01, 0x8F, 0x01, 0x0A, 0x14, 0x48, 0x00, 0x0F, 0x19, 0xC3, 0x00, 0x0F, 0x19, 0x49, 0x00
    .byte 0x0F, 0x19, 0x49, 0x00, 0x24, 0x24, 0x49, 0x00, 0x00, 0x00, 0x00, 0x00, 0x00, 0x00, 0x00, 0x00
    .byte 0x0A, 0x0A, 0xE4, 0x02, 0x0A, 0x0A, 0xE4, 0x02, 0x0A, 0x0A, 0xE4, 0x02, 0x0A, 0x0A, 0xE6, 0x02
    .byte 0x0A, 0x0A, 0xE6, 0x02, 0x14, 0x14, 0x81, 0x00, 0x14, 0x14, 0x48, 0x00, 0x14, 0x14, 0x48, 0x00
    .byte 0x14, 0x14, 0x48, 0x00, 0x14, 0x14, 0xD3, 0x00, 0x28, 0x28, 0x48, 0x00, 0x28, 0x28, 0x48, 0x00
    .byte 0x28, 0x28, 0x81, 0x00, 0x28, 0x28, 0xD3, 0x00, 0x28, 0x28, 0x81, 0x00, 0x45, 0x00, 0x48, 0x00
    .byte 0x48, 0x00, 0xD3, 0x00
    .close

encounterdata 9
    .byte 0x0A, 0x0A, 0x14, 0x19, 0x32, 0x4B, 0x00, 0x00, 0x14, 0x16, 0x14, 0x16, 0x12, 0x12, 0x18, 0x18
    .byte 0x14, 0x16, 0x14, 0x16, 0xB1, 0x00, 0xB1, 0x00, 0xB1, 0x00, 0xB1, 0x00, 0xB1, 0x00, 0xB1, 0x00
    .byte 0xB1, 0x00, 0xB1, 0x00, 0xEB, 0x00, 0xEB, 0x00, 0xEB, 0x00, 0xEB, 0x00, 0xB1, 0x00, 0xB1, 0x00
    .byte 0xB1, 0x00, 0xB1, 0x00, 0xB1, 0x00, 0xB1, 0x00, 0xB1, 0x00, 0xB1, 0x00, 0xEB, 0x00, 0xEB, 0x00
    .byte 0xEB, 0x00, 0xEB, 0x00, 0xB1, 0x00, 0xB1, 0x00, 0xB1, 0x00, 0xB1, 0x00, 0xB1, 0x00, 0xB1, 0x00
    .byte 0xB1, 0x00, 0xB1, 0x00, 0xEB, 0x00, 0xEB, 0x00, 0xEB, 0x00, 0xEB, 0x00, 0x25, 0x01, 0x08, 0x01
    .byte 0xA2, 0x01, 0x8F, 0x01, 0x0A, 0x14, 0xC2, 0x00, 0x0F, 0x19, 0xC3, 0x00, 0x0A, 0x14, 0xC3, 0x00
    .byte 0x0A, 0x14, 0xC3, 0x00, 0x0A, 0x14, 0xC3, 0x00, 0x08, 0x0E, 0x4A, 0x00, 0x03, 0x06, 0x4A, 0x00
    .byte 0x0A, 0x0A, 0x81, 0x00, 0x0A, 0x0A, 0x81, 0x00, 0x0A, 0x0A, 0x81, 0x00, 0x0A, 0x0A, 0x3C, 0x00
    .byte 0x0A, 0x0A, 0x3C, 0x00, 0x14, 0x14, 0x81, 0x00, 0x14, 0x14, 0x3C, 0x00, 0x14, 0x14, 0x3C, 0x00
    .byte 0x14, 0x14, 0x3C, 0x00, 0x14, 0x14, 0x3C, 0x00, 0x28, 0x28, 0x3C, 0x00, 0x28, 0x28, 0x3C, 0x00
    .byte 0x28, 0x28, 0x81, 0x00, 0x28, 0x28, 0x3C, 0x00, 0x28, 0x28, 0x81, 0x00, 0xB1, 0x00, 0xC2, 0x00
    .byte 0x3C, 0x00, 0x81, 0x00
    .close

encounterdata 10
    .byte 0x0F, 0x00, 0x00, 0x00, 0x00, 0x00, 0x00, 0x00, 0x05, 0x05, 0x05, 0x05, 0x05, 0x05, 0x05, 0x05
    .byte 0x05, 0x05, 0x05, 0x05, 0xB1, 0x00, 0xB4, 0x01, 0x73, 0x02, 0x8F, 0x02, 0xD7, 0x02, 0x89, 0x00
    .byte 0xC9, 0x00, 0x57, 0x01, 0xC9, 0x00, 0xC9, 0x00, 0x68, 0x01, 0x63, 0x02, 0xB1, 0x00, 0xB4, 0x01
    .byte 0x73, 0x02, 0x8F, 0x02, 0xD7, 0x02, 0x89, 0x00, 0xC9, 0x00, 0x57, 0x01, 0xC9, 0x00, 0xC9, 0x00
    .byte 0x68, 0x01, 0x63, 0x02, 0xC8, 0x00, 0xC8, 0x00, 0x70, 0x02, 0x37, 0x02, 0x61, 0x01, 0x63, 0x01
    .byte 0xB1, 0x01, 0x60, 0x00, 0xC9, 0x00, 0xC9, 0x00, 0xC9, 0x00, 0xC9, 0x00, 0xC9, 0x00, 0xC9, 0x00
    .byte 0xC9, 0x00, 0xC9, 0x00, 0x00, 0x00, 0x00, 0x00, 0x00, 0x00, 0x00, 0x00, 0x00, 0x00, 0x00, 0x00
    .byte 0x00, 0x00, 0x00, 0x00, 0x00, 0x00, 0x00, 0x00, 0x00, 0x00, 0x00, 0x00, 0x00, 0x00, 0x00, 0x00
    .byte 0x00, 0x00, 0x00, 0x00, 0x00, 0x00, 0x00, 0x00, 0x00, 0x00, 0x00, 0x00, 0x00, 0x00, 0x00, 0x00
    .byte 0x00, 0x00, 0x00, 0x00, 0x00, 0x00, 0x00, 0x00, 0x00, 0x00, 0x00, 0x00, 0x00, 0x00, 0x00, 0x00
    .byte 0x00, 0x00, 0x00, 0x00, 0x00, 0x00, 0x00, 0x00, 0x00, 0x00, 0x00, 0x00, 0x00, 0x00, 0x00, 0x00
    .byte 0x00, 0x00, 0x00, 0x00, 0x00, 0x00, 0x00, 0x00, 0x00, 0x00, 0x00, 0x00, 0xC9, 0x00, 0x00, 0x00
    .byte 0x00, 0x00, 0x00, 0x00
    .close

encounterdata 11
    .byte 0x0F, 0x00, 0x00, 0x00, 0x00, 0x00, 0x00, 0x00, 0x05, 0x05, 0x05, 0x05, 0x05, 0x05, 0x05, 0x05
    .byte 0x05, 0x05, 0x05, 0x05, 0xB1, 0x00, 0xB4, 0x01, 0x73, 0x02, 0x8F, 0x02, 0xD7, 0x02, 0x89, 0x00
    .byte 0xC9, 0x00, 0x57, 0x01, 0xC9, 0x00, 0xC9, 0x00, 0x68, 0x01, 0x63, 0x02, 0xB1, 0x00, 0xB4, 0x01
    .byte 0x73, 0x02, 0x8F, 0x02, 0xD7, 0x02, 0x89, 0x00, 0xC9, 0x00, 0x57, 0x01, 0xC9, 0x00, 0xC9, 0x00
    .byte 0x68, 0x01, 0x63, 0x02, 0xC9, 0x00, 0xC9, 0x00, 0xC9, 0x00, 0xC9, 0x00, 0xC9, 0x00, 0xC9, 0x00
    .byte 0xC9, 0x00, 0xC9, 0x00, 0xC9, 0x00, 0xC9, 0x00, 0xC9, 0x00, 0xC9, 0x00, 0xC9, 0x00, 0xC9, 0x00
    .byte 0xC9, 0x00, 0xC9, 0x00, 0x00, 0x00, 0x00, 0x00, 0x00, 0x00, 0x00, 0x00, 0x00, 0x00, 0x00, 0x00
    .byte 0x00, 0x00, 0x00, 0x00, 0x00, 0x00, 0x00, 0x00, 0x00, 0x00, 0x00, 0x00, 0x00, 0x00, 0x00, 0x00
    .byte 0x00, 0x00, 0x00, 0x00, 0x00, 0x00, 0x00, 0x00, 0x00, 0x00, 0x00, 0x00, 0x00, 0x00, 0x00, 0x00
    .byte 0x00, 0x00, 0x00, 0x00, 0x00, 0x00, 0x00, 0x00, 0x00, 0x00, 0x00, 0x00, 0x00, 0x00, 0x00, 0x00
    .byte 0x00, 0x00, 0x00, 0x00, 0x00, 0x00, 0x00, 0x00, 0x00, 0x00, 0x00, 0x00, 0x00, 0x00, 0x00, 0x00
    .byte 0x00, 0x00, 0x00, 0x00, 0x00, 0x00, 0x00, 0x00, 0x00, 0x00, 0x00, 0x00, 0xC9, 0x00, 0x00, 0x00
    .byte 0x00, 0x00, 0x00, 0x00
    .close

encounterdata 12
    .byte 0x0F, 0x00, 0x00, 0x00, 0x00, 0x00, 0x00, 0x00, 0x05, 0x05, 0x05, 0x05, 0x05, 0x05, 0x05, 0x05
    .byte 0x05, 0x05, 0x05, 0x05, 0xB1, 0x00, 0xB4, 0x01, 0x73, 0x02, 0x8F, 0x02, 0xD7, 0x02, 0x89, 0x00
    .byte 0xC9, 0x00, 0x57, 0x01, 0xC9, 0x00, 0xC9, 0x00, 0x68, 0x01, 0x63, 0x02, 0xB1, 0x00, 0xB4, 0x01
    .byte 0x73, 0x02, 0x8F, 0x02, 0xD7, 0x02, 0x89, 0x00, 0xC9, 0x00, 0x57, 0x01, 0xC9, 0x00, 0xC9, 0x00
    .byte 0x68, 0x01, 0x63, 0x02, 0xC9, 0x00, 0xC9, 0x00, 0xC9, 0x00, 0xC9, 0x00, 0xC9, 0x00, 0xC9, 0x00
    .byte 0xC9, 0x00, 0xC9, 0x00, 0xC9, 0x00, 0xC9, 0x00, 0xC9, 0x00, 0xC9, 0x00, 0xC9, 0x00, 0xC9, 0x00
    .byte 0xC9, 0x00, 0xC9, 0x00, 0x00, 0x00, 0x00, 0x00, 0x00, 0x00, 0x00, 0x00, 0x00, 0x00, 0x00, 0x00
    .byte 0x00, 0x00, 0x00, 0x00, 0x00, 0x00, 0x00, 0x00, 0x00, 0x00, 0x00, 0x00, 0x00, 0x00, 0x00, 0x00
    .byte 0x00, 0x00, 0x00, 0x00, 0x00, 0x00, 0x00, 0x00, 0x00, 0x00, 0x00, 0x00, 0x00, 0x00, 0x00, 0x00
    .byte 0x00, 0x00, 0x00, 0x00, 0x00, 0x00, 0x00, 0x00, 0x00, 0x00, 0x00, 0x00, 0x00, 0x00, 0x00, 0x00
    .byte 0x00, 0x00, 0x00, 0x00, 0x00, 0x00, 0x00, 0x00, 0x00, 0x00, 0x00, 0x00, 0x00, 0x00, 0x00, 0x00
    .byte 0x00, 0x00, 0x00, 0x00, 0x00, 0x00, 0x00, 0x00, 0x00, 0x00, 0x00, 0x00, 0xC9, 0x00, 0x00, 0x00
    .byte 0x00, 0x00, 0x00, 0x00
    .close

encounterdata 13
    .byte 0x0F, 0x00, 0x00, 0x00, 0x00, 0x00, 0x00, 0x00, 0x05, 0x05, 0x05, 0x05, 0x05, 0x05, 0x05, 0x05
    .byte 0x05, 0x05, 0x05, 0x05, 0xC9, 0x00, 0xC9, 0x00, 0xC9, 0x00, 0xC9, 0x00, 0xC9, 0x00, 0xC9, 0x00
    .byte 0xC9, 0x00, 0xC9, 0x00, 0xC9, 0x00, 0xC9, 0x00, 0xC9, 0x00, 0xC9, 0x00, 0xC9, 0x00, 0xC9, 0x00
    .byte 0xC9, 0x00, 0xC9, 0x00, 0xC9, 0x00, 0xC9, 0x00, 0xC9, 0x00, 0xC9, 0x00, 0xC9, 0x00, 0xC9, 0x00
    .byte 0xC9, 0x00, 0xC9, 0x00, 0xC9, 0x00, 0xC9, 0x00, 0xC9, 0x00, 0xC9, 0x00, 0xC9, 0x00, 0xC9, 0x00
    .byte 0xC9, 0x00, 0xC9, 0x00, 0xC9, 0x00, 0xC9, 0x00, 0xC9, 0x00, 0xC9, 0x00, 0xC9, 0x00, 0xC9, 0x00
    .byte 0xC9, 0x00, 0xC9, 0x00, 0x00, 0x00, 0x00, 0x00, 0x00, 0x00, 0x00, 0x00, 0x00, 0x00, 0x00, 0x00
    .byte 0x00, 0x00, 0x00, 0x00, 0x00, 0x00, 0x00, 0x00, 0x00, 0x00, 0x00, 0x00, 0x00, 0x00, 0x00, 0x00
    .byte 0x00, 0x00, 0x00, 0x00, 0x00, 0x00, 0x00, 0x00, 0x00, 0x00, 0x00, 0x00, 0x00, 0x00, 0x00, 0x00
    .byte 0x00, 0x00, 0x00, 0x00, 0x00, 0x00, 0x00, 0x00, 0x00, 0x00, 0x00, 0x00, 0x00, 0x00, 0x00, 0x00
    .byte 0x00, 0x00, 0x00, 0x00, 0x00, 0x00, 0x00, 0x00, 0x00, 0x00, 0x00, 0x00, 0x00, 0x00, 0x00, 0x00
    .byte 0x00, 0x00, 0x00, 0x00, 0x00, 0x00, 0x00, 0x00, 0x00, 0x00, 0x00, 0x00, 0xC9, 0x00, 0x00, 0x00
    .byte 0x00, 0x00, 0x00, 0x00
    .close

encounterdata 14
    .byte 0x0A, 0x0F, 0x00, 0x19, 0x32, 0x4B, 0x00, 0x00, 0x06, 0x06, 0x06, 0x06, 0x05, 0x05, 0x04, 0x04
    .byte 0x07, 0x06, 0x07, 0x06, 0x6F, 0x00, 0xA6, 0x01, 0xBF, 0x01, 0x42, 0x01, 0x5F, 0x02, 0x5F, 0x02
    .byte 0x9D, 0x02, 0x87, 0x02, 0x4D, 0x02, 0x5F, 0x00, 0x5F, 0x00, 0x4D, 0x02, 0x6F, 0x00, 0xA6, 0x01
    .byte 0xBF, 0x01, 0x42, 0x01, 0x5F, 0x02, 0x5F, 0x02, 0x9D, 0x02, 0x87, 0x02, 0x4D, 0x02, 0x5F, 0x00
    .byte 0x5F, 0x00, 0x4D, 0x02, 0x8D, 0x03, 0xF1, 0x02, 0xE0, 0x02, 0xA9, 0x01, 0x25, 0x01, 0x2E, 0x00
    .byte 0x68, 0x00, 0x68, 0x00, 0x4C, 0x02, 0x7B, 0x00, 0x7B, 0x00, 0x4C, 0x02, 0x67, 0x01, 0x28, 0x01
    .byte 0xB4, 0x01, 0xB1, 0x01, 0x0A, 0x14, 0xC2, 0x00, 0x0F, 0x19, 0xC3, 0x00, 0x0A, 0x14, 0xC3, 0x00
    .byte 0x0A, 0x14, 0xC3, 0x00, 0x0A, 0x14, 0xC3, 0x00, 0x00, 0x00, 0x00, 0x00, 0x00, 0x00, 0x00, 0x00
    .byte 0x0A, 0x0A, 0x81, 0x00, 0x0A, 0x0A, 0x81, 0x00, 0x0A, 0x0A, 0x81, 0x00, 0x0A, 0x0A, 0x82, 0x02
    .byte 0x0A, 0x0A, 0x82, 0x02, 0x14, 0x14, 0x81, 0x00, 0x14, 0x14, 0x76, 0x00, 0x14, 0x14, 0x76, 0x00
    .byte 0x14, 0x14, 0x76, 0x00, 0x14, 0x14, 0x76, 0x00, 0x28, 0x28, 0x76, 0x00, 0x28, 0x28, 0x76, 0x00
    .byte 0x28, 0x28, 0x81, 0x00, 0x28, 0x28, 0x77, 0x00, 0x28, 0x28, 0x81, 0x00, 0x4A, 0x00, 0xC2, 0x00
    .byte 0x76, 0x00, 0x81, 0x00
    .close

encounterdata 15
    .byte 0x0F, 0x0F, 0x00, 0x19, 0x32, 0x4B, 0x00, 0x00, 0x08, 0x08, 0x08, 0x08, 0x07, 0x07, 0x08, 0x08
    .byte 0x09, 0x06, 0x09, 0x06, 0x6F, 0x00, 0xA6, 0x01, 0xBF, 0x01, 0x42, 0x01, 0x5F, 0x02, 0x5F, 0x02
    .byte 0x9D, 0x02, 0x87, 0x02, 0x4D, 0x02, 0x5F, 0x00, 0x5F, 0x00, 0x4D, 0x02, 0x6F, 0x00, 0xA6, 0x01
    .byte 0xBF, 0x01, 0x42, 0x01, 0x5F, 0x02, 0x5F, 0x02, 0x9D, 0x02, 0x87, 0x02, 0x4D, 0x02, 0x5F, 0x00
    .byte 0x5F, 0x00, 0x4D, 0x02, 0x8D, 0x03, 0xF1, 0x02, 0xE0, 0x02, 0xA9, 0x01, 0x25, 0x01, 0x2E, 0x00
    .byte 0x68, 0x00, 0x68, 0x00, 0x4C, 0x02, 0x7B, 0x00, 0x7B, 0x00, 0x4C, 0x02, 0x67, 0x01, 0x28, 0x01
    .byte 0xB4, 0x01, 0xB1, 0x01, 0x0A, 0x14, 0xC2, 0x00, 0x0F, 0x19, 0xC3, 0x00, 0x0A, 0x14, 0xC3, 0x00
    .byte 0x0A, 0x14, 0xC3, 0x00, 0x0A, 0x14, 0xC3, 0x00, 0x00, 0x00, 0x00, 0x00, 0x00, 0x00, 0x00, 0x00
    .byte 0x0A, 0x0A, 0x81, 0x00, 0x0A, 0x0A, 0x81, 0x00, 0x0A, 0x0A, 0x81, 0x00, 0x0A, 0x0A, 0x76, 0x00
    .byte 0x0A, 0x0A, 0x76, 0x00, 0x14, 0x14, 0x81, 0x00, 0x14, 0x14, 0x76, 0x00, 0x14, 0x14, 0x76, 0x00
    .byte 0x14, 0x14, 0x76, 0x00, 0x14, 0x14, 0x76, 0x00, 0x28, 0x28, 0x76, 0x00, 0x28, 0x28, 0x76, 0x00
    .byte 0x28, 0x28, 0x81, 0x00, 0x28, 0x28, 0x77, 0x00, 0x28, 0x28, 0x81, 0x00, 0x4A, 0x00, 0xC2, 0x00
    .byte 0x76, 0x00, 0x81, 0x00
    .close

encounterdata 16
    .byte 0x0F, 0x0F, 0x00, 0x19, 0x32, 0x4B, 0x00, 0x00, 0x16, 0x16, 0x16, 0x16, 0x16, 0x16, 0x15, 0x15
    .byte 0x14, 0x17, 0x14, 0x17, 0x29, 0x00, 0x14, 0x00, 0x29, 0x00, 0x14, 0x00, 0x2A, 0x00, 0x2A, 0x00
    .byte 0x4A, 0x00, 0x4A, 0x00, 0x13, 0x00, 0x5F, 0x00, 0x13, 0x00, 0x5F, 0x00, 0x29, 0x00, 0x14, 0x00
    .byte 0x29, 0x00, 0x14, 0x00, 0x2A, 0x00, 0x2A, 0x00, 0x4A, 0x00, 0x4A, 0x00, 0x13, 0x00, 0x5F, 0x00
    .byte 0x13, 0x00, 0x5F, 0x00, 0x29, 0x00, 0x14, 0x00, 0x29, 0x00, 0x14, 0x00, 0x2A, 0x00, 0x2A, 0x00
    .byte 0x4A, 0x00, 0x4A, 0x00, 0x13, 0x00, 0x5F, 0x00, 0x13, 0x00, 0x5F, 0x00, 0x67, 0x01, 0x28, 0x01
    .byte 0xB4, 0x01, 0xB1, 0x01, 0x0A, 0x14, 0x48, 0x00, 0x0F, 0x19, 0xC3, 0x00, 0x0F, 0x19, 0x49, 0x00
    .byte 0x0F, 0x19, 0x49, 0x00, 0x0F, 0x19, 0x49, 0x00, 0x00, 0x00, 0x00, 0x00, 0x00, 0x00, 0x00, 0x00
    .byte 0x0A, 0x0A, 0x81, 0x00, 0x0A, 0x0A, 0x81, 0x00, 0x0A, 0x0A, 0x81, 0x00, 0x0A, 0x0A, 0x62, 0x00
    .byte 0x0A, 0x0A, 0x62, 0x00, 0x14, 0x14, 0x81, 0x00, 0x14, 0x14, 0x62, 0x00, 0x14, 0x14, 0x62, 0x00
    .byte 0x14, 0x14, 0xDE, 0x00, 0x14, 0x14, 0x62, 0x00, 0x28, 0x28, 0x62, 0x00, 0x28, 0x28, 0xDE, 0x00
    .byte 0x28, 0x28, 0x62, 0x00, 0x28, 0x28, 0x63, 0x00, 0x28, 0x28, 0xA5, 0x03, 0x29, 0x00, 0x48, 0x00
    .byte 0x78, 0x00, 0x81, 0x00
    .close

encounterdata 17
    .byte 0x19, 0x00, 0x00, 0x00, 0x00, 0x00, 0x00, 0x00, 0x06, 0x07, 0x06, 0x07, 0x06, 0x06, 0x06, 0x06
    .byte 0x08, 0x04, 0x08, 0x04, 0xD8, 0x00, 0x1A, 0x03, 0xAC, 0x00, 0x31, 0x02, 0x33, 0x02, 0x35, 0x02
    .byte 0x21, 0x02, 0xEF, 0x00, 0xAE, 0x00, 0xAC, 0x00, 0xAC, 0x00, 0xAE, 0x00, 0xD8, 0x00, 0x1A, 0x03
    .byte 0xAC, 0x00, 0x31, 0x02, 0x33, 0x02, 0x35, 0x02, 0x24, 0x02, 0xEF, 0x00, 0xAE, 0x00, 0xAC, 0x00
    .byte 0xAC, 0x00, 0xAE, 0x00, 0xD8, 0x00, 0x1F, 0x01, 0xE2, 0x03, 0xEF, 0x03, 0xE2, 0x03, 0xEF, 0x03
    .byte 0x27, 0x02, 0xF0, 0x00, 0xAD, 0x00, 0x2A, 0x01, 0x2A, 0x01, 0xAD, 0x00, 0x37, 0x01, 0x38, 0x01
    .byte 0x93, 0x01, 0x93, 0x01, 0x00, 0x00, 0x00, 0x00, 0x00, 0x00, 0x00, 0x00, 0x00, 0x00, 0x00, 0x00
    .byte 0x00, 0x00, 0x00, 0x00, 0x00, 0x00, 0x00, 0x00, 0x00, 0x00, 0x00, 0x00, 0x00, 0x00, 0x00, 0x00
    .byte 0x00, 0x00, 0x00, 0x00, 0x00, 0x00, 0x00, 0x00, 0x00, 0x00, 0x00, 0x00, 0x00, 0x00, 0x00, 0x00
    .byte 0x00, 0x00, 0x00, 0x00, 0x00, 0x00, 0x00, 0x00, 0x00, 0x00, 0x00, 0x00, 0x00, 0x00, 0x00, 0x00
    .byte 0x00, 0x00, 0x00, 0x00, 0x00, 0x00, 0x00, 0x00, 0x00, 0x00, 0x00, 0x00, 0x00, 0x00, 0x00, 0x00
    .byte 0x00, 0x00, 0x00, 0x00, 0x00, 0x00, 0x00, 0x00, 0x00, 0x00, 0x00, 0x00, 0xBB, 0x00, 0x00, 0x00
    .byte 0x00, 0x00, 0x00, 0x00
    .close

encounterdata 18
    .byte 0x05, 0x0A, 0x00, 0x19, 0x32, 0x4B, 0x00, 0x00, 0x05, 0x06, 0x05, 0x06, 0x07, 0x07, 0x06, 0x06
    .byte 0x08, 0x08, 0x08, 0x08, 0x4F, 0x00, 0x4F, 0x08, 0xF2, 0x03, 0x73, 0x03, 0xF2, 0x03, 0x36, 0x00
    .byte 0x73, 0x03, 0xE2, 0x02, 0x4F, 0x00, 0x4F, 0x08, 0x4F, 0x00, 0x4F, 0x08, 0x4F, 0x00, 0x4F, 0x08
    .byte 0xF2, 0x03, 0x73, 0x03, 0xF2, 0x03, 0x36, 0x00, 0x73, 0x03, 0xE2, 0x02, 0x4F, 0x00, 0x4F, 0x08
    .byte 0x4F, 0x00, 0x4F, 0x08, 0x4F, 0x00, 0x4F, 0x08, 0x49, 0x02, 0x6A, 0x02, 0xA0, 0x02, 0x49, 0x02
    .byte 0x6A, 0x02, 0xFA, 0x02, 0x4F, 0x00, 0x4F, 0x08, 0x4F, 0x00, 0x4F, 0x08, 0x67, 0x01, 0x28, 0x01
    .byte 0xB4, 0x01, 0xB1, 0x01, 0x0A, 0x14, 0x4F, 0x00, 0x0F, 0x19, 0x4F, 0x00, 0x05, 0x0F, 0x4F, 0x00
    .byte 0x05, 0x0F, 0x4F, 0x00, 0x05, 0x0F, 0x4F, 0x00, 0x00, 0x00, 0x00, 0x00, 0x00, 0x00, 0x00, 0x00
    .byte 0x0A, 0x0A, 0x81, 0x00, 0x0A, 0x0A, 0x81, 0x00, 0x0A, 0x0A, 0x81, 0x00, 0x0A, 0x0A, 0x76, 0x00
    .byte 0x0A, 0x0A, 0x76, 0x00, 0x14, 0x14, 0x81, 0x00, 0x14, 0x14, 0x76, 0x00, 0x14, 0x14, 0x76, 0x00
    .byte 0x14, 0x14, 0x76, 0x00, 0x14, 0x14, 0x76, 0x00, 0x28, 0x28, 0x76, 0x00, 0x28, 0x28, 0x76, 0x00
    .byte 0x28, 0x28, 0x81, 0x00, 0x28, 0x28, 0x77, 0x00, 0x28, 0x28, 0x81, 0x00, 0x29, 0x00, 0x4F, 0x00
    .byte 0x76, 0x00, 0x81, 0x00
    .close

encounterdata 19
    .byte 0x0F, 0x0A, 0x00, 0x19, 0x32, 0x4B, 0x00, 0x00, 0x15, 0x17, 0x15, 0x17, 0x13, 0x13, 0x15, 0x15
    .byte 0x17, 0x17, 0x17, 0x17, 0x29, 0x00, 0x29, 0x00, 0x29, 0x00, 0x29, 0x00, 0x29, 0x00, 0x29, 0x00
    .byte 0x4F, 0x00, 0x4F, 0x00, 0x2A, 0x00, 0x4F, 0x00, 0x2A, 0x00, 0x4F, 0x00, 0x29, 0x00, 0x29, 0x00
    .byte 0x29, 0x00, 0x29, 0x00, 0x29, 0x00, 0x29, 0x00, 0x4F, 0x00, 0x4F, 0x00, 0x2A, 0x00, 0x4F, 0x00
    .byte 0x2A, 0x00, 0x4F, 0x00, 0x29, 0x00, 0x29, 0x00, 0x29, 0x00, 0x29, 0x00, 0x29, 0x00, 0x29, 0x00
    .byte 0x4F, 0x00, 0x4F, 0x00, 0x2A, 0x00, 0x4F, 0x00, 0x2A, 0x00, 0x4F, 0x00, 0x67, 0x01, 0x28, 0x01
    .byte 0xB4, 0x01, 0xB1, 0x01, 0x0A, 0x14, 0x4F, 0x00, 0x0F, 0x19, 0x4F, 0x00, 0x0F, 0x19, 0x50, 0x00
    .byte 0x0F, 0x19, 0x50, 0x00, 0x1E, 0x1E, 0x50, 0x00, 0x00, 0x00, 0x00, 0x00, 0x00, 0x00, 0x00, 0x00
    .byte 0x0A, 0x0A, 0x81, 0x00, 0x0A, 0x0A, 0x81, 0x00, 0x0A, 0x0A, 0x81, 0x00, 0x0A, 0x0A, 0x76, 0x00
    .byte 0x0A, 0x0A, 0x76, 0x00, 0x14, 0x14, 0x81, 0x00, 0x14, 0x14, 0x76, 0x00, 0x14, 0x14, 0x76, 0x00
    .byte 0x14, 0x14, 0x76, 0x00, 0x14, 0x14, 0x76, 0x00, 0x28, 0x28, 0x76, 0x00, 0x28, 0x28, 0x76, 0x00
    .byte 0x28, 0x28, 0x81, 0x00, 0x28, 0x28, 0x77, 0x00, 0x28, 0x28, 0x81, 0x00, 0x29, 0x00, 0x4F, 0x00
    .byte 0x76, 0x00, 0x81, 0x00
    .close

encounterdata 20
    .byte 0x05, 0x0F, 0x00, 0x19, 0x32, 0x4B, 0x00, 0x00, 0x05, 0x06, 0x05, 0x06, 0x06, 0x06, 0x05, 0x05
    .byte 0x05, 0x06, 0x05, 0x06, 0x9F, 0x01, 0x53, 0x00, 0x4D, 0x08, 0x8A, 0x03, 0xCC, 0x00, 0x66, 0x00
    .byte 0x39, 0x01, 0x66, 0x00, 0xD5, 0x00, 0xD5, 0x00, 0xD5, 0x00, 0xD6, 0x00, 0x9F, 0x01, 0x53, 0x00
    .byte 0x4D, 0x08, 0x8A, 0x03, 0xCC, 0x00, 0x66, 0x00, 0x39, 0x01, 0x66, 0x00, 0xD5, 0x00, 0xD5, 0x00
    .byte 0xD5, 0x00, 0xD6, 0x00, 0x4E, 0x02, 0x53, 0x08, 0xF6, 0x02, 0xF8, 0x02, 0xCC, 0x00, 0x72, 0x00
    .byte 0x3A, 0x01, 0x72, 0x00, 0xC6, 0x00, 0xC6, 0x00, 0xC6, 0x00, 0x7F, 0x00, 0x45, 0x01, 0x42, 0x01
    .byte 0x96, 0x01, 0xC7, 0x01, 0x0A, 0x14, 0x36, 0x00, 0x05, 0x0F, 0x36, 0x00, 0x0A, 0x14, 0x37, 0x00
    .byte 0x0A, 0x14, 0x37, 0x00, 0x0A, 0x14, 0x37, 0x00, 0x00, 0x00, 0x00, 0x00, 0x00, 0x00, 0x00, 0x00
    .byte 0x0A, 0x0A, 0x81, 0x00, 0x0A, 0x0A, 0x81, 0x00, 0x0A, 0x0A, 0x81, 0x00, 0x0A, 0x0A, 0x3C, 0x00
    .byte 0x0A, 0x0A, 0x3C, 0x00, 0x14, 0x14, 0x81, 0x00, 0x14, 0x14, 0x3C, 0x00, 0x14, 0x14, 0x3C, 0x00
    .byte 0x14, 0x14, 0x3C, 0x00, 0x14, 0x14, 0x3C, 0x00, 0x28, 0x28, 0x3C, 0x00, 0x28, 0x28, 0x3C, 0x00
    .byte 0x28, 0x28, 0x81, 0x00, 0x28, 0x28, 0x3C, 0x00, 0x28, 0x28, 0x81, 0x00, 0x0A, 0x00, 0x36, 0x00
    .byte 0x3C, 0x00, 0x81, 0x00
    .close

encounterdata 21
    .byte 0x19, 0x0F, 0x00, 0x19, 0x32, 0x4B, 0x00, 0x00, 0x0A, 0x0B, 0x0A, 0x0B, 0x0C, 0x0C, 0x0A, 0x0A
    .byte 0x0D, 0x0A, 0x0D, 0x0A, 0x01, 0x00, 0x04, 0x03, 0xFC, 0x00, 0x83, 0x01, 0x21, 0x02, 0xBC, 0x02
    .byte 0xBC, 0x03, 0x5C, 0x03, 0x98, 0x00, 0xBC, 0x03, 0x98, 0x00, 0x5C, 0x03, 0x07, 0x00, 0x0A, 0x03
    .byte 0x02, 0x01, 0x89, 0x01, 0x27, 0x02, 0xC2, 0x02, 0xC2, 0x03, 0x62, 0x03, 0x9E, 0x00, 0xC2, 0x03
    .byte 0x9E, 0x00, 0x62, 0x03, 0x04, 0x00, 0x07, 0x03, 0xFF, 0x00, 0x86, 0x01, 0x24, 0x02, 0xBF, 0x02
    .byte 0xBF, 0x03, 0x5F, 0x03, 0x9B, 0x00, 0xBF, 0x03, 0x9B, 0x00, 0x5F, 0x03, 0x25, 0x01, 0x08, 0x01
    .byte 0xA2, 0x01, 0x8F, 0x01, 0x0F, 0x19, 0x48, 0x00, 0x0A, 0x14, 0x48, 0x00, 0x0F, 0x19, 0x49, 0x00
    .byte 0x0F, 0x19, 0x49, 0x00, 0x1D, 0x1D, 0x49, 0x00, 0x00, 0x00, 0x00, 0x00, 0x00, 0x00, 0x00, 0x00
    .byte 0x0A, 0x0A, 0x82, 0x02, 0x0A, 0x0A, 0x82, 0x02, 0x0A, 0x0A, 0x82, 0x02, 0x0A, 0x0A, 0x80, 0x03
    .byte 0x0A, 0x0A, 0x80, 0x03, 0x14, 0x14, 0x81, 0x00, 0x14, 0x14, 0x62, 0x00, 0x14, 0x14, 0x62, 0x00
    .byte 0x14, 0x14, 0xDE, 0x00, 0x14, 0x14, 0x62, 0x00, 0x28, 0x28, 0x62, 0x00, 0x28, 0x28, 0xDE, 0x00
    .byte 0x28, 0x28, 0x62, 0x00, 0x28, 0x28, 0x63, 0x00, 0x28, 0x28, 0x62, 0x00, 0x18, 0x01, 0x48, 0x00
    .byte 0x78, 0x00, 0x81, 0x00
    .close

encounterdata 22
    .byte 0x19, 0x0F, 0x00, 0x19, 0x32, 0x4B, 0x00, 0x00, 0x0C, 0x0C, 0x0C, 0x0C, 0x0E, 0x0E, 0x0A, 0x0A
    .byte 0x0E, 0x0A, 0x0E, 0x0C, 0xCF, 0x02, 0x2C, 0x01, 0xAB, 0x01, 0x7B, 0x02, 0x76, 0x02, 0x7B, 0x02
    .byte 0x45, 0x02, 0x45, 0x02, 0xDE, 0x02, 0xDE, 0x02, 0xDE, 0x02, 0xDE, 0x02, 0xCF, 0x02, 0x2C, 0x01
    .byte 0xAB, 0x01, 0x7B, 0x02, 0x76, 0x02, 0x7B, 0x02, 0x45, 0x02, 0x45, 0x02, 0xDE, 0x02, 0xDE, 0x02
    .byte 0xDE, 0x02, 0xDE, 0x02, 0x1B, 0x00, 0x38, 0x00, 0xEC, 0x00, 0xA0, 0x03, 0xEC, 0x00, 0xA0, 0x03
    .byte 0xFF, 0x03, 0xFF, 0x03, 0xDC, 0x02, 0xDC, 0x02, 0xDC, 0x02, 0xDC, 0x02, 0x25, 0x01, 0x08, 0x01
    .byte 0xA2, 0x01, 0x8F, 0x01, 0x0F, 0x19, 0x36, 0x00, 0x0A, 0x14, 0x36, 0x00, 0x0F, 0x19, 0x37, 0x00
    .byte 0x0F, 0x19, 0x37, 0x00, 0x1F, 0x1F, 0x37, 0x00, 0x00, 0x00, 0x00, 0x00, 0x00, 0x00, 0x00, 0x00
    .byte 0x0A, 0x0A, 0x5D, 0x01, 0x0A, 0x0A, 0x5D, 0x01, 0x0A, 0x0A, 0x5D, 0x01, 0x0A, 0x0A, 0x81, 0x00
    .byte 0x0A, 0x0A, 0x81, 0x00, 0x14, 0x14, 0x81, 0x00, 0x14, 0x14, 0x3C, 0x00, 0x14, 0x14, 0x3C, 0x00
    .byte 0x14, 0x14, 0x3C, 0x00, 0x14, 0x14, 0x3C, 0x00, 0x28, 0x28, 0x3C, 0x00, 0x28, 0x28, 0x3C, 0x00
    .byte 0x28, 0x28, 0x81, 0x00, 0x28, 0x28, 0x3C, 0x00, 0x28, 0x28, 0x81, 0x00, 0xC1, 0x00, 0x36, 0x00
    .byte 0x3C, 0x00, 0x81, 0x00
    .close

encounterdata 23
    .byte 0x19, 0x00, 0x00, 0x00, 0x00, 0x00, 0x00, 0x00, 0x0A, 0x0A, 0x0A, 0x0A, 0x0C, 0x0C, 0x0C, 0x0C
    .byte 0x0A, 0x0E, 0x0A, 0x0E, 0x8A, 0x00, 0x8C, 0x00, 0x59, 0x01, 0x5B, 0x01, 0x98, 0x01, 0x9A, 0x01
    .byte 0x66, 0x02, 0x68, 0x02, 0xEA, 0x02, 0xEC, 0x02, 0x8E, 0x00, 0x8E, 0x00, 0x8A, 0x00, 0x8C, 0x00
    .byte 0x59, 0x01, 0x5B, 0x01, 0x98, 0x01, 0x9A, 0x01, 0x66, 0x02, 0x68, 0x02, 0xEA, 0x02, 0xEC, 0x02
    .byte 0x8E, 0x00, 0x8E, 0x00, 0xBB, 0x01, 0xAB, 0x02, 0x73, 0x01, 0x76, 0x01, 0xF6, 0x00, 0x93, 0x00
    .byte 0xF2, 0x02, 0x40, 0x03, 0xA7, 0x03, 0x16, 0x04, 0xA7, 0x03, 0x16, 0x04, 0x37, 0x01, 0x38, 0x01
    .byte 0x93, 0x01, 0x93, 0x01, 0x00, 0x00, 0x00, 0x00, 0x00, 0x00, 0x00, 0x00, 0x00, 0x00, 0x00, 0x00
    .byte 0x00, 0x00, 0x00, 0x00, 0x00, 0x00, 0x00, 0x00, 0x00, 0x00, 0x00, 0x00, 0x00, 0x00, 0x00, 0x00
    .byte 0x00, 0x00, 0x00, 0x00, 0x00, 0x00, 0x00, 0x00, 0x00, 0x00, 0x00, 0x00, 0x00, 0x00, 0x00, 0x00
    .byte 0x00, 0x00, 0x00, 0x00, 0x00, 0x00, 0x00, 0x00, 0x00, 0x00, 0x00, 0x00, 0x00, 0x00, 0x00, 0x00
    .byte 0x00, 0x00, 0x00, 0x00, 0x00, 0x00, 0x00, 0x00, 0x00, 0x00, 0x00, 0x00, 0x00, 0x00, 0x00, 0x00
    .byte 0x00, 0x00, 0x00, 0x00, 0x00, 0x00, 0x00, 0x00, 0x00, 0x00, 0x00, 0x00, 0x0A, 0x00, 0x00, 0x00
    .byte 0x00, 0x00, 0x00, 0x00
    .close

encounterdata 24
    .byte 0x19, 0x00, 0x00, 0x00, 0x00, 0x00, 0x00, 0x00, 0x0A, 0x0A, 0x0A, 0x0A, 0x0C, 0x0C, 0x0C, 0x0C
    .byte 0x0A, 0x0E, 0x0A, 0x0E, 0x0A, 0x00, 0x0A, 0x00, 0x0A, 0x00, 0x0A, 0x00, 0x0A, 0x00, 0x0A, 0x00
    .byte 0x0A, 0x00, 0x0A, 0x00, 0x0A, 0x00, 0x0A, 0x00, 0x0A, 0x00, 0x0A, 0x00, 0x0A, 0x00, 0x0A, 0x00
    .byte 0x0A, 0x00, 0x0A, 0x00, 0x0A, 0x00, 0x0A, 0x00, 0x0A, 0x00, 0x0A, 0x00, 0x0A, 0x00, 0x0A, 0x00
    .byte 0x0A, 0x00, 0x0A, 0x00, 0x0A, 0x00, 0x0A, 0x00, 0x0A, 0x00, 0x0A, 0x00, 0x0A, 0x00, 0x0A, 0x00
    .byte 0x0A, 0x00, 0x0A, 0x00, 0x0A, 0x00, 0x0A, 0x00, 0x0A, 0x00, 0x0A, 0x00, 0x0A, 0x00, 0x0A, 0x00
    .byte 0x0A, 0x00, 0x0A, 0x00, 0x00, 0x00, 0x00, 0x00, 0x00, 0x00, 0x00, 0x00, 0x00, 0x00, 0x00, 0x00
    .byte 0x00, 0x00, 0x00, 0x00, 0x00, 0x00, 0x00, 0x00, 0x00, 0x00, 0x00, 0x00, 0x00, 0x00, 0x00, 0x00
    .byte 0x00, 0x00, 0x00, 0x00, 0x00, 0x00, 0x00, 0x00, 0x00, 0x00, 0x00, 0x00, 0x00, 0x00, 0x00, 0x00
    .byte 0x00, 0x00, 0x00, 0x00, 0x00, 0x00, 0x00, 0x00, 0x00, 0x00, 0x00, 0x00, 0x00, 0x00, 0x00, 0x00
    .byte 0x00, 0x00, 0x00, 0x00, 0x00, 0x00, 0x00, 0x00, 0x00, 0x00, 0x00, 0x00, 0x00, 0x00, 0x00, 0x00
    .byte 0x00, 0x00, 0x00, 0x00, 0x00, 0x00, 0x00, 0x00, 0x00, 0x00, 0x00, 0x00, 0x0A, 0x00, 0x00, 0x00
    .byte 0x00, 0x00, 0x00, 0x00
    .close

encounterdata 25
    .byte 0x19, 0x00, 0x00, 0x00, 0x00, 0x00, 0x00, 0x00, 0x0C, 0x0C, 0x0C, 0x0C, 0x0D, 0x0D, 0x0D, 0x0D
    .byte 0x0D, 0x0F, 0x0D, 0x0F, 0x42, 0x00, 0x85, 0x00, 0xE4, 0x00, 0xD1, 0x00, 0x3C, 0x01, 0x27, 0x03
    .byte 0x27, 0x03, 0x27, 0x03, 0x96, 0x03, 0xDE, 0x03, 0x37, 0x01, 0x38, 0x01, 0x42, 0x00, 0x85, 0x00
    .byte 0xE4, 0x00, 0xD1, 0x00, 0x3C, 0x01, 0x27, 0x03, 0x27, 0x03, 0x27, 0x03, 0x96, 0x03, 0xDE, 0x03
    .byte 0x37, 0x01, 0x38, 0x01, 0x42, 0x00, 0x85, 0x00, 0xE4, 0x00, 0xD1, 0x00, 0x3C, 0x01, 0x27, 0x03
    .byte 0x27, 0x03, 0x27, 0x03, 0x96, 0x03, 0xDE, 0x03, 0x37, 0x01, 0x38, 0x01, 0x37, 0x01, 0x38, 0x01
    .byte 0x93, 0x01, 0x93, 0x01, 0x00, 0x00, 0x00, 0x00, 0x00, 0x00, 0x00, 0x00, 0x00, 0x00, 0x00, 0x00
    .byte 0x00, 0x00, 0x00, 0x00, 0x00, 0x00, 0x00, 0x00, 0x00, 0x00, 0x00, 0x00, 0x00, 0x00, 0x00, 0x00
    .byte 0x00, 0x00, 0x00, 0x00, 0x00, 0x00, 0x00, 0x00, 0x00, 0x00, 0x00, 0x00, 0x00, 0x00, 0x00, 0x00
    .byte 0x00, 0x00, 0x00, 0x00, 0x00, 0x00, 0x00, 0x00, 0x00, 0x00, 0x00, 0x00, 0x00, 0x00, 0x00, 0x00
    .byte 0x00, 0x00, 0x00, 0x00, 0x00, 0x00, 0x00, 0x00, 0x00, 0x00, 0x00, 0x00, 0x00, 0x00, 0x00, 0x00
    .byte 0x00, 0x00, 0x00, 0x00, 0x00, 0x00, 0x00, 0x00, 0x00, 0x00, 0x00, 0x00, 0x20, 0x00, 0x00, 0x00
    .byte 0x00, 0x00, 0x00, 0x00
    .close

encounterdata 26
    .byte 0x19, 0x00, 0x00, 0x00, 0x00, 0x00, 0x00, 0x00, 0x0D, 0x0F, 0x0D, 0x0F, 0x0F, 0x0F, 0x0E, 0x0E
    .byte 0x0F, 0x0F, 0x0F, 0x0F, 0x85, 0x02, 0x8C, 0x02, 0x80, 0x02, 0xE9, 0x03, 0xC5, 0x01, 0xB2, 0x01
    .byte 0x4D, 0x01, 0x7D, 0x02, 0x4D, 0x01, 0xE9, 0x03, 0x7D, 0x02, 0x7D, 0x02, 0x85, 0x02, 0x8C, 0x02
    .byte 0x80, 0x02, 0xE9, 0x03, 0xC5, 0x01, 0xB2, 0x01, 0x4D, 0x01, 0x7D, 0x02, 0x4D, 0x01, 0xE9, 0x03
    .byte 0x7D, 0x02, 0x7D, 0x02, 0x85, 0x02, 0x8C, 0x02, 0x80, 0x02, 0xE9, 0x03, 0xC5, 0x01, 0xB2, 0x01
    .byte 0x4D, 0x01, 0x7D, 0x02, 0x4D, 0x01, 0xE9, 0x03, 0x7D, 0x02, 0x7D, 0x02, 0x37, 0x01, 0x38, 0x01
    .byte 0x93, 0x01, 0x93, 0x01, 0x00, 0x00, 0x00, 0x00, 0x00, 0x00, 0x00, 0x00, 0x00, 0x00, 0x00, 0x00
    .byte 0x00, 0x00, 0x00, 0x00, 0x00, 0x00, 0x00, 0x00, 0x00, 0x00, 0x00, 0x00, 0x00, 0x00, 0x00, 0x00
    .byte 0x00, 0x00, 0x00, 0x00, 0x00, 0x00, 0x00, 0x00, 0x00, 0x00, 0x00, 0x00, 0x00, 0x00, 0x00, 0x00
    .byte 0x00, 0x00, 0x00, 0x00, 0x00, 0x00, 0x00, 0x00, 0x00, 0x00, 0x00, 0x00, 0x00, 0x00, 0x00, 0x00
    .byte 0x00, 0x00, 0x00, 0x00, 0x00, 0x00, 0x00, 0x00, 0x00, 0x00, 0x00, 0x00, 0x00, 0x00, 0x00, 0x00
    .byte 0x00, 0x00, 0x00, 0x00, 0x00, 0x00, 0x00, 0x00, 0x00, 0x00, 0x00, 0x00, 0x10, 0x00, 0x00, 0x00
    .byte 0x00, 0x00, 0x00, 0x00
    .close

encounterdata 27
    .byte 0x00, 0x0F, 0x00, 0x19, 0x32, 0x4B, 0x00, 0x00, 0x00, 0x00, 0x00, 0x00, 0x00, 0x00, 0x00, 0x00
    .byte 0x00, 0x00, 0x00, 0x00, 0x00, 0x00, 0x00, 0x00, 0x00, 0x00, 0x00, 0x00, 0x00, 0x00, 0x00, 0x00
    .byte 0x00, 0x00, 0x00, 0x00, 0x00, 0x00, 0x00, 0x00, 0x00, 0x00, 0x00, 0x00, 0x00, 0x00, 0x00, 0x00
    .byte 0x00, 0x00, 0x00, 0x00, 0x00, 0x00, 0x00, 0x00, 0x00, 0x00, 0x00, 0x00, 0x00, 0x00, 0x00, 0x00
    .byte 0x00, 0x00, 0x00, 0x00, 0x00, 0x00, 0x00, 0x00, 0x00, 0x00, 0x00, 0x00, 0x00, 0x00, 0x00, 0x00
    .byte 0x00, 0x00, 0x00, 0x00, 0x00, 0x00, 0x00, 0x00, 0x00, 0x00, 0x00, 0x00, 0x00, 0x00, 0x00, 0x00
    .byte 0x00, 0x00, 0x00, 0x00, 0x0F, 0x19, 0x3C, 0x00, 0x0A, 0x14, 0x3C, 0x00, 0x0F, 0x19, 0x3D, 0x00
    .byte 0x0F, 0x19, 0x3D, 0x00, 0x0F, 0x19, 0x3D, 0x00, 0x00, 0x00, 0x00, 0x00, 0x00, 0x00, 0x00, 0x00
    .byte 0x0A, 0x0A, 0x82, 0x02, 0x0A, 0x0A, 0x82, 0x02, 0x0A, 0x0A, 0x82, 0x02, 0x0A, 0x0A, 0xE4, 0x02
    .byte 0x0A, 0x0A, 0xE4, 0x02, 0x14, 0x14, 0x81, 0x00, 0x14, 0x14, 0x3C, 0x00, 0x14, 0x14, 0x3C, 0x00
    .byte 0x14, 0x14, 0x3C, 0x00, 0x14, 0x14, 0x3C, 0x00, 0x28, 0x28, 0x3C, 0x00, 0x28, 0x28, 0x3C, 0x00
    .byte 0x28, 0x28, 0x81, 0x00, 0x28, 0x28, 0x3C, 0x00, 0x28, 0x28, 0x81, 0x00, 0x00, 0x00, 0x3C, 0x00
    .byte 0x3C, 0x00, 0x81, 0x00
    .close

encounterdata 28
    .byte 0x0A, 0x00, 0x00, 0x00, 0x00, 0x00, 0x00, 0x00, 0x0D, 0x0E, 0x0D, 0x0E, 0x0F, 0x0F, 0x0E, 0x0E
    .byte 0x10, 0x0F, 0x10, 0x0F, 0x3A, 0x00, 0xDA, 0x00, 0x6C, 0x02, 0xCD, 0x02, 0x4D, 0x00, 0x64, 0x02
    .byte 0x3A, 0x00, 0x64, 0x02, 0x52, 0x01, 0x44, 0x01, 0x52, 0x01, 0x44, 0x01, 0x3A, 0x00, 0xDA, 0x00
    .byte 0x6C, 0x02, 0xCD, 0x02, 0x4D, 0x00, 0x64, 0x02, 0x3A, 0x00, 0x64, 0x02, 0x52, 0x01, 0x44, 0x01
    .byte 0x52, 0x01, 0x44, 0x01, 0x3A, 0x08, 0xFD, 0x03, 0x6C, 0x0A, 0x64, 0x0A, 0x82, 0x03, 0xD9, 0x03
    .byte 0xFD, 0x03, 0x64, 0x0A, 0x51, 0x01, 0xA9, 0x02, 0x51, 0x01, 0xA9, 0x02, 0x07, 0x01, 0x47, 0x01
    .byte 0xB9, 0x01, 0x33, 0x01, 0x00, 0x00, 0x00, 0x00, 0x00, 0x00, 0x00, 0x00, 0x00, 0x00, 0x00, 0x00
    .byte 0x00, 0x00, 0x00, 0x00, 0x00, 0x00, 0x00, 0x00, 0x00, 0x00, 0x00, 0x00, 0x00, 0x00, 0x00, 0x00
    .byte 0x00, 0x00, 0x00, 0x00, 0x00, 0x00, 0x00, 0x00, 0x00, 0x00, 0x00, 0x00, 0x00, 0x00, 0x00, 0x00
    .byte 0x00, 0x00, 0x00, 0x00, 0x00, 0x00, 0x00, 0x00, 0x00, 0x00, 0x00, 0x00, 0x00, 0x00, 0x00, 0x00
    .byte 0x00, 0x00, 0x00, 0x00, 0x00, 0x00, 0x00, 0x00, 0x00, 0x00, 0x00, 0x00, 0x00, 0x00, 0x00, 0x00
    .byte 0x00, 0x00, 0x00, 0x00, 0x00, 0x00, 0x00, 0x00, 0x00, 0x00, 0x00, 0x00, 0x13, 0x00, 0x00, 0x00
    .byte 0x00, 0x00, 0x00, 0x00
    .close

encounterdata 29
    .byte 0x0A, 0x00, 0x00, 0x00, 0x00, 0x00, 0x00, 0x00, 0x0E, 0x0E, 0x0E, 0x0E, 0x10, 0x10, 0x10, 0x10
    .byte 0x0F, 0x0E, 0x0F, 0x0E, 0x3A, 0x00, 0xDA, 0x00, 0x6C, 0x02, 0xCD, 0x02, 0x4D, 0x00, 0x64, 0x02
    .byte 0x3A, 0x00, 0x64, 0x02, 0x52, 0x01, 0x44, 0x01, 0x52, 0x01, 0x44, 0x01, 0x3A, 0x00, 0xDA, 0x00
    .byte 0x6C, 0x02, 0xCD, 0x02, 0x4D, 0x00, 0x64, 0x02, 0x3A, 0x00, 0x64, 0x02, 0x52, 0x01, 0x44, 0x01
    .byte 0x52, 0x01, 0x44, 0x01, 0x3A, 0x08, 0xFD, 0x03, 0x6C, 0x0A, 0x64, 0x0A, 0x82, 0x03, 0xD9, 0x03
    .byte 0xFD, 0x03, 0x64, 0x0A, 0x51, 0x01, 0xA9, 0x02, 0x51, 0x01, 0xA9, 0x02, 0x07, 0x01, 0x47, 0x01
    .byte 0xB9, 0x01, 0x33, 0x01, 0x00, 0x00, 0x00, 0x00, 0x00, 0x00, 0x00, 0x00, 0x00, 0x00, 0x00, 0x00
    .byte 0x00, 0x00, 0x00, 0x00, 0x00, 0x00, 0x00, 0x00, 0x00, 0x00, 0x00, 0x00, 0x00, 0x00, 0x00, 0x00
    .byte 0x00, 0x00, 0x00, 0x00, 0x00, 0x00, 0x00, 0x00, 0x00, 0x00, 0x00, 0x00, 0x00, 0x00, 0x00, 0x00
    .byte 0x00, 0x00, 0x00, 0x00, 0x00, 0x00, 0x00, 0x00, 0x00, 0x00, 0x00, 0x00, 0x00, 0x00, 0x00, 0x00
    .byte 0x00, 0x00, 0x00, 0x00, 0x00, 0x00, 0x00, 0x00, 0x00, 0x00, 0x00, 0x00, 0x00, 0x00, 0x00, 0x00
    .byte 0x00, 0x00, 0x00, 0x00, 0x00, 0x00, 0x00, 0x00, 0x00, 0x00, 0x00, 0x00, 0x13, 0x00, 0x00, 0x00
    .byte 0x00, 0x00, 0x00, 0x00
    .close

encounterdata 30
    .byte 0x05, 0x00, 0x00, 0x00, 0x00, 0x00, 0x00, 0x00, 0x14, 0x15, 0x14, 0x15, 0x16, 0x16, 0x16, 0x16
    .byte 0x17, 0x18, 0x17, 0x18, 0x13, 0x00, 0x13, 0x00, 0x13, 0x00, 0x13, 0x00, 0x13, 0x00, 0x13, 0x00
    .byte 0x13, 0x00, 0x13, 0x00, 0x13, 0x00, 0x13, 0x00, 0x13, 0x00, 0x13, 0x00, 0x13, 0x00, 0x13, 0x00
    .byte 0x13, 0x00, 0x13, 0x00, 0x13, 0x00, 0x13, 0x00, 0x13, 0x00, 0x13, 0x00, 0x13, 0x00, 0x13, 0x00
    .byte 0x13, 0x00, 0x13, 0x00, 0x5C, 0x00, 0x5C, 0x00, 0x5C, 0x00, 0x5C, 0x00, 0x5C, 0x00, 0x5C, 0x00
    .byte 0x13, 0x00, 0x13, 0x00, 0x13, 0x00, 0x13, 0x00, 0x13, 0x00, 0x13, 0x00, 0x07, 0x01, 0x47, 0x01
    .byte 0xB9, 0x01, 0x33, 0x01, 0x00, 0x00, 0x00, 0x00, 0x00, 0x00, 0x00, 0x00, 0x00, 0x00, 0x00, 0x00
    .byte 0x00, 0x00, 0x00, 0x00, 0x00, 0x00, 0x00, 0x00, 0x00, 0x00, 0x00, 0x00, 0x00, 0x00, 0x00, 0x00
    .byte 0x00, 0x00, 0x00, 0x00, 0x00, 0x00, 0x00, 0x00, 0x00, 0x00, 0x00, 0x00, 0x00, 0x00, 0x00, 0x00
    .byte 0x00, 0x00, 0x00, 0x00, 0x00, 0x00, 0x00, 0x00, 0x00, 0x00, 0x00, 0x00, 0x00, 0x00, 0x00, 0x00
    .byte 0x00, 0x00, 0x00, 0x00, 0x00, 0x00, 0x00, 0x00, 0x00, 0x00, 0x00, 0x00, 0x00, 0x00, 0x00, 0x00
    .byte 0x00, 0x00, 0x00, 0x00, 0x00, 0x00, 0x00, 0x00, 0x00, 0x00, 0x00, 0x00, 0x13, 0x00, 0x00, 0x00
    .byte 0x00, 0x00, 0x00, 0x00
    .close

encounterdata 31
    .byte 0x05, 0x00, 0x00, 0x00, 0x00, 0x00, 0x00, 0x00, 0x14, 0x15, 0x14, 0x15, 0x16, 0x16, 0x16, 0x16
    .byte 0x17, 0x18, 0x17, 0x18, 0x13, 0x00, 0x13, 0x00, 0x13, 0x00, 0x13, 0x00, 0x13, 0x00, 0x13, 0x00
    .byte 0x13, 0x00, 0x13, 0x00, 0x13, 0x00, 0x13, 0x00, 0x13, 0x00, 0x13, 0x00, 0x13, 0x00, 0x13, 0x00
    .byte 0x13, 0x00, 0x13, 0x00, 0x13, 0x00, 0x13, 0x00, 0x13, 0x00, 0x13, 0x00, 0x13, 0x00, 0x13, 0x00
    .byte 0x13, 0x00, 0x13, 0x00, 0x5C, 0x00, 0x5C, 0x00, 0x5C, 0x00, 0x5C, 0x00, 0x5C, 0x00, 0x5C, 0x00
    .byte 0x13, 0x00, 0x13, 0x00, 0x13, 0x00, 0x13, 0x00, 0x13, 0x00, 0x13, 0x00, 0x07, 0x01, 0x47, 0x01
    .byte 0xB9, 0x01, 0x33, 0x01, 0x00, 0x00, 0x00, 0x00, 0x00, 0x00, 0x00, 0x00, 0x00, 0x00, 0x00, 0x00
    .byte 0x00, 0x00, 0x00, 0x00, 0x00, 0x00, 0x00, 0x00, 0x00, 0x00, 0x00, 0x00, 0x00, 0x00, 0x00, 0x00
    .byte 0x00, 0x00, 0x00, 0x00, 0x00, 0x00, 0x00, 0x00, 0x00, 0x00, 0x00, 0x00, 0x00, 0x00, 0x00, 0x00
    .byte 0x00, 0x00, 0x00, 0x00, 0x00, 0x00, 0x00, 0x00, 0x00, 0x00, 0x00, 0x00, 0x00, 0x00, 0x00, 0x00
    .byte 0x00, 0x00, 0x00, 0x00, 0x00, 0x00, 0x00, 0x00, 0x00, 0x00, 0x00, 0x00, 0x00, 0x00, 0x00, 0x00
    .byte 0x00, 0x00, 0x00, 0x00, 0x00, 0x00, 0x00, 0x00, 0x00, 0x00, 0x00, 0x00, 0x13, 0x00, 0x00, 0x00
    .byte 0x00, 0x00, 0x00, 0x00
    .close

encounterdata 32
    .byte 0x05, 0x00, 0x00, 0x00, 0x00, 0x00, 0x00, 0x00, 0x14, 0x15, 0x14, 0x15, 0x16, 0x16, 0x16, 0x16
    .byte 0x17, 0x18, 0x17, 0x18, 0x13, 0x00, 0x13, 0x00, 0x13, 0x00, 0x13, 0x00, 0x13, 0x00, 0x13, 0x00
    .byte 0x13, 0x00, 0x13, 0x00, 0x13, 0x00, 0x13, 0x00, 0x13, 0x00, 0x13, 0x00, 0x13, 0x00, 0x13, 0x00
    .byte 0x13, 0x00, 0x13, 0x00, 0x13, 0x00, 0x13, 0x00, 0x13, 0x00, 0x13, 0x00, 0x13, 0x00, 0x13, 0x00
    .byte 0x13, 0x00, 0x13, 0x00, 0x5C, 0x00, 0x5C, 0x00, 0x5C, 0x00, 0x5C, 0x00, 0x5C, 0x00, 0x5C, 0x00
    .byte 0x13, 0x00, 0x13, 0x00, 0x13, 0x00, 0x13, 0x00, 0x13, 0x00, 0x13, 0x00, 0x07, 0x01, 0x47, 0x01
    .byte 0xB9, 0x01, 0x33, 0x01, 0x00, 0x00, 0x00, 0x00, 0x00, 0x00, 0x00, 0x00, 0x00, 0x00, 0x00, 0x00
    .byte 0x00, 0x00, 0x00, 0x00, 0x00, 0x00, 0x00, 0x00, 0x00, 0x00, 0x00, 0x00, 0x00, 0x00, 0x00, 0x00
    .byte 0x00, 0x00, 0x00, 0x00, 0x00, 0x00, 0x00, 0x00, 0x00, 0x00, 0x00, 0x00, 0x00, 0x00, 0x00, 0x00
    .byte 0x00, 0x00, 0x00, 0x00, 0x00, 0x00, 0x00, 0x00, 0x00, 0x00, 0x00, 0x00, 0x00, 0x00, 0x00, 0x00
    .byte 0x00, 0x00, 0x00, 0x00, 0x00, 0x00, 0x00, 0x00, 0x00, 0x00, 0x00, 0x00, 0x00, 0x00, 0x00, 0x00
    .byte 0x00, 0x00, 0x00, 0x00, 0x00, 0x00, 0x00, 0x00, 0x00, 0x00, 0x00, 0x00, 0x13, 0x00, 0x00, 0x00
    .byte 0x00, 0x00, 0x00, 0x00
    .close

encounterdata 33
    .byte 0x05, 0x00, 0x00, 0x00, 0x00, 0x00, 0x00, 0x00, 0x14, 0x15, 0x14, 0x15, 0x16, 0x16, 0x16, 0x16
    .byte 0x17, 0x18, 0x17, 0x18, 0x13, 0x00, 0x13, 0x00, 0x13, 0x00, 0x13, 0x00, 0x13, 0x00, 0x13, 0x00
    .byte 0xDD, 0x03, 0x13, 0x00, 0x13, 0x00, 0x13, 0x00, 0x13, 0x00, 0x13, 0x00, 0x13, 0x00, 0x13, 0x00
    .byte 0x13, 0x00, 0x13, 0x00, 0x13, 0x00, 0x13, 0x00, 0xDD, 0x03, 0x13, 0x00, 0x13, 0x00, 0x13, 0x00
    .byte 0x13, 0x00, 0x13, 0x00, 0x5C, 0x00, 0x5C, 0x00, 0x5C, 0x00, 0x5C, 0x00, 0x5C, 0x00, 0x5C, 0x00
    .byte 0xDD, 0x03, 0x13, 0x00, 0x13, 0x00, 0x13, 0x00, 0x13, 0x00, 0x13, 0x00, 0x07, 0x01, 0x47, 0x01
    .byte 0xB9, 0x01, 0x33, 0x01, 0x00, 0x00, 0x00, 0x00, 0x00, 0x00, 0x00, 0x00, 0x00, 0x00, 0x00, 0x00
    .byte 0x00, 0x00, 0x00, 0x00, 0x00, 0x00, 0x00, 0x00, 0x00, 0x00, 0x00, 0x00, 0x00, 0x00, 0x00, 0x00
    .byte 0x00, 0x00, 0x00, 0x00, 0x00, 0x00, 0x00, 0x00, 0x00, 0x00, 0x00, 0x00, 0x00, 0x00, 0x00, 0x00
    .byte 0x00, 0x00, 0x00, 0x00, 0x00, 0x00, 0x00, 0x00, 0x00, 0x00, 0x00, 0x00, 0x00, 0x00, 0x00, 0x00
    .byte 0x00, 0x00, 0x00, 0x00, 0x00, 0x00, 0x00, 0x00, 0x00, 0x00, 0x00, 0x00, 0x00, 0x00, 0x00, 0x00
    .byte 0x00, 0x00, 0x00, 0x00, 0x00, 0x00, 0x00, 0x00, 0x00, 0x00, 0x00, 0x00, 0x13, 0x00, 0x00, 0x00
    .byte 0x00, 0x00, 0x00, 0x00
    .close

encounterdata 34
    .byte 0x05, 0x00, 0x00, 0x00, 0x00, 0x00, 0x00, 0x00, 0x14, 0x15, 0x14, 0x15, 0x16, 0x16, 0x16, 0x16
    .byte 0x17, 0x18, 0x17, 0x18, 0x13, 0x00, 0x13, 0x00, 0x13, 0x00, 0x13, 0x00, 0x13, 0x00, 0x13, 0x00
    .byte 0x13, 0x00, 0x13, 0x00, 0x13, 0x00, 0x13, 0x00, 0x13, 0x00, 0x13, 0x00, 0x13, 0x00, 0x13, 0x00
    .byte 0x13, 0x00, 0x13, 0x00, 0x13, 0x00, 0x13, 0x00, 0x13, 0x00, 0x13, 0x00, 0x13, 0x00, 0x13, 0x00
    .byte 0x13, 0x00, 0x13, 0x00, 0x5C, 0x00, 0x5C, 0x00, 0x5C, 0x00, 0x5C, 0x00, 0x5C, 0x00, 0x5C, 0x00
    .byte 0x13, 0x00, 0x13, 0x00, 0x13, 0x00, 0x13, 0x00, 0x13, 0x00, 0x13, 0x00, 0x07, 0x01, 0x47, 0x01
    .byte 0xB9, 0x01, 0x33, 0x01, 0x00, 0x00, 0x00, 0x00, 0x00, 0x00, 0x00, 0x00, 0x00, 0x00, 0x00, 0x00
    .byte 0x00, 0x00, 0x00, 0x00, 0x00, 0x00, 0x00, 0x00, 0x00, 0x00, 0x00, 0x00, 0x00, 0x00, 0x00, 0x00
    .byte 0x00, 0x00, 0x00, 0x00, 0x00, 0x00, 0x00, 0x00, 0x00, 0x00, 0x00, 0x00, 0x00, 0x00, 0x00, 0x00
    .byte 0x00, 0x00, 0x00, 0x00, 0x00, 0x00, 0x00, 0x00, 0x00, 0x00, 0x00, 0x00, 0x00, 0x00, 0x00, 0x00
    .byte 0x00, 0x00, 0x00, 0x00, 0x00, 0x00, 0x00, 0x00, 0x00, 0x00, 0x00, 0x00, 0x00, 0x00, 0x00, 0x00
    .byte 0x00, 0x00, 0x00, 0x00, 0x00, 0x00, 0x00, 0x00, 0x00, 0x00, 0x00, 0x00, 0x13, 0x00, 0x00, 0x00
    .byte 0x00, 0x00, 0x00, 0x00
    .close

encounterdata 35
    .byte 0x05, 0x00, 0x00, 0x00, 0x00, 0x00, 0x00, 0x00, 0x14, 0x15, 0x14, 0x15, 0x16, 0x16, 0x16, 0x16
    .byte 0x17, 0x18, 0x17, 0x18, 0x13, 0x00, 0x13, 0x00, 0x13, 0x00, 0x13, 0x00, 0x13, 0x00, 0x13, 0x00
    .byte 0x13, 0x00, 0x13, 0x00, 0x13, 0x00, 0x13, 0x00, 0x13, 0x00, 0x13, 0x00, 0x13, 0x00, 0x13, 0x00
    .byte 0x13, 0x00, 0x13, 0x00, 0x13, 0x00, 0x13, 0x00, 0x13, 0x00, 0x13, 0x00, 0x13, 0x00, 0x13, 0x00
    .byte 0x13, 0x00, 0x13, 0x00, 0x5C, 0x00, 0x5C, 0x00, 0x5C, 0x00, 0x5C, 0x00, 0x5C, 0x00, 0x5C, 0x00
    .byte 0x13, 0x00, 0x13, 0x00, 0x13, 0x00, 0x13, 0x00, 0x13, 0x00, 0x13, 0x00, 0x07, 0x01, 0x47, 0x01
    .byte 0xB9, 0x01, 0x33, 0x01, 0x00, 0x00, 0x00, 0x00, 0x00, 0x00, 0x00, 0x00, 0x00, 0x00, 0x00, 0x00
    .byte 0x00, 0x00, 0x00, 0x00, 0x00, 0x00, 0x00, 0x00, 0x00, 0x00, 0x00, 0x00, 0x00, 0x00, 0x00, 0x00
    .byte 0x00, 0x00, 0x00, 0x00, 0x00, 0x00, 0x00, 0x00, 0x00, 0x00, 0x00, 0x00, 0x00, 0x00, 0x00, 0x00
    .byte 0x00, 0x00, 0x00, 0x00, 0x00, 0x00, 0x00, 0x00, 0x00, 0x00, 0x00, 0x00, 0x00, 0x00, 0x00, 0x00
    .byte 0x00, 0x00, 0x00, 0x00, 0x00, 0x00, 0x00, 0x00, 0x00, 0x00, 0x00, 0x00, 0x00, 0x00, 0x00, 0x00
    .byte 0x00, 0x00, 0x00, 0x00, 0x00, 0x00, 0x00, 0x00, 0x00, 0x00, 0x00, 0x00, 0x13, 0x00, 0x00, 0x00
    .byte 0x00, 0x00, 0x00, 0x00
    .close

encounterdata 36
    .byte 0x05, 0x00, 0x00, 0x00, 0x00, 0x00, 0x00, 0x00, 0x14, 0x15, 0x14, 0x15, 0x16, 0x16, 0x16, 0x16
    .byte 0x17, 0x18, 0x17, 0x18, 0x13, 0x00, 0x13, 0x00, 0x13, 0x00, 0x13, 0x00, 0x13, 0x00, 0x13, 0x00
    .byte 0x13, 0x00, 0x13, 0x00, 0x13, 0x00, 0x13, 0x00, 0x13, 0x00, 0xD3, 0x03, 0x13, 0x00, 0x13, 0x00
    .byte 0x13, 0x00, 0x13, 0x00, 0x13, 0x00, 0x13, 0x00, 0x13, 0x00, 0x13, 0x00, 0x13, 0x00, 0x13, 0x00
    .byte 0x13, 0x00, 0xD3, 0x03, 0x5C, 0x00, 0x5C, 0x00, 0x5C, 0x00, 0x5C, 0x00, 0x5C, 0x00, 0x5C, 0x00
    .byte 0x13, 0x00, 0x13, 0x00, 0x13, 0x00, 0x13, 0x00, 0x13, 0x00, 0xD3, 0x03, 0x07, 0x01, 0x47, 0x01
    .byte 0xB9, 0x01, 0x33, 0x01, 0x00, 0x00, 0x00, 0x00, 0x00, 0x00, 0x00, 0x00, 0x00, 0x00, 0x00, 0x00
    .byte 0x00, 0x00, 0x00, 0x00, 0x00, 0x00, 0x00, 0x00, 0x00, 0x00, 0x00, 0x00, 0x00, 0x00, 0x00, 0x00
    .byte 0x00, 0x00, 0x00, 0x00, 0x00, 0x00, 0x00, 0x00, 0x00, 0x00, 0x00, 0x00, 0x00, 0x00, 0x00, 0x00
    .byte 0x00, 0x00, 0x00, 0x00, 0x00, 0x00, 0x00, 0x00, 0x00, 0x00, 0x00, 0x00, 0x00, 0x00, 0x00, 0x00
    .byte 0x00, 0x00, 0x00, 0x00, 0x00, 0x00, 0x00, 0x00, 0x00, 0x00, 0x00, 0x00, 0x00, 0x00, 0x00, 0x00
    .byte 0x00, 0x00, 0x00, 0x00, 0x00, 0x00, 0x00, 0x00, 0x00, 0x00, 0x00, 0x00, 0x13, 0x00, 0x00, 0x00
    .byte 0x00, 0x00, 0x00, 0x00
    .close

encounterdata 37
    .byte 0x05, 0x00, 0x00, 0x00, 0x00, 0x00, 0x00, 0x00, 0x14, 0x15, 0x14, 0x15, 0x16, 0x16, 0x16, 0x16
    .byte 0x17, 0x18, 0x17, 0x18, 0x13, 0x00, 0x13, 0x00, 0x13, 0x00, 0x13, 0x00, 0x13, 0x00, 0x13, 0x00
    .byte 0x13, 0x00, 0xFA, 0x03, 0x13, 0x00, 0x13, 0x00, 0x13, 0x00, 0x13, 0x00, 0x13, 0x00, 0x13, 0x00
    .byte 0x13, 0x00, 0x13, 0x00, 0x13, 0x00, 0x13, 0x00, 0x13, 0x00, 0xFA, 0x03, 0x13, 0x00, 0x13, 0x00
    .byte 0x13, 0x00, 0x13, 0x00, 0x5C, 0x00, 0x5C, 0x00, 0x5C, 0x00, 0x5C, 0x00, 0x5C, 0x00, 0x5C, 0x00
    .byte 0x13, 0x00, 0xFA, 0x03, 0x13, 0x00, 0x13, 0x00, 0x13, 0x00, 0x13, 0x00, 0x07, 0x01, 0x47, 0x01
    .byte 0xB9, 0x01, 0x33, 0x01, 0x00, 0x00, 0x00, 0x00, 0x00, 0x00, 0x00, 0x00, 0x00, 0x00, 0x00, 0x00
    .byte 0x00, 0x00, 0x00, 0x00, 0x00, 0x00, 0x00, 0x00, 0x00, 0x00, 0x00, 0x00, 0x00, 0x00, 0x00, 0x00
    .byte 0x00, 0x00, 0x00, 0x00, 0x00, 0x00, 0x00, 0x00, 0x00, 0x00, 0x00, 0x00, 0x00, 0x00, 0x00, 0x00
    .byte 0x00, 0x00, 0x00, 0x00, 0x00, 0x00, 0x00, 0x00, 0x00, 0x00, 0x00, 0x00, 0x00, 0x00, 0x00, 0x00
    .byte 0x00, 0x00, 0x00, 0x00, 0x00, 0x00, 0x00, 0x00, 0x00, 0x00, 0x00, 0x00, 0x00, 0x00, 0x00, 0x00
    .byte 0x00, 0x00, 0x00, 0x00, 0x00, 0x00, 0x00, 0x00, 0x00, 0x00, 0x00, 0x00, 0x13, 0x00, 0x00, 0x00
    .byte 0x00, 0x00, 0x00, 0x00
    .close

encounterdata 38
    .byte 0x19, 0x00, 0x00, 0x00, 0x00, 0x00, 0x00, 0x00, 0x10, 0x10, 0x10, 0x10, 0x10, 0x10, 0x10, 0x10
    .byte 0x0D, 0x0D, 0x0D, 0x0D, 0x16, 0x01, 0xC2, 0x00, 0x3C, 0x00, 0x51, 0x00, 0x64, 0x00, 0x76, 0x00
    .byte 0xE3, 0x00, 0xE3, 0x00, 0xD3, 0x00, 0xCE, 0x00, 0xD3, 0x00, 0xCE, 0x00, 0x16, 0x01, 0xC2, 0x00
    .byte 0x3C, 0x00, 0x51, 0x00, 0x64, 0x00, 0x76, 0x00, 0xE3, 0x00, 0xE3, 0x00, 0xD3, 0x00, 0xCE, 0x00
    .byte 0xD3, 0x00, 0xCE, 0x00, 0x41, 0x02, 0xC2, 0x08, 0x3C, 0x00, 0x51, 0x00, 0x64, 0x08, 0x76, 0x00
    .byte 0xCF, 0x00, 0xCF, 0x00, 0xD3, 0x08, 0xCE, 0x00, 0xD3, 0x08, 0xCE, 0x00, 0x37, 0x01, 0x38, 0x01
    .byte 0x93, 0x01, 0x93, 0x01, 0x00, 0x00, 0x00, 0x00, 0x00, 0x00, 0x00, 0x00, 0x00, 0x00, 0x00, 0x00
    .byte 0x00, 0x00, 0x00, 0x00, 0x00, 0x00, 0x00, 0x00, 0x00, 0x00, 0x00, 0x00, 0x00, 0x00, 0x00, 0x00
    .byte 0x00, 0x00, 0x00, 0x00, 0x00, 0x00, 0x00, 0x00, 0x00, 0x00, 0x00, 0x00, 0x00, 0x00, 0x00, 0x00
    .byte 0x00, 0x00, 0x00, 0x00, 0x00, 0x00, 0x00, 0x00, 0x00, 0x00, 0x00, 0x00, 0x00, 0x00, 0x00, 0x00
    .byte 0x00, 0x00, 0x00, 0x00, 0x00, 0x00, 0x00, 0x00, 0x00, 0x00, 0x00, 0x00, 0x00, 0x00, 0x00, 0x00
    .byte 0x00, 0x00, 0x00, 0x00, 0x00, 0x00, 0x00, 0x00, 0x00, 0x00, 0x00, 0x00, 0xD1, 0x00, 0x00, 0x00
    .byte 0x00, 0x00, 0x00, 0x00
    .close

encounterdata 39
    .byte 0x19, 0x00, 0x00, 0x00, 0x00, 0x00, 0x00, 0x00, 0x10, 0x11, 0x10, 0x11, 0x10, 0x10, 0x10, 0x10
    .byte 0x0F, 0x0F, 0x0F, 0x0F, 0x29, 0x03, 0x61, 0x02, 0x89, 0x02, 0xC1, 0x01, 0x1F, 0x03, 0xD6, 0x02
    .byte 0xB8, 0x01, 0xF1, 0x00, 0xEA, 0x00, 0xB8, 0x01, 0xF1, 0x00, 0xEA, 0x00, 0x29, 0x03, 0x61, 0x02
    .byte 0x89, 0x02, 0xC1, 0x01, 0x1F, 0x03, 0xD6, 0x02, 0xB8, 0x01, 0xF1, 0x00, 0xEA, 0x00, 0xB8, 0x01
    .byte 0xF1, 0x00, 0xEA, 0x00, 0xA2, 0x02, 0x61, 0x02, 0x89, 0x02, 0xC1, 0x01, 0x1F, 0x03, 0xD6, 0x02
    .byte 0xB8, 0x01, 0x80, 0x00, 0xA4, 0x02, 0xB8, 0x01, 0x80, 0x00, 0xA4, 0x02, 0x37, 0x01, 0x38, 0x01
    .byte 0x93, 0x01, 0x93, 0x01, 0x00, 0x00, 0x00, 0x00, 0x00, 0x00, 0x00, 0x00, 0x00, 0x00, 0x00, 0x00
    .byte 0x00, 0x00, 0x00, 0x00, 0x00, 0x00, 0x00, 0x00, 0x00, 0x00, 0x00, 0x00, 0x00, 0x00, 0x00, 0x00
    .byte 0x00, 0x00, 0x00, 0x00, 0x00, 0x00, 0x00, 0x00, 0x00, 0x00, 0x00, 0x00, 0x00, 0x00, 0x00, 0x00
    .byte 0x00, 0x00, 0x00, 0x00, 0x00, 0x00, 0x00, 0x00, 0x00, 0x00, 0x00, 0x00, 0x00, 0x00, 0x00, 0x00
    .byte 0x00, 0x00, 0x00, 0x00, 0x00, 0x00, 0x00, 0x00, 0x00, 0x00, 0x00, 0x00, 0x00, 0x00, 0x00, 0x00
    .byte 0x00, 0x00, 0x00, 0x00, 0x00, 0x00, 0x00, 0x00, 0x00, 0x00, 0x00, 0x00, 0x13, 0x00, 0x00, 0x00
    .byte 0x00, 0x00, 0x00, 0x00
    .close

encounterdata 40
    .byte 0x00, 0x0F, 0x00, 0x19, 0x32, 0x4B, 0x00, 0x00, 0x00, 0x00, 0x00, 0x00, 0x00, 0x00, 0x00, 0x00
    .byte 0x00, 0x00, 0x00, 0x00, 0x00, 0x00, 0x00, 0x00, 0x00, 0x00, 0x00, 0x00, 0x00, 0x00, 0x00, 0x00
    .byte 0x00, 0x00, 0x00, 0x00, 0x00, 0x00, 0x00, 0x00, 0x00, 0x00, 0x00, 0x00, 0x00, 0x00, 0x00, 0x00
    .byte 0x00, 0x00, 0x00, 0x00, 0x00, 0x00, 0x00, 0x00, 0x00, 0x00, 0x00, 0x00, 0x00, 0x00, 0x00, 0x00
    .byte 0x00, 0x00, 0x00, 0x00, 0x00, 0x00, 0x00, 0x00, 0x00, 0x00, 0x00, 0x00, 0x00, 0x00, 0x00, 0x00
    .byte 0x00, 0x00, 0x00, 0x00, 0x00, 0x00, 0x00, 0x00, 0x00, 0x00, 0x00, 0x00, 0x00, 0x00, 0x00, 0x00
    .byte 0x00, 0x00, 0x00, 0x00, 0x0F, 0x19, 0x15, 0x03, 0x0A, 0x14, 0x5A, 0x00, 0x0F, 0x19, 0x55, 0x01
    .byte 0x0F, 0x19, 0x53, 0x01, 0x0F, 0x19, 0xC8, 0x01, 0x00, 0x00, 0x00, 0x00, 0x00, 0x00, 0x00, 0x00
    .byte 0x0A, 0x0A, 0xCA, 0x01, 0x0A, 0x0A, 0xCA, 0x01, 0x0A, 0x0A, 0xCA, 0x01, 0x0A, 0x0A, 0x74, 0x00
    .byte 0x0A, 0x0A, 0x74, 0x00, 0x14, 0x14, 0x81, 0x00, 0x14, 0x14, 0x62, 0x00, 0x14, 0x14, 0x62, 0x00
    .byte 0x14, 0x14, 0xDE, 0x00, 0x14, 0x14, 0x62, 0x00, 0x28, 0x28, 0x62, 0x00, 0x28, 0x28, 0xDE, 0x00
    .byte 0x28, 0x28, 0x62, 0x00, 0x28, 0x28, 0x63, 0x00, 0x28, 0x28, 0x62, 0x00, 0x00, 0x00, 0x48, 0x00
    .byte 0x78, 0x00, 0x81, 0x00
    .close

encounterdata 41
    .byte 0x00, 0x0A, 0x00, 0x19, 0x32, 0x4B, 0x00, 0x00, 0x00, 0x00, 0x00, 0x00, 0x00, 0x00, 0x00, 0x00
    .byte 0x00, 0x00, 0x00, 0x00, 0x00, 0x00, 0x00, 0x00, 0x00, 0x00, 0x00, 0x00, 0x00, 0x00, 0x00, 0x00
    .byte 0x00, 0x00, 0x00, 0x00, 0x00, 0x00, 0x00, 0x00, 0x00, 0x00, 0x00, 0x00, 0x00, 0x00, 0x00, 0x00
    .byte 0x00, 0x00, 0x00, 0x00, 0x00, 0x00, 0x00, 0x00, 0x00, 0x00, 0x00, 0x00, 0x00, 0x00, 0x00, 0x00
    .byte 0x00, 0x00, 0x00, 0x00, 0x00, 0x00, 0x00, 0x00, 0x00, 0x00, 0x00, 0x00, 0x00, 0x00, 0x00, 0x00
    .byte 0x00, 0x00, 0x00, 0x00, 0x00, 0x00, 0x00, 0x00, 0x00, 0x00, 0x00, 0x00, 0x00, 0x00, 0x00, 0x00
    .byte 0x00, 0x00, 0x00, 0x00, 0x0F, 0x19, 0xAA, 0x00, 0x0A, 0x14, 0x3E, 0x01, 0x0F, 0x19, 0x3E, 0x01
    .byte 0x0F, 0x19, 0xAA, 0x00, 0x0F, 0x19, 0x71, 0x01, 0x00, 0x00, 0x00, 0x00, 0x00, 0x00, 0x00, 0x00
    .byte 0x0A, 0x0A, 0x81, 0x00, 0x0A, 0x0A, 0x81, 0x00, 0x0A, 0x0A, 0x81, 0x00, 0x0A, 0x0A, 0x62, 0x00
    .byte 0x0A, 0x0A, 0x62, 0x00, 0x14, 0x14, 0x81, 0x00, 0x14, 0x14, 0x62, 0x00, 0x14, 0x14, 0x62, 0x00
    .byte 0x14, 0x14, 0xDE, 0x00, 0x14, 0x14, 0x62, 0x00, 0x28, 0x28, 0x62, 0x00, 0x28, 0x28, 0xDE, 0x00
    .byte 0x28, 0x28, 0x62, 0x00, 0x28, 0x28, 0x63, 0x00, 0x28, 0x28, 0x62, 0x00, 0x00, 0x00, 0x48, 0x00
    .byte 0x78, 0x00, 0x81, 0x00
    .close

encounterdata 42
    .byte 0x00, 0x0A, 0x00, 0x19, 0x32, 0x4B, 0x00, 0x00, 0x00, 0x00, 0x00, 0x00, 0x00, 0x00, 0x00, 0x00
    .byte 0x00, 0x00, 0x00, 0x00, 0x00, 0x00, 0x00, 0x00, 0x00, 0x00, 0x00, 0x00, 0x00, 0x00, 0x00, 0x00
    .byte 0x00, 0x00, 0x00, 0x00, 0x00, 0x00, 0x00, 0x00, 0x00, 0x00, 0x00, 0x00, 0x00, 0x00, 0x00, 0x00
    .byte 0x00, 0x00, 0x00, 0x00, 0x00, 0x00, 0x00, 0x00, 0x00, 0x00, 0x00, 0x00, 0x00, 0x00, 0x00, 0x00
    .byte 0x00, 0x00, 0x00, 0x00, 0x00, 0x00, 0x00, 0x00, 0x00, 0x00, 0x00, 0x00, 0x00, 0x00, 0x00, 0x00
    .byte 0x00, 0x00, 0x00, 0x00, 0x00, 0x00, 0x00, 0x00, 0x00, 0x00, 0x00, 0x00, 0x00, 0x00, 0x00, 0x00
    .byte 0x00, 0x00, 0x00, 0x00, 0x0F, 0x19, 0xDF, 0x00, 0x0F, 0x19, 0x40, 0x01, 0x0F, 0x19, 0x48, 0x00
    .byte 0x0F, 0x19, 0x56, 0x00, 0x0F, 0x19, 0x58, 0x02, 0x00, 0x00, 0x00, 0x00, 0x00, 0x00, 0x00, 0x00
    .byte 0x0A, 0x0A, 0x81, 0x00, 0x0A, 0x0A, 0x81, 0x00, 0x0A, 0x0A, 0x81, 0x00, 0x0A, 0x0A, 0x48, 0x00
    .byte 0x0A, 0x0A, 0x48, 0x00, 0x14, 0x14, 0x81, 0x00, 0x14, 0x14, 0x48, 0x00, 0x14, 0x14, 0xAA, 0x00
    .byte 0x14, 0x14, 0x5A, 0x00, 0x14, 0x14, 0xAA, 0x00, 0x28, 0x28, 0xAA, 0x00, 0x28, 0x28, 0x5A, 0x00
    .byte 0x28, 0x28, 0x49, 0x00, 0x28, 0x28, 0xAB, 0x00, 0x28, 0x28, 0x49, 0x00, 0x00, 0x00, 0x48, 0x00
    .byte 0x5A, 0x00, 0x81, 0x00
    .close

encounterdata 43
    .byte 0x05, 0x0A, 0x00, 0x19, 0x32, 0x4B, 0x00, 0x00, 0x16, 0x17, 0x16, 0x17, 0x18, 0x18, 0x16, 0x16
    .byte 0x17, 0x18, 0x17, 0x18, 0x62, 0x00, 0x29, 0x00, 0x62, 0x00, 0x29, 0x00, 0x62, 0x00, 0x47, 0x03
    .byte 0x56, 0x00, 0x56, 0x00, 0x2A, 0x00, 0x56, 0x00, 0x2A, 0x00, 0x56, 0x00, 0x62, 0x00, 0x29, 0x00
    .byte 0x62, 0x00, 0x29, 0x00, 0x62, 0x00, 0x47, 0x03, 0x56, 0x00, 0x56, 0x00, 0x2A, 0x00, 0x56, 0x00
    .byte 0x2A, 0x00, 0x56, 0x00, 0x62, 0x00, 0x29, 0x00, 0x62, 0x00, 0x29, 0x00, 0x62, 0x00, 0x47, 0x03
    .byte 0x56, 0x00, 0x56, 0x00, 0x2A, 0x00, 0x56, 0x00, 0x2A, 0x00, 0x56, 0x00, 0x67, 0x01, 0x28, 0x01
    .byte 0xB4, 0x01, 0xB1, 0x01, 0x0F, 0x19, 0x48, 0x00, 0x0A, 0x14, 0x74, 0x00, 0x0F, 0x19, 0x49, 0x00
    .byte 0x0F, 0x19, 0x49, 0x00, 0x0F, 0x19, 0x49, 0x00, 0x00, 0x00, 0x00, 0x00, 0x00, 0x00, 0x00, 0x00
    .byte 0x0A, 0x0A, 0x81, 0x00, 0x0A, 0x0A, 0x81, 0x00, 0x0A, 0x0A, 0x81, 0x00, 0x0A, 0x0A, 0x62, 0x00
    .byte 0x0A, 0x0A, 0x62, 0x00, 0x14, 0x14, 0x81, 0x00, 0x14, 0x14, 0x62, 0x00, 0x14, 0x14, 0x62, 0x00
    .byte 0x14, 0x14, 0x74, 0x00, 0x14, 0x14, 0x62, 0x00, 0x28, 0x28, 0x62, 0x00, 0x28, 0x28, 0x74, 0x00
    .byte 0x28, 0x28, 0x63, 0x00, 0x28, 0x28, 0x75, 0x00, 0x28, 0x28, 0x63, 0x00, 0x62, 0x00, 0x48, 0x00
    .byte 0x74, 0x00, 0x81, 0x00
    .close

encounterdata 44
    .byte 0x05, 0x00, 0x00, 0x00, 0x00, 0x00, 0x00, 0x00, 0x16, 0x17, 0x16, 0x17, 0x18, 0x18, 0x16, 0x16
    .byte 0x17, 0x18, 0x17, 0x18, 0x62, 0x00, 0x29, 0x00, 0x62, 0x00, 0x29, 0x00, 0x62, 0x00, 0x62, 0x00
    .byte 0x56, 0x00, 0x56, 0x00, 0x2A, 0x00, 0x56, 0x00, 0x2A, 0x00, 0x56, 0x00, 0x62, 0x00, 0x29, 0x00
    .byte 0x62, 0x00, 0x29, 0x00, 0x62, 0x00, 0x62, 0x00, 0x56, 0x00, 0x56, 0x00, 0x2A, 0x00, 0x56, 0x00
    .byte 0x2A, 0x00, 0x56, 0x00, 0x62, 0x00, 0x29, 0x00, 0x62, 0x00, 0x29, 0x00, 0x62, 0x00, 0x62, 0x00
    .byte 0x56, 0x00, 0x56, 0x00, 0x2A, 0x00, 0x56, 0x00, 0x2A, 0x00, 0x56, 0x00, 0x67, 0x01, 0x28, 0x01
    .byte 0xB4, 0x01, 0xB1, 0x01, 0x00, 0x00, 0x00, 0x00, 0x00, 0x00, 0x00, 0x00, 0x00, 0x00, 0x00, 0x00
    .byte 0x00, 0x00, 0x00, 0x00, 0x00, 0x00, 0x00, 0x00, 0x00, 0x00, 0x00, 0x00, 0x00, 0x00, 0x00, 0x00
    .byte 0x00, 0x00, 0x00, 0x00, 0x00, 0x00, 0x00, 0x00, 0x00, 0x00, 0x00, 0x00, 0x00, 0x00, 0x00, 0x00
    .byte 0x00, 0x00, 0x00, 0x00, 0x00, 0x00, 0x00, 0x00, 0x00, 0x00, 0x00, 0x00, 0x00, 0x00, 0x00, 0x00
    .byte 0x00, 0x00, 0x00, 0x00, 0x00, 0x00, 0x00, 0x00, 0x00, 0x00, 0x00, 0x00, 0x00, 0x00, 0x00, 0x00
    .byte 0x00, 0x00, 0x00, 0x00, 0x00, 0x00, 0x00, 0x00, 0x00, 0x00, 0x00, 0x00, 0x62, 0x00, 0x00, 0x00
    .byte 0x00, 0x00, 0x00, 0x00
    .close

encounterdata 45
    .byte 0x00, 0x00, 0x00, 0x00, 0x00, 0x00, 0x00, 0x00, 0x00, 0x00, 0x00, 0x00, 0x00, 0x00, 0x00, 0x00
    .byte 0x00, 0x00, 0x00, 0x00, 0x00, 0x00, 0x00, 0x00, 0x00, 0x00, 0x00, 0x00, 0x00, 0x00, 0x00, 0x00
    .byte 0x00, 0x00, 0x00, 0x00, 0x00, 0x00, 0x00, 0x00, 0x00, 0x00, 0x00, 0x00, 0x00, 0x00, 0x00, 0x00
    .byte 0x00, 0x00, 0x00, 0x00, 0x00, 0x00, 0x00, 0x00, 0x00, 0x00, 0x00, 0x00, 0x00, 0x00, 0x00, 0x00
    .byte 0x00, 0x00, 0x00, 0x00, 0x00, 0x00, 0x00, 0x00, 0x00, 0x00, 0x00, 0x00, 0x00, 0x00, 0x00, 0x00
    .byte 0x00, 0x00, 0x00, 0x00, 0x00, 0x00, 0x00, 0x00, 0x00, 0x00, 0x00, 0x00, 0x00, 0x00, 0x00, 0x00
    .byte 0x00, 0x00, 0x00, 0x00, 0x00, 0x00, 0x00, 0x00, 0x00, 0x00, 0x00, 0x00, 0x00, 0x00, 0x00, 0x00
    .byte 0x00, 0x00, 0x00, 0x00, 0x00, 0x00, 0x00, 0x00, 0x00, 0x00, 0x00, 0x00, 0x00, 0x00, 0x00, 0x00
    .byte 0x00, 0x00, 0x00, 0x00, 0x00, 0x00, 0x00, 0x00, 0x00, 0x00, 0x00, 0x00, 0x00, 0x00, 0x00, 0x00
    .byte 0x00, 0x00, 0x00, 0x00, 0x00, 0x00, 0x00, 0x00, 0x00, 0x00, 0x00, 0x00, 0x00, 0x00, 0x00, 0x00
    .byte 0x00, 0x00, 0x00, 0x00, 0x00, 0x00, 0x00, 0x00, 0x00, 0x00, 0x00, 0x00, 0x00, 0x00, 0x00, 0x00
    .byte 0x00, 0x00, 0x00, 0x00, 0x00, 0x00, 0x00, 0x00, 0x00, 0x00, 0x00, 0x00, 0x00, 0x00, 0x00, 0x00
    .byte 0x00, 0x00, 0x00, 0x00
    .close

encounterdata 46
    .byte 0x05, 0x0A, 0x00, 0x19, 0x32, 0x4B, 0x00, 0x00, 0x16, 0x17, 0x16, 0x17, 0x18, 0x18, 0x16, 0x16
    .byte 0x17, 0x18, 0x17, 0x18, 0x62, 0x00, 0x29, 0x00, 0x62, 0x00, 0x29, 0x00, 0x62, 0x00, 0x62, 0x00
    .byte 0x56, 0x00, 0x56, 0x00, 0x2A, 0x00, 0x56, 0x00, 0x2A, 0x00, 0x56, 0x00, 0x62, 0x00, 0x29, 0x00
    .byte 0x62, 0x00, 0x29, 0x00, 0x62, 0x00, 0x62, 0x00, 0x56, 0x00, 0x56, 0x00, 0x2A, 0x00, 0x56, 0x00
    .byte 0x2A, 0x00, 0x56, 0x00, 0x62, 0x00, 0x29, 0x00, 0x62, 0x00, 0x29, 0x00, 0x62, 0x00, 0x62, 0x00
    .byte 0x56, 0x00, 0x56, 0x00, 0x2A, 0x00, 0x56, 0x00, 0x2A, 0x00, 0x56, 0x00, 0x67, 0x01, 0x28, 0x01
    .byte 0xB4, 0x01, 0xB1, 0x01, 0x0F, 0x19, 0x74, 0x00, 0x0F, 0x19, 0x49, 0x00, 0x0F, 0x19, 0x75, 0x00
    .byte 0x0F, 0x19, 0x75, 0x00, 0x1E, 0x1E, 0x75, 0x00, 0x00, 0x00, 0x00, 0x00, 0x00, 0x00, 0x00, 0x00
    .byte 0x0A, 0x0A, 0x81, 0x00, 0x0A, 0x0A, 0x81, 0x00, 0x0A, 0x0A, 0x81, 0x00, 0x0A, 0x0A, 0x62, 0x00
    .byte 0x0A, 0x0A, 0x62, 0x00, 0x14, 0x14, 0x81, 0x00, 0x14, 0x14, 0x62, 0x00, 0x14, 0x14, 0x62, 0x00
    .byte 0x14, 0x14, 0x74, 0x00, 0x14, 0x14, 0x62, 0x00, 0x28, 0x28, 0x62, 0x00, 0x28, 0x28, 0x74, 0x00
    .byte 0x28, 0x28, 0x63, 0x00, 0x28, 0x28, 0x75, 0x00, 0x28, 0x28, 0x63, 0x00, 0x62, 0x00, 0x74, 0x00
    .byte 0x74, 0x00, 0x81, 0x00
    .close

encounterdata 47
    .byte 0x00, 0x00, 0x00, 0x00, 0x00, 0x00, 0x00, 0x00, 0x00, 0x00, 0x00, 0x00, 0x00, 0x00, 0x00, 0x00
    .byte 0x00, 0x00, 0x00, 0x00, 0x00, 0x00, 0x00, 0x00, 0x00, 0x00, 0x00, 0x00, 0x00, 0x00, 0x00, 0x00
    .byte 0x00, 0x00, 0x00, 0x00, 0x00, 0x00, 0x00, 0x00, 0x00, 0x00, 0x00, 0x00, 0x00, 0x00, 0x00, 0x00
    .byte 0x00, 0x00, 0x00, 0x00, 0x00, 0x00, 0x00, 0x00, 0x00, 0x00, 0x00, 0x00, 0x00, 0x00, 0x00, 0x00
    .byte 0x00, 0x00, 0x00, 0x00, 0x00, 0x00, 0x00, 0x00, 0x00, 0x00, 0x00, 0x00, 0x00, 0x00, 0x00, 0x00
    .byte 0x00, 0x00, 0x00, 0x00, 0x00, 0x00, 0x00, 0x00, 0x00, 0x00, 0x00, 0x00, 0x00, 0x00, 0x00, 0x00
    .byte 0x00, 0x00, 0x00, 0x00, 0x00, 0x00, 0x00, 0x00, 0x00, 0x00, 0x00, 0x00, 0x00, 0x00, 0x00, 0x00
    .byte 0x00, 0x00, 0x00, 0x00, 0x00, 0x00, 0x00, 0x00, 0x00, 0x00, 0x00, 0x00, 0x00, 0x00, 0x00, 0x00
    .byte 0x00, 0x00, 0x00, 0x00, 0x00, 0x00, 0x00, 0x00, 0x00, 0x00, 0x00, 0x00, 0x00, 0x00, 0x00, 0x00
    .byte 0x00, 0x00, 0x00, 0x00, 0x00, 0x00, 0x00, 0x00, 0x00, 0x00, 0x00, 0x00, 0x00, 0x00, 0x00, 0x00
    .byte 0x00, 0x00, 0x00, 0x00, 0x00, 0x00, 0x00, 0x00, 0x00, 0x00, 0x00, 0x00, 0x00, 0x00, 0x00, 0x00
    .byte 0x00, 0x00, 0x00, 0x00, 0x00, 0x00, 0x00, 0x00, 0x00, 0x00, 0x00, 0x00, 0x00, 0x00, 0x00, 0x00
    .byte 0x00, 0x00, 0x00, 0x00
    .close

encounterdata 48
    .byte 0x05, 0x00, 0x00, 0x00, 0x00, 0x00, 0x00, 0x00, 0x17, 0x18, 0x17, 0x18, 0x19, 0x19, 0x17, 0x17
    .byte 0x18, 0x19, 0x18, 0x19, 0x62, 0x00, 0x29, 0x00, 0x62, 0x00, 0x29, 0x00, 0x62, 0x00, 0x62, 0x00
    .byte 0x56, 0x00, 0x56, 0x00, 0x2A, 0x00, 0x56, 0x00, 0x2A, 0x00, 0x56, 0x00, 0x62, 0x00, 0x29, 0x00
    .byte 0x62, 0x00, 0x29, 0x00, 0x62, 0x00, 0x62, 0x00, 0x56, 0x00, 0x56, 0x00, 0x2A, 0x00, 0x56, 0x00
    .byte 0x2A, 0x00, 0x56, 0x00, 0x62, 0x00, 0x29, 0x00, 0x62, 0x00, 0x29, 0x00, 0x62, 0x00, 0x62, 0x00
    .byte 0x56, 0x00, 0x56, 0x00, 0x2A, 0x00, 0x56, 0x00, 0x2A, 0x00, 0x56, 0x00, 0x67, 0x01, 0x28, 0x01
    .byte 0xB4, 0x01, 0xB1, 0x01, 0x00, 0x00, 0x00, 0x00, 0x00, 0x00, 0x00, 0x00, 0x00, 0x00, 0x00, 0x00
    .byte 0x00, 0x00, 0x00, 0x00, 0x00, 0x00, 0x00, 0x00, 0x00, 0x00, 0x00, 0x00, 0x00, 0x00, 0x00, 0x00
    .byte 0x00, 0x00, 0x00, 0x00, 0x00, 0x00, 0x00, 0x00, 0x00, 0x00, 0x00, 0x00, 0x00, 0x00, 0x00, 0x00
    .byte 0x00, 0x00, 0x00, 0x00, 0x00, 0x00, 0x00, 0x00, 0x00, 0x00, 0x00, 0x00, 0x00, 0x00, 0x00, 0x00
    .byte 0x00, 0x00, 0x00, 0x00, 0x00, 0x00, 0x00, 0x00, 0x00, 0x00, 0x00, 0x00, 0x00, 0x00, 0x00, 0x00
    .byte 0x00, 0x00, 0x00, 0x00, 0x00, 0x00, 0x00, 0x00, 0x00, 0x00, 0x00, 0x00, 0x62, 0x00, 0x00, 0x00
    .byte 0x00, 0x00, 0x00, 0x00
    .close

encounterdata 49
    .byte 0x00, 0x00, 0x00, 0x00, 0x00, 0x00, 0x00, 0x00, 0x00, 0x00, 0x00, 0x00, 0x00, 0x00, 0x00, 0x00
    .byte 0x00, 0x00, 0x00, 0x00, 0x00, 0x00, 0x00, 0x00, 0x00, 0x00, 0x00, 0x00, 0x00, 0x00, 0x00, 0x00
    .byte 0x00, 0x00, 0x00, 0x00, 0x00, 0x00, 0x00, 0x00, 0x00, 0x00, 0x00, 0x00, 0x00, 0x00, 0x00, 0x00
    .byte 0x00, 0x00, 0x00, 0x00, 0x00, 0x00, 0x00, 0x00, 0x00, 0x00, 0x00, 0x00, 0x00, 0x00, 0x00, 0x00
    .byte 0x00, 0x00, 0x00, 0x00, 0x00, 0x00, 0x00, 0x00, 0x00, 0x00, 0x00, 0x00, 0x00, 0x00, 0x00, 0x00
    .byte 0x00, 0x00, 0x00, 0x00, 0x00, 0x00, 0x00, 0x00, 0x00, 0x00, 0x00, 0x00, 0x00, 0x00, 0x00, 0x00
    .byte 0x00, 0x00, 0x00, 0x00, 0x00, 0x00, 0x00, 0x00, 0x00, 0x00, 0x00, 0x00, 0x00, 0x00, 0x00, 0x00
    .byte 0x00, 0x00, 0x00, 0x00, 0x00, 0x00, 0x00, 0x00, 0x00, 0x00, 0x00, 0x00, 0x00, 0x00, 0x00, 0x00
    .byte 0x00, 0x00, 0x00, 0x00, 0x00, 0x00, 0x00, 0x00, 0x00, 0x00, 0x00, 0x00, 0x00, 0x00, 0x00, 0x00
    .byte 0x00, 0x00, 0x00, 0x00, 0x00, 0x00, 0x00, 0x00, 0x00, 0x00, 0x00, 0x00, 0x00, 0x00, 0x00, 0x00
    .byte 0x00, 0x00, 0x00, 0x00, 0x00, 0x00, 0x00, 0x00, 0x00, 0x00, 0x00, 0x00, 0x00, 0x00, 0x00, 0x00
    .byte 0x00, 0x00, 0x00, 0x00, 0x00, 0x00, 0x00, 0x00, 0x00, 0x00, 0x00, 0x00, 0x00, 0x00, 0x00, 0x00
    .byte 0x00, 0x00, 0x00, 0x00
    .close

encounterdata 50
    .byte 0x00, 0x00, 0x00, 0x00, 0x00, 0x00, 0x00, 0x00, 0x00, 0x00, 0x00, 0x00, 0x00, 0x00, 0x00, 0x00
    .byte 0x00, 0x00, 0x00, 0x00, 0x00, 0x00, 0x00, 0x00, 0x00, 0x00, 0x00, 0x00, 0x00, 0x00, 0x00, 0x00
    .byte 0x00, 0x00, 0x00, 0x00, 0x00, 0x00, 0x00, 0x00, 0x00, 0x00, 0x00, 0x00, 0x00, 0x00, 0x00, 0x00
    .byte 0x00, 0x00, 0x00, 0x00, 0x00, 0x00, 0x00, 0x00, 0x00, 0x00, 0x00, 0x00, 0x00, 0x00, 0x00, 0x00
    .byte 0x00, 0x00, 0x00, 0x00, 0x00, 0x00, 0x00, 0x00, 0x00, 0x00, 0x00, 0x00, 0x00, 0x00, 0x00, 0x00
    .byte 0x00, 0x00, 0x00, 0x00, 0x00, 0x00, 0x00, 0x00, 0x00, 0x00, 0x00, 0x00, 0x00, 0x00, 0x00, 0x00
    .byte 0x00, 0x00, 0x00, 0x00, 0x00, 0x00, 0x00, 0x00, 0x00, 0x00, 0x00, 0x00, 0x00, 0x00, 0x00, 0x00
    .byte 0x00, 0x00, 0x00, 0x00, 0x00, 0x00, 0x00, 0x00, 0x00, 0x00, 0x00, 0x00, 0x00, 0x00, 0x00, 0x00
    .byte 0x00, 0x00, 0x00, 0x00, 0x00, 0x00, 0x00, 0x00, 0x00, 0x00, 0x00, 0x00, 0x00, 0x00, 0x00, 0x00
    .byte 0x00, 0x00, 0x00, 0x00, 0x00, 0x00, 0x00, 0x00, 0x00, 0x00, 0x00, 0x00, 0x00, 0x00, 0x00, 0x00
    .byte 0x00, 0x00, 0x00, 0x00, 0x00, 0x00, 0x00, 0x00, 0x00, 0x00, 0x00, 0x00, 0x00, 0x00, 0x00, 0x00
    .byte 0x00, 0x00, 0x00, 0x00, 0x00, 0x00, 0x00, 0x00, 0x00, 0x00, 0x00, 0x00, 0x00, 0x00, 0x00, 0x00
    .byte 0x00, 0x00, 0x00, 0x00
    .close

encounterdata 51
    .byte 0x00, 0x0F, 0x1E, 0x19, 0x32, 0x4B, 0x00, 0x00, 0x00, 0x00, 0x00, 0x00, 0x00, 0x00, 0x00, 0x00
    .byte 0x00, 0x00, 0x00, 0x00, 0x00, 0x00, 0x00, 0x00, 0x00, 0x00, 0x00, 0x00, 0x00, 0x00, 0x00, 0x00
    .byte 0x00, 0x00, 0x00, 0x00, 0x00, 0x00, 0x00, 0x00, 0x00, 0x00, 0x00, 0x00, 0x00, 0x00, 0x00, 0x00
    .byte 0x00, 0x00, 0x00, 0x00, 0x00, 0x00, 0x00, 0x00, 0x00, 0x00, 0x00, 0x00, 0x00, 0x00, 0x00, 0x00
    .byte 0x00, 0x00, 0x00, 0x00, 0x00, 0x00, 0x00, 0x00, 0x00, 0x00, 0x00, 0x00, 0x00, 0x00, 0x00, 0x00
    .byte 0x00, 0x00, 0x00, 0x00, 0x00, 0x00, 0x00, 0x00, 0x00, 0x00, 0x00, 0x00, 0x00, 0x00, 0x00, 0x00
    .byte 0x00, 0x00, 0x00, 0x00, 0x0F, 0x19, 0x1D, 0x03, 0x0A, 0x14, 0x02, 0x04, 0x0F, 0x19, 0x72, 0x01
    .byte 0x0F, 0x19, 0x84, 0x02, 0x0F, 0x19, 0xB8, 0x03, 0x0F, 0x18, 0x62, 0x00, 0x17, 0x1C, 0xD5, 0x00
    .byte 0x0A, 0x0A, 0x81, 0x00, 0x0A, 0x0A, 0x81, 0x00, 0x0A, 0x0A, 0x81, 0x00, 0x0A, 0x0A, 0x62, 0x00
    .byte 0x0A, 0x0A, 0x62, 0x00, 0x14, 0x14, 0x81, 0x00, 0x14, 0x14, 0x62, 0x00, 0x14, 0x14, 0x62, 0x00
    .byte 0x14, 0x14, 0xDE, 0x00, 0x14, 0x14, 0x62, 0x00, 0x28, 0x28, 0x62, 0x00, 0x28, 0x28, 0xDE, 0x00
    .byte 0x28, 0x28, 0x62, 0x00, 0x28, 0x28, 0x63, 0x00, 0x28, 0x28, 0x62, 0x00, 0x00, 0x00, 0x48, 0x00
    .byte 0x78, 0x00, 0x81, 0x00
    .close

encounterdata 52
    .byte 0x19, 0x0A, 0x00, 0x19, 0x32, 0x4B, 0x00, 0x00, 0x0F, 0x0D, 0x0F, 0x0D, 0x0E, 0x0E, 0x10, 0x10
    .byte 0x0F, 0x11, 0x0F, 0x11, 0xB9, 0x01, 0xC7, 0x01, 0x35, 0x01, 0x7D, 0x03, 0xF7, 0x03, 0xE1, 0x00
    .byte 0x54, 0x00, 0xEB, 0x00, 0x84, 0x00, 0x84, 0x00, 0x84, 0x00, 0x84, 0x00, 0xB9, 0x01, 0xC7, 0x01
    .byte 0x35, 0x01, 0x7D, 0x03, 0xF7, 0x03, 0xE1, 0x00, 0x54, 0x00, 0xEB, 0x00, 0x84, 0x00, 0x84, 0x00
    .byte 0x84, 0x00, 0x84, 0x00, 0xEF, 0x02, 0x3B, 0x03, 0x3F, 0x03, 0x6C, 0x00, 0xF7, 0x03, 0xE1, 0x00
    .byte 0x54, 0x00, 0xEB, 0x00, 0x84, 0x00, 0x84, 0x00, 0x84, 0x00, 0x84, 0x00, 0x25, 0x01, 0x08, 0x01
    .byte 0xA2, 0x01, 0x8F, 0x01, 0x0F, 0x19, 0x76, 0x00, 0x0A, 0x14, 0x76, 0x00, 0x0F, 0x19, 0x77, 0x00
    .byte 0x0F, 0x19, 0x77, 0x00, 0x0F, 0x19, 0x77, 0x00, 0x00, 0x00, 0x00, 0x00, 0x00, 0x00, 0x00, 0x00
    .byte 0x0A, 0x0A, 0x81, 0x00, 0x0A, 0x0A, 0x81, 0x00, 0x0A, 0x0A, 0x81, 0x00, 0x0A, 0x0A, 0x76, 0x00
    .byte 0x0A, 0x0A, 0x76, 0x00, 0x14, 0x14, 0x81, 0x00, 0x14, 0x14, 0x76, 0x00, 0x14, 0x14, 0x76, 0x00
    .byte 0x14, 0x14, 0x76, 0x00, 0x14, 0x14, 0x76, 0x00, 0x28, 0x28, 0x76, 0x00, 0x28, 0x28, 0x76, 0x00
    .byte 0x28, 0x28, 0x81, 0x00, 0x28, 0x28, 0x77, 0x00, 0x28, 0x28, 0x81, 0x00, 0x38, 0x00, 0x76, 0x00
    .byte 0x76, 0x00, 0x81, 0x00
    .close

encounterdata 53
    .byte 0x0A, 0x0A, 0x00, 0x19, 0x32, 0x4B, 0x00, 0x00, 0x0D, 0x0F, 0x0D, 0x0F, 0x0E, 0x0E, 0x0E, 0x0E
    .byte 0x0E, 0x10, 0x0E, 0x0F, 0x2B, 0x01, 0x2E, 0x01, 0x2F, 0x01, 0x30, 0x01, 0x5E, 0x02, 0xD7, 0x00
    .byte 0x6D, 0x00, 0x58, 0x00, 0x58, 0x00, 0x47, 0x01, 0x6D, 0x00, 0x6D, 0x00, 0x2B, 0x01, 0x2E, 0x01
    .byte 0x2F, 0x01, 0x30, 0x01, 0x5E, 0x02, 0xD7, 0x00, 0x6D, 0x00, 0x58, 0x00, 0x58, 0x00, 0x47, 0x01
    .byte 0x6D, 0x00, 0x6D, 0x00, 0x88, 0x03, 0x9E, 0x03, 0xA6, 0x03, 0xBA, 0x01, 0xDF, 0x01, 0xD7, 0x08
    .byte 0x6D, 0x00, 0x58, 0x08, 0x58, 0x08, 0x47, 0x01, 0x6D, 0x00, 0x6D, 0x00, 0x67, 0x01, 0x28, 0x01
    .byte 0xB4, 0x01, 0xB1, 0x01, 0x0F, 0x19, 0x76, 0x00, 0x0A, 0x14, 0x76, 0x00, 0x0F, 0x19, 0x77, 0x00
    .byte 0x0F, 0x19, 0x77, 0x00, 0x0F, 0x19, 0x77, 0x00, 0x00, 0x00, 0x00, 0x00, 0x00, 0x00, 0x00, 0x00
    .byte 0x0A, 0x0A, 0x81, 0x00, 0x0A, 0x0A, 0x81, 0x00, 0x0A, 0x0A, 0x81, 0x00, 0x0A, 0x0A, 0x76, 0x00
    .byte 0x0A, 0x0A, 0x76, 0x00, 0x14, 0x14, 0x81, 0x00, 0x14, 0x14, 0x76, 0x00, 0x14, 0x14, 0x76, 0x00
    .byte 0x14, 0x14, 0x76, 0x00, 0x14, 0x14, 0x76, 0x00, 0x28, 0x28, 0x76, 0x00, 0x28, 0x28, 0x76, 0x00
    .byte 0x28, 0x28, 0x81, 0x00, 0x28, 0x28, 0x77, 0x00, 0x28, 0x28, 0x81, 0x00, 0xB7, 0x00, 0x76, 0x00
    .byte 0x76, 0x00, 0x81, 0x00
    .close

encounterdata 54
    .byte 0x0A, 0x00, 0x00, 0x00, 0x00, 0x00, 0x00, 0x00, 0x0D, 0x0D, 0x0D, 0x0D, 0x0F, 0x0F, 0x0E, 0x0E
    .byte 0x0F, 0x0E, 0x0F, 0x0E, 0xD5, 0x03, 0x42, 0x00, 0x4A, 0x00, 0x42, 0x00, 0x4A, 0x00, 0x4A, 0x00
    .byte 0x13, 0x00, 0x13, 0x00, 0x42, 0x00, 0x29, 0x00, 0x42, 0x00, 0x29, 0x00, 0xD5, 0x03, 0x42, 0x00
    .byte 0x4A, 0x00, 0x42, 0x00, 0x4A, 0x00, 0x4A, 0x00, 0x13, 0x00, 0x13, 0x00, 0x42, 0x00, 0x29, 0x00
    .byte 0x42, 0x00, 0x29, 0x00, 0xD5, 0x03, 0x42, 0x00, 0x4A, 0x00, 0x42, 0x00, 0x4A, 0x00, 0x4A, 0x00
    .byte 0x13, 0x00, 0x13, 0x00, 0x42, 0x00, 0x29, 0x00, 0x42, 0x00, 0x29, 0x00, 0x67, 0x01, 0x28, 0x01
    .byte 0xB4, 0x01, 0xB1, 0x01, 0x00, 0x00, 0x00, 0x00, 0x00, 0x00, 0x00, 0x00, 0x00, 0x00, 0x00, 0x00
    .byte 0x00, 0x00, 0x00, 0x00, 0x00, 0x00, 0x00, 0x00, 0x00, 0x00, 0x00, 0x00, 0x00, 0x00, 0x00, 0x00
    .byte 0x00, 0x00, 0x00, 0x00, 0x00, 0x00, 0x00, 0x00, 0x00, 0x00, 0x00, 0x00, 0x00, 0x00, 0x00, 0x00
    .byte 0x00, 0x00, 0x00, 0x00, 0x00, 0x00, 0x00, 0x00, 0x00, 0x00, 0x00, 0x00, 0x00, 0x00, 0x00, 0x00
    .byte 0x00, 0x00, 0x00, 0x00, 0x00, 0x00, 0x00, 0x00, 0x00, 0x00, 0x00, 0x00, 0x00, 0x00, 0x00, 0x00
    .byte 0x00, 0x00, 0x00, 0x00, 0x00, 0x00, 0x00, 0x00, 0x00, 0x00, 0x00, 0x00, 0x4A, 0x00, 0x00, 0x00
    .byte 0x00, 0x00, 0x00, 0x00
    .close

encounterdata 55
    .byte 0x0A, 0x0A, 0x00, 0x19, 0x32, 0x4B, 0x00, 0x00, 0x1F, 0x20, 0x1F, 0x20, 0x1F, 0x1F, 0x1E, 0x1E
    .byte 0x1C, 0x1E, 0x1C, 0x1E, 0x4B, 0x00, 0x43, 0x00, 0x4B, 0x00, 0x43, 0x00, 0x9D, 0x03, 0x1B, 0x04
    .byte 0x14, 0x00, 0x14, 0x00, 0x42, 0x00, 0xA2, 0x03, 0x42, 0x00, 0x48, 0x03, 0x4B, 0x00, 0x43, 0x00
    .byte 0x4B, 0x00, 0x43, 0x00, 0x9D, 0x03, 0x1B, 0x04, 0x14, 0x00, 0x14, 0x00, 0x42, 0x00, 0xA2, 0x03
    .byte 0x42, 0x00, 0x48, 0x03, 0x4B, 0x00, 0x43, 0x00, 0x4B, 0x00, 0x43, 0x00, 0x9D, 0x03, 0x1B, 0x04
    .byte 0x14, 0x00, 0x14, 0x00, 0x42, 0x00, 0xA2, 0x03, 0x42, 0x00, 0x48, 0x03, 0x67, 0x01, 0x28, 0x01
    .byte 0xB4, 0x01, 0xB1, 0x01, 0x0F, 0x19, 0x76, 0x00, 0x14, 0x1E, 0x76, 0x00, 0x14, 0x1E, 0x77, 0x00
    .byte 0x14, 0x1E, 0x77, 0x00, 0x14, 0x1E, 0x77, 0x00, 0x00, 0x00, 0x00, 0x00, 0x00, 0x00, 0x00, 0x00
    .byte 0x0A, 0x0A, 0x81, 0x00, 0x0A, 0x0A, 0x81, 0x00, 0x0A, 0x0A, 0x81, 0x00, 0x0A, 0x0A, 0x76, 0x00
    .byte 0x0A, 0x0A, 0x76, 0x00, 0x14, 0x14, 0x81, 0x00, 0x14, 0x14, 0x76, 0x00, 0x14, 0x14, 0x76, 0x00
    .byte 0x14, 0x14, 0x76, 0x00, 0x14, 0x14, 0x76, 0x00, 0x28, 0x28, 0x76, 0x00, 0x28, 0x28, 0x76, 0x00
    .byte 0x28, 0x28, 0x81, 0x00, 0x28, 0x28, 0x77, 0x00, 0x28, 0x28, 0x81, 0x00, 0x4B, 0x00, 0x76, 0x00
    .byte 0x76, 0x00, 0x81, 0x00
    .close

encounterdata 56
    .byte 0x0A, 0x0A, 0x00, 0x19, 0x32, 0x4B, 0x00, 0x00, 0x0F, 0x11, 0x0F, 0x11, 0x10, 0x10, 0x10, 0x10
    .byte 0x10, 0x10, 0x10, 0x10, 0x29, 0x00, 0x29, 0x00, 0x29, 0x00, 0x29, 0x00, 0x13, 0x00, 0x13, 0x00
    .byte 0x42, 0x00, 0x42, 0x00, 0x4A, 0x00, 0x14, 0x00, 0x4A, 0x00, 0x14, 0x00, 0x29, 0x00, 0x29, 0x00
    .byte 0x29, 0x00, 0x29, 0x00, 0x13, 0x00, 0x13, 0x00, 0x42, 0x00, 0x42, 0x00, 0x4A, 0x00, 0x14, 0x00
    .byte 0x4A, 0x00, 0x14, 0x00, 0x29, 0x00, 0x29, 0x00, 0x29, 0x00, 0x29, 0x00, 0x13, 0x00, 0x13, 0x00
    .byte 0x42, 0x00, 0x42, 0x00, 0x4A, 0x00, 0x14, 0x00, 0x4A, 0x00, 0x14, 0x00, 0x67, 0x01, 0x28, 0x01
    .byte 0xB4, 0x01, 0xB1, 0x01, 0x0F, 0x19, 0x76, 0x00, 0x0A, 0x14, 0x76, 0x00, 0x0F, 0x19, 0x77, 0x00
    .byte 0x0F, 0x19, 0x77, 0x00, 0x0F, 0x19, 0x77, 0x00, 0x00, 0x00, 0x00, 0x00, 0x00, 0x00, 0x00, 0x00
    .byte 0x0A, 0x0A, 0x81, 0x00, 0x0A, 0x0A, 0x81, 0x00, 0x0A, 0x0A, 0x81, 0x00, 0x0A, 0x0A, 0x76, 0x00
    .byte 0x0A, 0x0A, 0x76, 0x00, 0x14, 0x14, 0x81, 0x00, 0x14, 0x14, 0x76, 0x00, 0x14, 0x14, 0x76, 0x00
    .byte 0x14, 0x14, 0x76, 0x00, 0x14, 0x14, 0x76, 0x00, 0x28, 0x28, 0x76, 0x00, 0x28, 0x28, 0x76, 0x00
    .byte 0x28, 0x28, 0x81, 0x00, 0x28, 0x28, 0x77, 0x00, 0x28, 0x28, 0x81, 0x00, 0x29, 0x00, 0x76, 0x00
    .byte 0x76, 0x00, 0x81, 0x00
    .close

encounterdata 57
    .byte 0x14, 0x0A, 0x00, 0x19, 0x32, 0x4B, 0x00, 0x00, 0x0F, 0x0F, 0x0F, 0x0F, 0x11, 0x11, 0x0F, 0x0F
    .byte 0x10, 0x11, 0x10, 0x11, 0xC1, 0x00, 0xCB, 0x00, 0xF5, 0x02, 0x5F, 0x01, 0xC1, 0x00, 0xCB, 0x00
    .byte 0xC1, 0x00, 0xCB, 0x00, 0xC1, 0x00, 0xCB, 0x00, 0xC1, 0x00, 0xF5, 0x02, 0xC1, 0x00, 0xCB, 0x00
    .byte 0xF5, 0x02, 0x5F, 0x01, 0xC1, 0x00, 0xCB, 0x00, 0xC1, 0x00, 0xCB, 0x00, 0xC1, 0x00, 0xCB, 0x00
    .byte 0xC1, 0x00, 0xF5, 0x02, 0xC1, 0x00, 0xCB, 0x00, 0xF5, 0x02, 0x5F, 0x01, 0xC1, 0x00, 0xCB, 0x00
    .byte 0xC1, 0x00, 0xCB, 0x00, 0xC1, 0x00, 0xCB, 0x00, 0xC1, 0x00, 0xF5, 0x02, 0x25, 0x01, 0x08, 0x01
    .byte 0xA2, 0x01, 0x8F, 0x01, 0x0F, 0x19, 0x81, 0x00, 0x0A, 0x14, 0x81, 0x00, 0x05, 0x0F, 0x81, 0x00
    .byte 0x05, 0x0F, 0x81, 0x00, 0x32, 0x32, 0x81, 0x00, 0x00, 0x00, 0x00, 0x00, 0x00, 0x00, 0x00, 0x00
    .byte 0x0A, 0x0A, 0x81, 0x00, 0x0A, 0x0A, 0x81, 0x00, 0x0A, 0x0A, 0x81, 0x00, 0x0A, 0x0A, 0x3C, 0x00
    .byte 0x0A, 0x0A, 0x3C, 0x00, 0x14, 0x14, 0x81, 0x00, 0x14, 0x14, 0x3C, 0x00, 0x14, 0x14, 0x3C, 0x00
    .byte 0x14, 0x14, 0x3C, 0x00, 0x14, 0x14, 0x3C, 0x00, 0x28, 0x28, 0x3C, 0x00, 0x28, 0x28, 0x3C, 0x00
    .byte 0x28, 0x28, 0x81, 0x00, 0x28, 0x28, 0x3C, 0x00, 0x28, 0x28, 0x81, 0x00, 0xB4, 0x00, 0x81, 0x00
    .byte 0x3C, 0x00, 0x81, 0x00
    .close

encounterdata 58
    .byte 0x00, 0x0A, 0x00, 0x19, 0x32, 0x4B, 0x00, 0x00, 0x00, 0x00, 0x00, 0x00, 0x00, 0x00, 0x00, 0x00
    .byte 0x00, 0x00, 0x00, 0x00, 0x00, 0x00, 0x00, 0x00, 0x00, 0x00, 0x00, 0x00, 0x00, 0x00, 0x00, 0x00
    .byte 0x00, 0x00, 0x00, 0x00, 0x00, 0x00, 0x00, 0x00, 0x00, 0x00, 0x00, 0x00, 0x00, 0x00, 0x00, 0x00
    .byte 0x00, 0x00, 0x00, 0x00, 0x00, 0x00, 0x00, 0x00, 0x00, 0x00, 0x00, 0x00, 0x00, 0x00, 0x00, 0x00
    .byte 0x00, 0x00, 0x00, 0x00, 0x00, 0x00, 0x00, 0x00, 0x00, 0x00, 0x00, 0x00, 0x00, 0x00, 0x00, 0x00
    .byte 0x00, 0x00, 0x00, 0x00, 0x00, 0x00, 0x00, 0x00, 0x00, 0x00, 0x00, 0x00, 0x00, 0x00, 0x00, 0x00
    .byte 0x00, 0x00, 0x00, 0x00, 0x0A, 0x14, 0x81, 0x00, 0x05, 0x0F, 0x81, 0x00, 0x0A, 0x14, 0x82, 0x00
    .byte 0x0A, 0x14, 0x82, 0x00, 0x0A, 0x14, 0x82, 0x00, 0x00, 0x00, 0x00, 0x00, 0x00, 0x00, 0x00, 0x00
    .byte 0x0A, 0x0A, 0x81, 0x00, 0x0A, 0x0A, 0x81, 0x00, 0x0A, 0x0A, 0x81, 0x00, 0x0A, 0x0A, 0x81, 0x00
    .byte 0x0A, 0x0A, 0x81, 0x00, 0x14, 0x14, 0x81, 0x00, 0x14, 0x14, 0x81, 0x00, 0x14, 0x14, 0x81, 0x00
    .byte 0x14, 0x14, 0x82, 0x00, 0x14, 0x14, 0x81, 0x00, 0x28, 0x28, 0x81, 0x00, 0x28, 0x28, 0x82, 0x00
    .byte 0x28, 0x28, 0x81, 0x00, 0x28, 0x28, 0x81, 0x00, 0x28, 0x28, 0x81, 0x00, 0x00, 0x00, 0x81, 0x00
    .byte 0x82, 0x00, 0x81, 0x00
    .close

encounterdata 59
    .byte 0x19, 0x0A, 0x00, 0x19, 0x32, 0x4B, 0x00, 0x00, 0x17, 0x16, 0x17, 0x16, 0x16, 0x16, 0x18, 0x18
    .byte 0x18, 0x1A, 0x18, 0x1A, 0x72, 0x00, 0x46, 0x00, 0x72, 0x00, 0x46, 0x00, 0x45, 0x00, 0x45, 0x00
    .byte 0x6C, 0x00, 0x6C, 0x00, 0x46, 0x00, 0x6C, 0x00, 0x46, 0x00, 0x6C, 0x00, 0x72, 0x00, 0x46, 0x00
    .byte 0x72, 0x00, 0x46, 0x00, 0x45, 0x00, 0x45, 0x00, 0x6C, 0x00, 0x6C, 0x00, 0x46, 0x00, 0x6C, 0x00
    .byte 0x46, 0x00, 0x6C, 0x00, 0x72, 0x00, 0x46, 0x00, 0x72, 0x00, 0x46, 0x00, 0x45, 0x00, 0x45, 0x00
    .byte 0x6C, 0x00, 0x6C, 0x00, 0x46, 0x00, 0x6C, 0x00, 0x46, 0x00, 0x6C, 0x00, 0x25, 0x01, 0x08, 0x01
    .byte 0xA2, 0x01, 0x8F, 0x01, 0x14, 0x1E, 0x3C, 0x00, 0x0F, 0x19, 0x3C, 0x00, 0x14, 0x1E, 0x3D, 0x00
    .byte 0x14, 0x1E, 0x3D, 0x00, 0x14, 0x1E, 0x3D, 0x00, 0x00, 0x00, 0x00, 0x00, 0x00, 0x00, 0x00, 0x00
    .byte 0x0A, 0x0A, 0x81, 0x00, 0x0A, 0x0A, 0x81, 0x00, 0x0A, 0x0A, 0x81, 0x00, 0x0A, 0x0A, 0x3C, 0x00
    .byte 0x0A, 0x0A, 0x3C, 0x00, 0x14, 0x14, 0x81, 0x00, 0x14, 0x14, 0x3C, 0x00, 0x14, 0x14, 0x3C, 0x00
    .byte 0x14, 0x14, 0x3C, 0x00, 0x14, 0x14, 0xDF, 0x00, 0x28, 0x28, 0x3C, 0x00, 0x28, 0x28, 0x3C, 0x00
    .byte 0x28, 0x28, 0x81, 0x00, 0x28, 0x28, 0xDF, 0x00, 0x28, 0x28, 0x81, 0x00, 0x72, 0x00, 0x3C, 0x00
    .byte 0x3C, 0x00, 0xDF, 0x00
    .close

encounterdata 60
    .byte 0x05, 0x00, 0x00, 0x00, 0x00, 0x00, 0x00, 0x00, 0x15, 0x16, 0x15, 0x16, 0x16, 0x16, 0x17, 0x17
    .byte 0x16, 0x16, 0x16, 0x16, 0x69, 0x01, 0x6B, 0x01, 0x97, 0x02, 0xDC, 0x00, 0xCB, 0x01, 0x9A, 0x03
    .byte 0x5C, 0x0A, 0xEE, 0x00, 0xEE, 0x00, 0x7C, 0x00, 0x99, 0x02, 0x99, 0x02, 0x69, 0x01, 0x6B, 0x01
    .byte 0x97, 0x02, 0xDC, 0x00, 0xCB, 0x01, 0x9A, 0x03, 0x5C, 0x0A, 0xEE, 0x00, 0xEE, 0x00, 0x7C, 0x00
    .byte 0x99, 0x02, 0x99, 0x02, 0x69, 0x01, 0x6B, 0x01, 0x97, 0x02, 0xDC, 0x00, 0xCB, 0x01, 0x9A, 0x03
    .byte 0x5C, 0x0A, 0xEE, 0x00, 0xEE, 0x00, 0x7C, 0x00, 0x99, 0x02, 0x99, 0x02, 0x67, 0x01, 0x28, 0x01
    .byte 0xB4, 0x01, 0xB1, 0x01, 0x00, 0x00, 0x00, 0x00, 0x00, 0x00, 0x00, 0x00, 0x00, 0x00, 0x00, 0x00
    .byte 0x00, 0x00, 0x00, 0x00, 0x00, 0x00, 0x00, 0x00, 0x00, 0x00, 0x00, 0x00, 0x00, 0x00, 0x00, 0x00
    .byte 0x00, 0x00, 0x00, 0x00, 0x00, 0x00, 0x00, 0x00, 0x00, 0x00, 0x00, 0x00, 0x00, 0x00, 0x00, 0x00
    .byte 0x00, 0x00, 0x00, 0x00, 0x00, 0x00, 0x00, 0x00, 0x00, 0x00, 0x00, 0x00, 0x00, 0x00, 0x00, 0x00
    .byte 0x00, 0x00, 0x00, 0x00, 0x00, 0x00, 0x00, 0x00, 0x00, 0x00, 0x00, 0x00, 0x00, 0x00, 0x00, 0x00
    .byte 0x00, 0x00, 0x00, 0x00, 0x00, 0x00, 0x00, 0x00, 0x00, 0x00, 0x00, 0x00, 0xDC, 0x00, 0x00, 0x00
    .byte 0x00, 0x00, 0x00, 0x00
    .close

encounterdata 61
    .byte 0x05, 0x00, 0x00, 0x00, 0x00, 0x00, 0x00, 0x00, 0x15, 0x16, 0x15, 0x16, 0x16, 0x16, 0x17, 0x17
    .byte 0x16, 0x16, 0x16, 0x16, 0xDC, 0x00, 0x2A, 0x00, 0xDC, 0x00, 0x2A, 0x00, 0x29, 0x00, 0x29, 0x00
    .byte 0xDC, 0x00, 0xDC, 0x00, 0x29, 0x00, 0x7C, 0x00, 0x29, 0x00, 0x7C, 0x00, 0xDC, 0x00, 0x2A, 0x00
    .byte 0xDC, 0x00, 0x2A, 0x00, 0x29, 0x00, 0x29, 0x00, 0xDC, 0x00, 0xDC, 0x00, 0x7C, 0x00, 0x7C, 0x00
    .byte 0x7C, 0x00, 0x7C, 0x00, 0xDC, 0x00, 0x2A, 0x00, 0xDC, 0x00, 0x2A, 0x00, 0x29, 0x00, 0x29, 0x00
    .byte 0xDC, 0x00, 0xDC, 0x00, 0x29, 0x00, 0x7C, 0x00, 0x29, 0x00, 0x7C, 0x00, 0x67, 0x01, 0x28, 0x01
    .byte 0xB4, 0x01, 0xB1, 0x01, 0x00, 0x00, 0x00, 0x00, 0x00, 0x00, 0x00, 0x00, 0x00, 0x00, 0x00, 0x00
    .byte 0x00, 0x00, 0x00, 0x00, 0x00, 0x00, 0x00, 0x00, 0x00, 0x00, 0x00, 0x00, 0x00, 0x00, 0x00, 0x00
    .byte 0x00, 0x00, 0x00, 0x00, 0x00, 0x00, 0x00, 0x00, 0x00, 0x00, 0x00, 0x00, 0x00, 0x00, 0x00, 0x00
    .byte 0x00, 0x00, 0x00, 0x00, 0x00, 0x00, 0x00, 0x00, 0x00, 0x00, 0x00, 0x00, 0x00, 0x00, 0x00, 0x00
    .byte 0x00, 0x00, 0x00, 0x00, 0x00, 0x00, 0x00, 0x00, 0x00, 0x00, 0x00, 0x00, 0x00, 0x00, 0x00, 0x00
    .byte 0x00, 0x00, 0x00, 0x00, 0x00, 0x00, 0x00, 0x00, 0x00, 0x00, 0x00, 0x00, 0xDC, 0x00, 0x00, 0x00
    .byte 0x00, 0x00, 0x00, 0x00
    .close

encounterdata 62
    .byte 0x05, 0x00, 0x00, 0x00, 0x00, 0x00, 0x00, 0x00, 0x16, 0x17, 0x16, 0x17, 0x17, 0x17, 0x18, 0x18
    .byte 0x17, 0x17, 0x17, 0x17, 0xDC, 0x00, 0x2A, 0x00, 0xDC, 0x00, 0x2A, 0x00, 0x29, 0x00, 0x29, 0x00
    .byte 0xDC, 0x00, 0xDC, 0x00, 0x29, 0x00, 0x7C, 0x00, 0x29, 0x00, 0x7C, 0x00, 0xDC, 0x00, 0x2A, 0x00
    .byte 0xDC, 0x00, 0x2A, 0x00, 0x29, 0x00, 0x29, 0x00, 0xDC, 0x00, 0xDC, 0x00, 0x7C, 0x00, 0x7C, 0x00
    .byte 0x7C, 0x00, 0x7C, 0x00, 0xDC, 0x00, 0x2A, 0x00, 0xDC, 0x00, 0x2A, 0x00, 0x29, 0x00, 0x29, 0x00
    .byte 0xDC, 0x00, 0xDC, 0x00, 0x29, 0x00, 0x7C, 0x00, 0x29, 0x00, 0x7C, 0x00, 0x67, 0x01, 0x28, 0x01
    .byte 0xB4, 0x01, 0xB1, 0x01, 0x00, 0x00, 0x00, 0x00, 0x00, 0x00, 0x00, 0x00, 0x00, 0x00, 0x00, 0x00
    .byte 0x00, 0x00, 0x00, 0x00, 0x00, 0x00, 0x00, 0x00, 0x00, 0x00, 0x00, 0x00, 0x00, 0x00, 0x00, 0x00
    .byte 0x00, 0x00, 0x00, 0x00, 0x00, 0x00, 0x00, 0x00, 0x00, 0x00, 0x00, 0x00, 0x00, 0x00, 0x00, 0x00
    .byte 0x00, 0x00, 0x00, 0x00, 0x00, 0x00, 0x00, 0x00, 0x00, 0x00, 0x00, 0x00, 0x00, 0x00, 0x00, 0x00
    .byte 0x00, 0x00, 0x00, 0x00, 0x00, 0x00, 0x00, 0x00, 0x00, 0x00, 0x00, 0x00, 0x00, 0x00, 0x00, 0x00
    .byte 0x00, 0x00, 0x00, 0x00, 0x00, 0x00, 0x00, 0x00, 0x00, 0x00, 0x00, 0x00, 0xDC, 0x00, 0x00, 0x00
    .byte 0x00, 0x00, 0x00, 0x00
    .close

encounterdata 63
    .byte 0x05, 0x00, 0x00, 0x00, 0x00, 0x00, 0x00, 0x00, 0x16, 0x17, 0x16, 0x17, 0x17, 0x17, 0x18, 0x18
    .byte 0x17, 0x17, 0x17, 0x17, 0xDC, 0x00, 0xC6, 0x03, 0xDC, 0x00, 0x2A, 0x00, 0x29, 0x00, 0x29, 0x00
    .byte 0xDC, 0x00, 0xDC, 0x00, 0x29, 0x00, 0x7C, 0x00, 0x29, 0x00, 0x7C, 0x00, 0xDC, 0x00, 0xC6, 0x03
    .byte 0xDC, 0x00, 0x2A, 0x00, 0x29, 0x00, 0x29, 0x00, 0xDC, 0x00, 0xDC, 0x00, 0x7C, 0x00, 0x7C, 0x00
    .byte 0x7C, 0x00, 0x7C, 0x00, 0xDC, 0x00, 0xC6, 0x03, 0xDC, 0x00, 0x2A, 0x00, 0x29, 0x00, 0x29, 0x00
    .byte 0xDC, 0x00, 0xDC, 0x00, 0x29, 0x00, 0x7C, 0x00, 0x29, 0x00, 0x7C, 0x00, 0x67, 0x01, 0x28, 0x01
    .byte 0xB4, 0x01, 0xB1, 0x01, 0x00, 0x00, 0x00, 0x00, 0x00, 0x00, 0x00, 0x00, 0x00, 0x00, 0x00, 0x00
    .byte 0x00, 0x00, 0x00, 0x00, 0x00, 0x00, 0x00, 0x00, 0x00, 0x00, 0x00, 0x00, 0x00, 0x00, 0x00, 0x00
    .byte 0x00, 0x00, 0x00, 0x00, 0x00, 0x00, 0x00, 0x00, 0x00, 0x00, 0x00, 0x00, 0x00, 0x00, 0x00, 0x00
    .byte 0x00, 0x00, 0x00, 0x00, 0x00, 0x00, 0x00, 0x00, 0x00, 0x00, 0x00, 0x00, 0x00, 0x00, 0x00, 0x00
    .byte 0x00, 0x00, 0x00, 0x00, 0x00, 0x00, 0x00, 0x00, 0x00, 0x00, 0x00, 0x00, 0x00, 0x00, 0x00, 0x00
    .byte 0x00, 0x00, 0x00, 0x00, 0x00, 0x00, 0x00, 0x00, 0x00, 0x00, 0x00, 0x00, 0xDC, 0x00, 0x00, 0x00
    .byte 0x00, 0x00, 0x00, 0x00
    .close

encounterdata 64
    .byte 0x00, 0x00, 0x00, 0x00, 0x00, 0x00, 0x00, 0x00, 0x00, 0x00, 0x00, 0x00, 0x00, 0x00, 0x00, 0x00
    .byte 0x00, 0x00, 0x00, 0x00, 0x00, 0x00, 0x00, 0x00, 0x00, 0x00, 0x00, 0x00, 0x00, 0x00, 0x00, 0x00
    .byte 0x00, 0x00, 0x00, 0x00, 0x00, 0x00, 0x00, 0x00, 0x00, 0x00, 0x00, 0x00, 0x00, 0x00, 0x00, 0x00
    .byte 0x00, 0x00, 0x00, 0x00, 0x00, 0x00, 0x00, 0x00, 0x00, 0x00, 0x00, 0x00, 0x00, 0x00, 0x00, 0x00
    .byte 0x00, 0x00, 0x00, 0x00, 0x00, 0x00, 0x00, 0x00, 0x00, 0x00, 0x00, 0x00, 0x00, 0x00, 0x00, 0x00
    .byte 0x00, 0x00, 0x00, 0x00, 0x00, 0x00, 0x00, 0x00, 0x00, 0x00, 0x00, 0x00, 0x00, 0x00, 0x00, 0x00
    .byte 0x00, 0x00, 0x00, 0x00, 0x00, 0x00, 0x00, 0x00, 0x00, 0x00, 0x00, 0x00, 0x00, 0x00, 0x00, 0x00
    .byte 0x00, 0x00, 0x00, 0x00, 0x00, 0x00, 0x00, 0x00, 0x00, 0x00, 0x00, 0x00, 0x00, 0x00, 0x00, 0x00
    .byte 0x00, 0x00, 0x00, 0x00, 0x00, 0x00, 0x00, 0x00, 0x00, 0x00, 0x00, 0x00, 0x00, 0x00, 0x00, 0x00
    .byte 0x00, 0x00, 0x00, 0x00, 0x00, 0x00, 0x00, 0x00, 0x00, 0x00, 0x00, 0x00, 0x00, 0x00, 0x00, 0x00
    .byte 0x00, 0x00, 0x00, 0x00, 0x00, 0x00, 0x00, 0x00, 0x00, 0x00, 0x00, 0x00, 0x00, 0x00, 0x00, 0x00
    .byte 0x00, 0x00, 0x00, 0x00, 0x00, 0x00, 0x00, 0x00, 0x00, 0x00, 0x00, 0x00, 0x00, 0x00, 0x00, 0x00
    .byte 0x00, 0x00, 0x00, 0x00
    .close

encounterdata 65
    .byte 0x00, 0x0A, 0x00, 0x19, 0x32, 0x4B, 0x00, 0x00, 0x00, 0x00, 0x00, 0x00, 0x00, 0x00, 0x00, 0x00
    .byte 0x00, 0x00, 0x00, 0x00, 0x00, 0x00, 0x00, 0x00, 0x00, 0x00, 0x00, 0x00, 0x00, 0x00, 0x00, 0x00
    .byte 0x00, 0x00, 0x00, 0x00, 0x00, 0x00, 0x00, 0x00, 0x00, 0x00, 0x00, 0x00, 0x00, 0x00, 0x00, 0x00
    .byte 0x00, 0x00, 0x00, 0x00, 0x00, 0x00, 0x00, 0x00, 0x00, 0x00, 0x00, 0x00, 0x00, 0x00, 0x00, 0x00
    .byte 0x00, 0x00, 0x00, 0x00, 0x00, 0x00, 0x00, 0x00, 0x00, 0x00, 0x00, 0x00, 0x00, 0x00, 0x00, 0x00
    .byte 0x00, 0x00, 0x00, 0x00, 0x00, 0x00, 0x00, 0x00, 0x00, 0x00, 0x00, 0x00, 0x00, 0x00, 0x00, 0x00
    .byte 0x00, 0x00, 0x00, 0x00, 0x0A, 0x14, 0x81, 0x00, 0x05, 0x0F, 0x81, 0x00, 0x02, 0x0A, 0x81, 0x00
    .byte 0x02, 0x0A, 0x81, 0x00, 0x02, 0x0A, 0x81, 0x00, 0x00, 0x00, 0x00, 0x00, 0x00, 0x00, 0x00, 0x00
    .byte 0x0A, 0x0A, 0x81, 0x00, 0x0A, 0x0A, 0x81, 0x00, 0x0A, 0x0A, 0x81, 0x00, 0x0A, 0x0A, 0x3C, 0x00
    .byte 0x0A, 0x0A, 0x3C, 0x00, 0x14, 0x14, 0x81, 0x00, 0x14, 0x14, 0x3C, 0x00, 0x14, 0x14, 0x3C, 0x00
    .byte 0x14, 0x14, 0x3C, 0x00, 0x14, 0x14, 0x3C, 0x00, 0x28, 0x28, 0x3C, 0x00, 0x28, 0x28, 0x3C, 0x00
    .byte 0x28, 0x28, 0x81, 0x00, 0x28, 0x28, 0x3C, 0x00, 0x28, 0x28, 0x81, 0x00, 0x00, 0x00, 0x81, 0x00
    .byte 0x3C, 0x00, 0x81, 0x00
    .close

encounterdata 66
    .byte 0x00, 0x0A, 0x00, 0x19, 0x32, 0x4B, 0x00, 0x00, 0x00, 0x00, 0x00, 0x00, 0x00, 0x00, 0x00, 0x00
    .byte 0x00, 0x00, 0x00, 0x00, 0x00, 0x00, 0x00, 0x00, 0x00, 0x00, 0x00, 0x00, 0x00, 0x00, 0x00, 0x00
    .byte 0x00, 0x00, 0x00, 0x00, 0x00, 0x00, 0x00, 0x00, 0x00, 0x00, 0x00, 0x00, 0x00, 0x00, 0x00, 0x00
    .byte 0x00, 0x00, 0x00, 0x00, 0x00, 0x00, 0x00, 0x00, 0x00, 0x00, 0x00, 0x00, 0x00, 0x00, 0x00, 0x00
    .byte 0x00, 0x00, 0x00, 0x00, 0x00, 0x00, 0x00, 0x00, 0x00, 0x00, 0x00, 0x00, 0x00, 0x00, 0x00, 0x00
    .byte 0x00, 0x00, 0x00, 0x00, 0x00, 0x00, 0x00, 0x00, 0x00, 0x00, 0x00, 0x00, 0x00, 0x00, 0x00, 0x00
    .byte 0x00, 0x00, 0x00, 0x00, 0x0A, 0x14, 0x81, 0x00, 0x05, 0x0F, 0x81, 0x00, 0x05, 0x0F, 0x93, 0x00
    .byte 0x05, 0x0F, 0x93, 0x00, 0x05, 0x0F, 0x93, 0x00, 0x00, 0x00, 0x00, 0x00, 0x00, 0x00, 0x00, 0x00
    .byte 0x0A, 0x0A, 0x81, 0x00, 0x0A, 0x0A, 0x81, 0x00, 0x0A, 0x0A, 0x81, 0x00, 0x0A, 0x0A, 0x81, 0x00
    .byte 0x0A, 0x0A, 0x81, 0x00, 0x14, 0x14, 0x81, 0x00, 0x14, 0x14, 0x81, 0x00, 0x14, 0x14, 0x81, 0x00
    .byte 0x14, 0x14, 0x93, 0x00, 0x14, 0x14, 0x81, 0x00, 0x28, 0x28, 0x81, 0x00, 0x28, 0x28, 0x93, 0x00
    .byte 0x28, 0x28, 0x81, 0x00, 0x28, 0x28, 0x94, 0x00, 0x28, 0x28, 0x81, 0x00, 0x00, 0x00, 0x81, 0x00
    .byte 0x93, 0x00, 0x81, 0x00
    .close

encounterdata 67
    .byte 0x19, 0x0A, 0x00, 0x19, 0x32, 0x4B, 0x00, 0x00, 0x17, 0x17, 0x17, 0x17, 0x18, 0x18, 0x14, 0x14
    .byte 0x19, 0x1B, 0x19, 0x1B, 0x4A, 0x00, 0x4B, 0x00, 0x4A, 0x00, 0x4B, 0x00, 0xCF, 0x00, 0xCF, 0x00
    .byte 0xE7, 0x00, 0xE7, 0x00, 0x4B, 0x00, 0x4B, 0x00, 0x4B, 0x00, 0x4B, 0x00, 0x4A, 0x00, 0x4B, 0x00
    .byte 0x4A, 0x00, 0x4B, 0x00, 0xCF, 0x00, 0xCF, 0x00, 0xE7, 0x00, 0xE7, 0x00, 0x4B, 0x00, 0x4B, 0x00
    .byte 0x4B, 0x00, 0x4B, 0x00, 0x4A, 0x00, 0x4B, 0x00, 0x4A, 0x00, 0x4B, 0x00, 0xCF, 0x00, 0xCF, 0x00
    .byte 0xE7, 0x00, 0xE7, 0x00, 0x4B, 0x00, 0x4B, 0x00, 0x4B, 0x00, 0x4B, 0x00, 0x25, 0x01, 0x08, 0x01
    .byte 0xA2, 0x01, 0x8F, 0x01, 0x0F, 0x19, 0x81, 0x00, 0x0A, 0x14, 0x81, 0x00, 0x02, 0x0A, 0x81, 0x00
    .byte 0x02, 0x0A, 0x81, 0x00, 0x02, 0x0A, 0x81, 0x00, 0x00, 0x00, 0x00, 0x00, 0x00, 0x00, 0x00, 0x00
    .byte 0x0A, 0x0A, 0x81, 0x00, 0x0A, 0x0A, 0x81, 0x00, 0x0A, 0x0A, 0x81, 0x00, 0x0A, 0x0A, 0x3C, 0x00
    .byte 0x0A, 0x0A, 0x3C, 0x00, 0x14, 0x14, 0x81, 0x00, 0x14, 0x14, 0x3C, 0x00, 0x14, 0x14, 0x3C, 0x00
    .byte 0x14, 0x14, 0x3C, 0x00, 0x14, 0x14, 0x3C, 0x00, 0x28, 0x28, 0x3C, 0x00, 0x28, 0x28, 0x3C, 0x00
    .byte 0x28, 0x28, 0x81, 0x00, 0x28, 0x28, 0x3C, 0x00, 0x28, 0x28, 0x81, 0x00, 0x4D, 0x01, 0x81, 0x00
    .byte 0x3C, 0x00, 0x81, 0x00
    .close

encounterdata 68
    .byte 0x19, 0x00, 0x00, 0x00, 0x00, 0x00, 0x00, 0x00, 0x03, 0x02, 0x03, 0x02, 0x02, 0x02, 0x02, 0x02
    .byte 0x03, 0x04, 0x03, 0x04, 0xE8, 0x02, 0x14, 0x01, 0xBE, 0x00, 0x54, 0x02, 0x56, 0x02, 0x6E, 0x02
    .byte 0xA4, 0x01, 0x3C, 0x02, 0x1D, 0x00, 0x1D, 0x00, 0xA1, 0x01, 0xA1, 0x01, 0xE8, 0x02, 0x14, 0x01
    .byte 0xBE, 0x00, 0x54, 0x02, 0x56, 0x02, 0x6E, 0x02, 0xA4, 0x01, 0x3C, 0x02, 0x1D, 0x00, 0x1D, 0x00
    .byte 0xA1, 0x01, 0xA1, 0x01, 0x93, 0x01, 0xD9, 0x02, 0xE0, 0x03, 0x17, 0x00, 0x23, 0x03, 0x93, 0x01
    .byte 0xD9, 0x02, 0x17, 0x00, 0x20, 0x00, 0x20, 0x00, 0xE0, 0x03, 0xE0, 0x03, 0x37, 0x01, 0x38, 0x01
    .byte 0x93, 0x01, 0x93, 0x01, 0x00, 0x00, 0x00, 0x00, 0x00, 0x00, 0x00, 0x00, 0x00, 0x00, 0x00, 0x00
    .byte 0x00, 0x00, 0x00, 0x00, 0x00, 0x00, 0x00, 0x00, 0x00, 0x00, 0x00, 0x00, 0x00, 0x00, 0x00, 0x00
    .byte 0x00, 0x00, 0x00, 0x00, 0x00, 0x00, 0x00, 0x00, 0x00, 0x00, 0x00, 0x00, 0x00, 0x00, 0x00, 0x00
    .byte 0x00, 0x00, 0x00, 0x00, 0x00, 0x00, 0x00, 0x00, 0x00, 0x00, 0x00, 0x00, 0x00, 0x00, 0x00, 0x00
    .byte 0x00, 0x00, 0x00, 0x00, 0x00, 0x00, 0x00, 0x00, 0x00, 0x00, 0x00, 0x00, 0x00, 0x00, 0x00, 0x00
    .byte 0x00, 0x00, 0x00, 0x00, 0x00, 0x00, 0x00, 0x00, 0x00, 0x00, 0x00, 0x00, 0x4A, 0x00, 0x00, 0x00
    .byte 0x00, 0x00, 0x00, 0x00
    .close

encounterdata 69
    .byte 0x0A, 0x0A, 0x32, 0x19, 0x32, 0x4B, 0x00, 0x00, 0x03, 0x02, 0x03, 0x02, 0x02, 0x02, 0x04, 0x04
    .byte 0x03, 0x04, 0x03, 0x04, 0xE7, 0x00, 0x32, 0x00, 0x4A, 0x00, 0x3E, 0x02, 0x3E, 0x02, 0x4B, 0x01
    .byte 0x43, 0x02, 0x43, 0x02, 0x1B, 0x08, 0x1B, 0x08, 0xFC, 0x02, 0x34, 0x00, 0xE7, 0x00, 0x32, 0x00
    .byte 0x4A, 0x00, 0x3E, 0x02, 0x3E, 0x02, 0x4B, 0x01, 0x43, 0x02, 0x43, 0x02, 0x1B, 0x08, 0x1B, 0x08
    .byte 0xFC, 0x02, 0x34, 0x00, 0x77, 0x03, 0x32, 0x08, 0x4A, 0x08, 0xFB, 0x03, 0x48, 0x01, 0x48, 0x01
    .byte 0x29, 0x00, 0x25, 0x08, 0x25, 0x08, 0x29, 0x00, 0x34, 0x08, 0x34, 0x10, 0x67, 0x01, 0x28, 0x01
    .byte 0xB4, 0x01, 0xB1, 0x01, 0x0A, 0x14, 0x81, 0x00, 0x05, 0x0F, 0x81, 0x00, 0x02, 0x0A, 0x81, 0x00
    .byte 0x02, 0x0A, 0x81, 0x00, 0x02, 0x0A, 0x81, 0x00, 0x04, 0x08, 0xCE, 0x00, 0x08, 0x0E, 0x4A, 0x00
    .byte 0x0A, 0x0A, 0x81, 0x00, 0x0A, 0x0A, 0x81, 0x00, 0x0A, 0x0A, 0x81, 0x00, 0x0A, 0x0A, 0x76, 0x00
    .byte 0x0A, 0x0A, 0x76, 0x00, 0x14, 0x14, 0x81, 0x00, 0x14, 0x14, 0x76, 0x00, 0x14, 0x14, 0x76, 0x00
    .byte 0x14, 0x14, 0x76, 0x00, 0x14, 0x14, 0x76, 0x00, 0x28, 0x28, 0x76, 0x00, 0x28, 0x28, 0x76, 0x00
    .byte 0x28, 0x28, 0x81, 0x00, 0x28, 0x28, 0x77, 0x00, 0x28, 0x28, 0x81, 0x00, 0xCE, 0x00, 0x81, 0x00
    .byte 0x76, 0x00, 0x81, 0x00
    .close

encounterdata 70
    .byte 0x0A, 0x0A, 0x00, 0x19, 0x32, 0x4B, 0x00, 0x00, 0x17, 0x17, 0x17, 0x17, 0x19, 0x19, 0x14, 0x14
    .byte 0x19, 0x17, 0x19, 0x17, 0x4A, 0x00, 0x29, 0x00, 0x4A, 0x00, 0x29, 0x00, 0x4B, 0x00, 0x4B, 0x00
    .byte 0xCA, 0x00, 0xCA, 0x00, 0xCA, 0x00, 0x2A, 0x00, 0xCA, 0x00, 0x2A, 0x00, 0x4A, 0x00, 0x29, 0x00
    .byte 0x4A, 0x00, 0x29, 0x00, 0x4B, 0x00, 0x4B, 0x00, 0xCA, 0x00, 0xCA, 0x00, 0xCA, 0x00, 0x2A, 0x00
    .byte 0xCA, 0x00, 0x2A, 0x00, 0x4A, 0x00, 0x29, 0x00, 0x4A, 0x00, 0x29, 0x00, 0x4B, 0x00, 0x4B, 0x00
    .byte 0xCA, 0x00, 0xCA, 0x00, 0xCA, 0x00, 0x2A, 0x00, 0xCA, 0x00, 0x2A, 0x00, 0x67, 0x01, 0x28, 0x01
    .byte 0xB4, 0x01, 0xB1, 0x01, 0x0A, 0x14, 0x81, 0x00, 0x05, 0x0F, 0x81, 0x00, 0x02, 0x0A, 0x81, 0x00
    .byte 0x02, 0x0A, 0x81, 0x00, 0x02, 0x0A, 0x81, 0x00, 0x00, 0x00, 0x00, 0x00, 0x00, 0x00, 0x00, 0x00
    .byte 0x0A, 0x0A, 0x81, 0x00, 0x0A, 0x0A, 0x81, 0x00, 0x0A, 0x0A, 0x81, 0x00, 0x0A, 0x0A, 0x76, 0x00
    .byte 0x0A, 0x0A, 0x76, 0x00, 0x14, 0x14, 0x81, 0x00, 0x14, 0x14, 0x76, 0x00, 0x14, 0x14, 0x76, 0x00
    .byte 0x14, 0x14, 0x76, 0x00, 0x14, 0x14, 0x76, 0x00, 0x28, 0x28, 0x76, 0x00, 0x28, 0x28, 0x76, 0x00
    .byte 0x28, 0x28, 0x81, 0x00, 0x28, 0x28, 0x77, 0x00, 0x28, 0x28, 0x81, 0x00, 0x4A, 0x00, 0x81, 0x00
    .byte 0x76, 0x00, 0x81, 0x00
    .close

encounterdata 71
    .byte 0x19, 0x0F, 0x00, 0x19, 0x32, 0x4B, 0x00, 0x00, 0x23, 0x23, 0x22, 0x21, 0x20, 0x1F, 0x20, 0x1F
    .byte 0x22, 0x1F, 0x21, 0x28, 0x94, 0x02, 0x00, 0x04, 0xF4, 0x03, 0x98, 0x03, 0x78, 0x02, 0xAA, 0x02
    .byte 0xAE, 0x02, 0x4F, 0x01, 0xA5, 0x02, 0x9F, 0x02, 0xAE, 0x02, 0xAE, 0x02, 0x94, 0x02, 0x00, 0x04
    .byte 0xF4, 0x03, 0x98, 0x03, 0x78, 0x02, 0xAA, 0x02, 0xAE, 0x02, 0x4F, 0x01, 0xA5, 0x02, 0x9F, 0x02
    .byte 0xAE, 0x02, 0xAE, 0x02, 0x94, 0x02, 0x00, 0x04, 0xF4, 0x03, 0x98, 0x03, 0x78, 0x02, 0xDE, 0x08
    .byte 0xAE, 0x02, 0x50, 0x01, 0xA7, 0x02, 0x3A, 0x03, 0xAE, 0x02, 0xAE, 0x02, 0x25, 0x01, 0x08, 0x01
    .byte 0xA2, 0x01, 0x8F, 0x01, 0x0F, 0x19, 0x48, 0x00, 0x0A, 0x14, 0x56, 0x00, 0x0F, 0x19, 0x78, 0x00
    .byte 0x0F, 0x19, 0x78, 0x00, 0x0F, 0x19, 0x78, 0x00, 0x00, 0x00, 0x00, 0x00, 0x00, 0x00, 0x00, 0x00
    .byte 0x0A, 0x0A, 0x81, 0x00, 0x0A, 0x0A, 0x81, 0x00, 0x0A, 0x0A, 0x81, 0x00, 0x0A, 0x0A, 0x48, 0x00
    .byte 0x0A, 0x0A, 0x48, 0x00, 0x14, 0x14, 0x81, 0x00, 0x14, 0x14, 0x48, 0x00, 0x14, 0x14, 0xAA, 0x00
    .byte 0x14, 0x14, 0x5A, 0x00, 0x14, 0x14, 0xAA, 0x00, 0x28, 0x28, 0xAA, 0x00, 0x28, 0x28, 0x5A, 0x00
    .byte 0x28, 0x28, 0x49, 0x00, 0x28, 0x28, 0xAB, 0x00, 0x28, 0x28, 0x49, 0x00, 0x84, 0x00, 0x48, 0x00
    .byte 0x5A, 0x00, 0x81, 0x00
    .close

encounterdata  72   // Mt. Moon (Outside area)

walkrate 0
surfrate 15
rocksmashrate 0
oldrodrate 25
goodrodrate 50
superrodrate 75
walklevels 0, 0, 0, 0, 0, 0, 0, 0, 0, 0, 0, 0

// morning encounter slots
pokemon SPECIES_NONE
pokemon SPECIES_NONE
pokemon SPECIES_NONE
pokemon SPECIES_NONE
pokemon SPECIES_NONE
pokemon SPECIES_NONE
pokemon SPECIES_NONE
pokemon SPECIES_NONE
pokemon SPECIES_NONE
pokemon SPECIES_NONE
pokemon SPECIES_NONE
pokemon SPECIES_NONE

// day encounter slots
pokemon SPECIES_NONE
pokemon SPECIES_NONE
pokemon SPECIES_NONE
pokemon SPECIES_NONE
pokemon SPECIES_NONE
pokemon SPECIES_NONE
pokemon SPECIES_NONE
pokemon SPECIES_NONE
pokemon SPECIES_NONE
pokemon SPECIES_NONE
pokemon SPECIES_NONE
pokemon SPECIES_NONE

// night encounter slots
pokemon SPECIES_NONE
pokemon SPECIES_NONE
pokemon SPECIES_NONE
pokemon SPECIES_NONE
pokemon SPECIES_NONE
pokemon SPECIES_NONE
pokemon SPECIES_NONE
pokemon SPECIES_NONE
pokemon SPECIES_NONE
pokemon SPECIES_NONE
pokemon SPECIES_NONE
pokemon SPECIES_NONE

// hoenn encounter slots
pokemon SPECIES_NONE
pokemon SPECIES_NONE

// sinnoh encounter slots
pokemon SPECIES_NONE
pokemon SPECIES_NONE

// surf encounters
encounter SPECIES_POLIWAG, 50, 50
encounter SPECIES_MAGIKARP, 50, 50
encounter SPECIES_MAGIKARP, 50, 50
encounter SPECIES_MAGIKARP, 50, 50
encounter SPECIES_MAGIKARP, 50, 50

// rock smash encounters
encounter SPECIES_NONE, 0, 0
encounter SPECIES_NONE, 0, 0

// old rod encounters
encounter SPECIES_MAGIKARP, 50, 50
encounter SPECIES_MAGIKARP, 50, 50
encounter SPECIES_MAGIKARP, 50, 50
encounter SPECIES_MAGIKARP, 50, 50
encounter SPECIES_MAGIKARP, 50, 50

// good rod encounters
encounter SPECIES_MAGIKARP, 50, 50
encounter SPECIES_MAGIKARP, 50, 50
encounter SPECIES_POLIWAG, 50, 50
encounter SPECIES_POLIWAG, 50, 50
encounter SPECIES_POLIWAG, 50, 50

// super rod encounters
encounter SPECIES_POLIWAG, 50, 50
encounter SPECIES_POLIWAG, 50, 50
encounter SPECIES_POLIWAG, 50, 50
encounter SPECIES_POLIWAG, 50, 50
encounter SPECIES_POLIWAG, 50, 50

// swarm grass
pokemon SPECIES_NONE
// swarm surf
pokemon SPECIES_POLIWAG
// swarm good rod
pokemon SPECIES_POLIWAG
// swarm super rod
pokemon SPECIES_MAGIKARP

.close

encounterdata  73   // Mt. Moon (Outside area when Clefairy are active)

walkrate 0
surfrate 15
rocksmashrate 0
oldrodrate 25
goodrodrate 50
superrodrate 75
walklevels 0, 0, 0, 0, 0, 0, 0, 0, 0, 0, 0, 0

// morning encounter slots
pokemon SPECIES_NONE
pokemon SPECIES_NONE
pokemon SPECIES_NONE
pokemon SPECIES_NONE
pokemon SPECIES_NONE
pokemon SPECIES_NONE
pokemon SPECIES_NONE
pokemon SPECIES_NONE
pokemon SPECIES_NONE
pokemon SPECIES_NONE
pokemon SPECIES_NONE
pokemon SPECIES_NONE

// day encounter slots
pokemon SPECIES_NONE
pokemon SPECIES_NONE
pokemon SPECIES_NONE
pokemon SPECIES_NONE
pokemon SPECIES_NONE
pokemon SPECIES_NONE
pokemon SPECIES_NONE
pokemon SPECIES_NONE
pokemon SPECIES_NONE
pokemon SPECIES_NONE
pokemon SPECIES_NONE
pokemon SPECIES_NONE

// night encounter slots
pokemon SPECIES_NONE
pokemon SPECIES_NONE
pokemon SPECIES_NONE
pokemon SPECIES_NONE
pokemon SPECIES_NONE
pokemon SPECIES_NONE
pokemon SPECIES_NONE
pokemon SPECIES_NONE
pokemon SPECIES_NONE
pokemon SPECIES_NONE
pokemon SPECIES_NONE
pokemon SPECIES_NONE

// hoenn encounter slots
pokemon SPECIES_NONE
pokemon SPECIES_NONE

// sinnoh encounter slots
pokemon SPECIES_NONE
pokemon SPECIES_NONE

// surf encounters
encounter SPECIES_POLIWAG, 50, 50
encounter SPECIES_POLIWAG, 50, 50
encounter SPECIES_POLIWAG, 50, 50
encounter SPECIES_POLIWAG, 50, 50
encounter SPECIES_POLIWAG, 50, 50

// rock smash encounters
encounter SPECIES_NONE, 0, 0
encounter SPECIES_NONE, 0, 0

// old rod encounters
encounter SPECIES_POLIWAG, 50, 50
encounter SPECIES_POLIWAG, 50, 50
encounter SPECIES_POLIWAG, 50, 50
encounter SPECIES_MAGIKARP, 50, 50
encounter SPECIES_POLIWAG, 50, 50

// good rod encounters
encounter SPECIES_POLIWAG, 50, 50
encounter SPECIES_POLIWAG, 50, 50
encounter SPECIES_POLIWAG, 50, 50
encounter SPECIES_MAGIKARP, 50, 50
encounter SPECIES_POLIWAG, 50, 50

// super rod encounters
encounter SPECIES_POLIWAG, 50, 50
encounter SPECIES_POLIWAG, 50, 50
encounter SPECIES_POLIWAG, 50, 50
encounter SPECIES_MAGIKARP, 50, 50
encounter SPECIES_POLIWAG, 50, 50

// swarm grass
pokemon SPECIES_NONE
// swarm surf
pokemon SPECIES_POLIWAG
// swarm good rod
pokemon SPECIES_MAGIKARP
// swarm super rod
pokemon SPECIES_POLIWAG

.close

encounterdata  74   // Seafoam Islands 1F

walkrate 5
surfrate 0
rocksmashrate 0
oldrodrate 0
goodrodrate 0
superrodrate 0
walklevels 50, 50, 50, 50, 50, 50, 50, 50, 50, 50, 50, 50

// morning encounter slots
pokemon SPECIES_KYUREM
pokemon SPECIES_REGICE
pokemon SPECIES_GLASTRIER
pokemon SPECIES_GLASTRIER
pokemon SPECIES_REGICE
pokemon SPECIES_GLASTRIER
pokemon SPECIES_KYUREM
pokemon SPECIES_KYUREM
pokemon SPECIES_REGICE
pokemon SPECIES_REGICE
pokemon SPECIES_REGICE
pokemon SPECIES_REGICE

// day encounter slots
pokemon SPECIES_KYUREM
pokemon SPECIES_REGICE
pokemon SPECIES_GLASTRIER
pokemon SPECIES_GLASTRIER
pokemon SPECIES_REGICE
pokemon SPECIES_GLASTRIER
pokemon SPECIES_KYUREM
pokemon SPECIES_KYUREM
pokemon SPECIES_REGICE
pokemon SPECIES_REGICE
pokemon SPECIES_REGICE
pokemon SPECIES_REGICE

// night encounter slots
pokemon SPECIES_KYUREM
pokemon SPECIES_REGICE
pokemon SPECIES_GLASTRIER
pokemon SPECIES_GLASTRIER
pokemon SPECIES_REGICE
pokemon SPECIES_GLASTRIER
pokemon SPECIES_KYUREM
pokemon SPECIES_KYUREM
pokemon SPECIES_REGICE
pokemon SPECIES_REGICE
pokemon SPECIES_REGICE
pokemon SPECIES_REGICE

// hoenn encounter slots
pokemon SPECIES_ABSOL
pokemon SPECIES_MAKUHITA

// sinnoh encounter slots
pokemon SPECIES_BRONZOR
pokemon SPECIES_CHINGLING

// surf encounters
encounter SPECIES_NONE, 0, 0
encounter SPECIES_NONE, 0, 0
encounter SPECIES_NONE, 0, 0
encounter SPECIES_NONE, 0, 0
encounter SPECIES_NONE, 0, 0

// rock smash encounters
encounter SPECIES_NONE, 0, 0
encounter SPECIES_NONE, 0, 0

// old rod encounters
encounter SPECIES_NONE, 0, 0
encounter SPECIES_NONE, 0, 0
encounter SPECIES_NONE, 0, 0
encounter SPECIES_NONE, 0, 0
encounter SPECIES_NONE, 0, 0

// good rod encounters
encounter SPECIES_NONE, 0, 0
encounter SPECIES_NONE, 0, 0
encounter SPECIES_NONE, 0, 0
encounter SPECIES_NONE, 0, 0
encounter SPECIES_NONE, 0, 0

// super rod encounters
encounter SPECIES_NONE, 0, 0
encounter SPECIES_NONE, 0, 0
encounter SPECIES_NONE, 0, 0
encounter SPECIES_NONE, 0, 0
encounter SPECIES_NONE, 0, 0

// swarm grass
pokemon SPECIES_ZUBAT
// swarm surf
pokemon SPECIES_NONE
// swarm good rod
pokemon SPECIES_NONE
// swarm super rod
pokemon SPECIES_NONE

.close

encounterdata  75   // Seafoam Islands B1F

walkrate 5
surfrate 0
rocksmashrate 0
oldrodrate 0
goodrodrate 0
superrodrate 0
walklevels 50, 50, 50, 50, 50, 50, 50, 50, 50, 50, 50, 50

// morning encounter slots
pokemon SPECIES_KYUREM
pokemon SPECIES_REGICE
pokemon SPECIES_GLASTRIER
pokemon SPECIES_GLASTRIER
pokemon SPECIES_REGICE
pokemon SPECIES_GLASTRIER
pokemon SPECIES_KYUREM
pokemon SPECIES_KYUREM
pokemon SPECIES_REGICE
pokemon SPECIES_REGICE
pokemon SPECIES_REGICE
pokemon SPECIES_REGICE

// day encounter slots
pokemon SPECIES_KYUREM
pokemon SPECIES_REGICE
pokemon SPECIES_GLASTRIER
pokemon SPECIES_GLASTRIER
pokemon SPECIES_REGICE
pokemon SPECIES_GLASTRIER
pokemon SPECIES_KYUREM
pokemon SPECIES_KYUREM
pokemon SPECIES_REGICE
pokemon SPECIES_REGICE
pokemon SPECIES_REGICE
pokemon SPECIES_REGICE

// night encounter slots
pokemon SPECIES_KYUREM
pokemon SPECIES_REGICE
pokemon SPECIES_GLASTRIER
pokemon SPECIES_GLASTRIER
pokemon SPECIES_REGICE
pokemon SPECIES_GLASTRIER
pokemon SPECIES_KYUREM
pokemon SPECIES_KYUREM
pokemon SPECIES_REGICE
pokemon SPECIES_REGICE
pokemon SPECIES_REGICE
pokemon SPECIES_REGICE

// hoenn encounter slots
pokemon SPECIES_ABSOL
pokemon SPECIES_MAKUHITA

// sinnoh encounter slots
pokemon SPECIES_BRONZOR
pokemon SPECIES_CHINGLING

// surf encounters
encounter SPECIES_NONE, 0, 0
encounter SPECIES_NONE, 0, 0
encounter SPECIES_NONE, 0, 0
encounter SPECIES_NONE, 0, 0
encounter SPECIES_NONE, 0, 0

// rock smash encounters
encounter SPECIES_NONE, 0, 0
encounter SPECIES_NONE, 0, 0

// old rod encounters
encounter SPECIES_NONE, 0, 0
encounter SPECIES_NONE, 0, 0
encounter SPECIES_NONE, 0, 0
encounter SPECIES_NONE, 0, 0
encounter SPECIES_NONE, 0, 0

// good rod encounters
encounter SPECIES_NONE, 0, 0
encounter SPECIES_NONE, 0, 0
encounter SPECIES_NONE, 0, 0
encounter SPECIES_NONE, 0, 0
encounter SPECIES_NONE, 0, 0

// super rod encounters
encounter SPECIES_NONE, 0, 0
encounter SPECIES_NONE, 0, 0
encounter SPECIES_NONE, 0, 0
encounter SPECIES_NONE, 0, 0
encounter SPECIES_NONE, 0, 0

// swarm grass
pokemon SPECIES_SEEL
// swarm surf
pokemon SPECIES_NONE
// swarm good rod
pokemon SPECIES_NONE
// swarm super rod
pokemon SPECIES_NONE

.close

encounterdata  76   // Seafoam Islands B2F

walkrate 5
surfrate 0
rocksmashrate 0
oldrodrate 0
goodrodrate 0
superrodrate 0
walklevels 50, 50, 50, 50, 50, 50, 50, 50, 50, 50, 50, 50

// morning encounter slots
pokemon SPECIES_KYUREM
pokemon SPECIES_REGICE
pokemon SPECIES_GLASTRIER
pokemon SPECIES_GLASTRIER
pokemon SPECIES_REGICE
pokemon SPECIES_GLASTRIER
pokemon SPECIES_KYUREM
pokemon SPECIES_KYUREM
pokemon SPECIES_REGICE
pokemon SPECIES_REGICE
pokemon SPECIES_REGICE
pokemon SPECIES_REGICE

// day encounter slots
pokemon SPECIES_KYUREM
pokemon SPECIES_REGICE
pokemon SPECIES_GLASTRIER
pokemon SPECIES_GLASTRIER
pokemon SPECIES_REGICE
pokemon SPECIES_GLASTRIER
pokemon SPECIES_KYUREM
pokemon SPECIES_KYUREM
pokemon SPECIES_REGICE
pokemon SPECIES_REGICE
pokemon SPECIES_REGICE
pokemon SPECIES_REGICE

// night encounter slots
pokemon SPECIES_KYUREM
pokemon SPECIES_REGICE
pokemon SPECIES_GLASTRIER
pokemon SPECIES_GLASTRIER
pokemon SPECIES_REGICE
pokemon SPECIES_GLASTRIER
pokemon SPECIES_KYUREM
pokemon SPECIES_KYUREM
pokemon SPECIES_REGICE
pokemon SPECIES_REGICE
pokemon SPECIES_REGICE
pokemon SPECIES_REGICE

// hoenn encounter slots
pokemon SPECIES_ABSOL
pokemon SPECIES_MAKUHITA

// sinnoh encounter slots
pokemon SPECIES_BRONZOR
pokemon SPECIES_CHINGLING

// surf encounters
encounter SPECIES_NONE, 0, 0
encounter SPECIES_NONE, 0, 0
encounter SPECIES_NONE, 0, 0
encounter SPECIES_NONE, 0, 0
encounter SPECIES_NONE, 0, 0

// rock smash encounters
encounter SPECIES_NONE, 0, 0
encounter SPECIES_NONE, 0, 0

// old rod encounters
encounter SPECIES_NONE, 0, 0
encounter SPECIES_NONE, 0, 0
encounter SPECIES_NONE, 0, 0
encounter SPECIES_NONE, 0, 0
encounter SPECIES_NONE, 0, 0

// good rod encounters
encounter SPECIES_NONE, 0, 0
encounter SPECIES_NONE, 0, 0
encounter SPECIES_NONE, 0, 0
encounter SPECIES_NONE, 0, 0
encounter SPECIES_NONE, 0, 0

// super rod encounters
encounter SPECIES_NONE, 0, 0
encounter SPECIES_NONE, 0, 0
encounter SPECIES_NONE, 0, 0
encounter SPECIES_NONE, 0, 0
encounter SPECIES_NONE, 0, 0

// swarm grass
pokemon SPECIES_SEEL
// swarm surf
pokemon SPECIES_NONE
// swarm good rod
pokemon SPECIES_NONE
// swarm super rod
pokemon SPECIES_NONE

.close

encounterdata  77   // Seafoam Islands B3F

walkrate 10
surfrate 0
rocksmashrate 0
oldrodrate 0
goodrodrate 0
superrodrate 0
walklevels 50, 50, 50, 50, 50, 50, 50, 50, 50, 50, 50, 50

// morning encounter slots
pokemon SPECIES_KYUREM
pokemon SPECIES_REGICE
pokemon SPECIES_GLASTRIER
pokemon SPECIES_GLASTRIER
pokemon SPECIES_REGICE
pokemon SPECIES_GLASTRIER
pokemon SPECIES_KYUREM
pokemon SPECIES_KYUREM
pokemon SPECIES_REGICE
pokemon SPECIES_REGICE
pokemon SPECIES_REGICE
pokemon SPECIES_REGICE

// day encounter slots
pokemon SPECIES_KYUREM
pokemon SPECIES_REGICE
pokemon SPECIES_GLASTRIER
pokemon SPECIES_GLASTRIER
pokemon SPECIES_REGICE
pokemon SPECIES_GLASTRIER
pokemon SPECIES_KYUREM
pokemon SPECIES_KYUREM
pokemon SPECIES_REGICE
pokemon SPECIES_REGICE
pokemon SPECIES_REGICE
pokemon SPECIES_REGICE

// night encounter slots
pokemon SPECIES_KYUREM
pokemon SPECIES_REGICE
pokemon SPECIES_GLASTRIER
pokemon SPECIES_GLASTRIER
pokemon SPECIES_REGICE
pokemon SPECIES_GLASTRIER
pokemon SPECIES_KYUREM
pokemon SPECIES_KYUREM
pokemon SPECIES_REGICE
pokemon SPECIES_REGICE
pokemon SPECIES_REGICE
pokemon SPECIES_REGICE

// hoenn encounter slots
pokemon SPECIES_ABSOL
pokemon SPECIES_MAKUHITA

// sinnoh encounter slots
pokemon SPECIES_BRONZOR
pokemon SPECIES_CHINGLING

// surf encounters
encounter SPECIES_NONE, 0, 0
encounter SPECIES_NONE, 0, 0
encounter SPECIES_NONE, 0, 0
encounter SPECIES_NONE, 0, 0
encounter SPECIES_NONE, 0, 0

// rock smash encounters
encounter SPECIES_NONE, 0, 0
encounter SPECIES_NONE, 0, 0

// old rod encounters
encounter SPECIES_NONE, 0, 0
encounter SPECIES_NONE, 0, 0
encounter SPECIES_NONE, 0, 0
encounter SPECIES_NONE, 0, 0
encounter SPECIES_NONE, 0, 0

// good rod encounters
encounter SPECIES_NONE, 0, 0
encounter SPECIES_NONE, 0, 0
encounter SPECIES_NONE, 0, 0
encounter SPECIES_NONE, 0, 0
encounter SPECIES_NONE, 0, 0

// super rod encounters
encounter SPECIES_NONE, 0, 0
encounter SPECIES_NONE, 0, 0
encounter SPECIES_NONE, 0, 0
encounter SPECIES_NONE, 0, 0
encounter SPECIES_NONE, 0, 0

// swarm grass
pokemon SPECIES_DEWGONG
// swarm surf
pokemon SPECIES_NONE
// swarm good rod
pokemon SPECIES_NONE
// swarm super rod
pokemon SPECIES_NONE

.close

encounterdata  78   // Seafoam Islands B4F

walkrate 10
surfrate 5
rocksmashrate 0
oldrodrate 25
goodrodrate 50
superrodrate 75
walklevels 50, 50, 50, 50, 50, 50, 50, 50, 50, 50, 50, 50

// morning encounter slots
pokemon SPECIES_KYUREM
pokemon SPECIES_REGICE
pokemon SPECIES_GLASTRIER
pokemon SPECIES_GLASTRIER
pokemon SPECIES_REGICE
pokemon SPECIES_GLASTRIER
pokemon SPECIES_KYUREM
pokemon SPECIES_KYUREM
pokemon SPECIES_REGICE
pokemon SPECIES_REGICE
pokemon SPECIES_REGICE
pokemon SPECIES_REGICE

// day encounter slots
pokemon SPECIES_KYUREM
pokemon SPECIES_REGICE
pokemon SPECIES_GLASTRIER
pokemon SPECIES_GLASTRIER
pokemon SPECIES_REGICE
pokemon SPECIES_GLASTRIER
pokemon SPECIES_KYUREM
pokemon SPECIES_KYUREM
pokemon SPECIES_REGICE
pokemon SPECIES_REGICE
pokemon SPECIES_REGICE
pokemon SPECIES_REGICE

// night encounter slots
pokemon SPECIES_KYUREM
pokemon SPECIES_REGICE
pokemon SPECIES_GLASTRIER
pokemon SPECIES_GLASTRIER
pokemon SPECIES_REGICE
pokemon SPECIES_GLASTRIER
pokemon SPECIES_KYUREM
pokemon SPECIES_KYUREM
pokemon SPECIES_REGICE
pokemon SPECIES_REGICE
pokemon SPECIES_REGICE
pokemon SPECIES_REGICE

// hoenn encounter slots
pokemon SPECIES_ABSOL
pokemon SPECIES_MAKUHITA

// sinnoh encounter slots
pokemon SPECIES_BRONZOR
pokemon SPECIES_CHINGLING

// surf encounters
encounter SPECIES_SEEL, 50, 50
encounter SPECIES_HORSEA, 50, 50
encounter SPECIES_SLOWBRO, 50, 50
encounter SPECIES_SLOWBRO, 50, 50
encounter SPECIES_SLOWBRO, 50, 50

// rock smash encounters
encounter SPECIES_NONE, 0, 0
encounter SPECIES_NONE, 0, 0

// old rod encounters
encounter SPECIES_MAGIKARP, 50, 50
encounter SPECIES_MAGIKARP, 50, 50
encounter SPECIES_MAGIKARP, 50, 50
encounter SPECIES_KRABBY, 50, 50
encounter SPECIES_KRABBY, 50, 50

// good rod encounters
encounter SPECIES_MAGIKARP, 50, 50
encounter SPECIES_PSYDUCK, 50, 50
encounter SPECIES_KRABBY, 50, 50
encounter SPECIES_HORSEA, 50, 50
encounter SPECIES_KRABBY, 50, 50

// super rod encounters
encounter SPECIES_GYARADOS, 50, 50
encounter SPECIES_HORSEA, 50, 50
encounter SPECIES_KINGLER, 50, 50
encounter SPECIES_SEADRA, 50, 50
encounter SPECIES_SEADRA, 50, 50

// swarm grass
pokemon SPECIES_SEEL
// swarm surf
pokemon SPECIES_SEEL
// swarm good rod
pokemon SPECIES_HORSEA
// swarm super rod
pokemon SPECIES_MAGIKARP

.close

encounterdata 79
    .byte 0x05, 0x0A, 0x00, 0x19, 0x32, 0x4B, 0x00, 0x00, 0x2D, 0x30, 0x2D, 0x30, 0x30, 0x2F, 0x2D, 0x2D
    .byte 0x30, 0x14, 0x30, 0x0F, 0xE7, 0x01, 0xEB, 0x01, 0xB3, 0x03, 0xE7, 0x01, 0xEB, 0x01, 0xB3, 0x03
    .byte 0xB3, 0x03, 0xE7, 0x01, 0xEB, 0x01, 0xB3, 0x03, 0xB3, 0x03, 0xB3, 0x03, 0xE7, 0x01, 0xEB, 0x01
    .byte 0xB3, 0x03, 0xE7, 0x01, 0xEB, 0x01, 0xB3, 0x03, 0xB3, 0x03, 0xE7, 0x01, 0xEB, 0x01, 0xB3, 0x03
    .byte 0xB3, 0x03, 0xB3, 0x03, 0xE7, 0x01, 0xEB, 0x01, 0xB3, 0x03, 0xE7, 0x01, 0xEB, 0x01, 0xB3, 0x03
    .byte 0xB3, 0x03, 0xE7, 0x01, 0xEB, 0x01, 0xB3, 0x03, 0xB3, 0x03, 0xB3, 0x03, 0x67, 0x01, 0x28, 0x01
    .byte 0xB4, 0x01, 0xB1, 0x01, 0x1E, 0x28, 0x77, 0x00, 0x23, 0x2D, 0x77, 0x00, 0x1E, 0x28, 0x76, 0x00
    .byte 0x1E, 0x28, 0x76, 0x00, 0x1E, 0x28, 0x76, 0x00, 0x00, 0x00, 0x00, 0x00, 0x00, 0x00, 0x00, 0x00
    .byte 0x0A, 0x0A, 0x81, 0x00, 0x0A, 0x0A, 0x81, 0x00, 0x0A, 0x0A, 0x81, 0x00, 0x0A, 0x0A, 0x76, 0x00
    .byte 0x0A, 0x0A, 0x76, 0x00, 0x14, 0x14, 0x81, 0x00, 0x14, 0x14, 0x76, 0x00, 0x14, 0x14, 0x76, 0x00
    .byte 0x14, 0x14, 0x76, 0x00, 0x14, 0x14, 0x76, 0x00, 0x28, 0x28, 0x76, 0x00, 0x28, 0x28, 0x76, 0x00
    .byte 0x28, 0x28, 0x81, 0x00, 0x28, 0x28, 0x77, 0x00, 0x28, 0x28, 0x81, 0x00, 0xC3, 0x00, 0x77, 0x00
    .byte 0x76, 0x00, 0x81, 0x00
    .close

encounterdata 80
    .byte 0x0A, 0x0A, 0x00, 0x19, 0x32, 0x4B, 0x00, 0x00, 0x2D, 0x30, 0x2E, 0x30, 0x30, 0x32, 0x2D, 0x2D
    .byte 0x30, 0x14, 0x30, 0x0F, 0xE7, 0x01, 0xEB, 0x01, 0xB3, 0x03, 0xE7, 0x01, 0xEB, 0x01, 0xB3, 0x03
    .byte 0xB3, 0x03, 0xE7, 0x01, 0xEB, 0x01, 0xB3, 0x03, 0xB3, 0x03, 0xB3, 0x03, 0xE7, 0x01, 0xEB, 0x01
    .byte 0xB3, 0x03, 0xE7, 0x01, 0xEB, 0x01, 0xB3, 0x03, 0xB3, 0x03, 0xE7, 0x01, 0xEB, 0x01, 0xB3, 0x03
    .byte 0xB3, 0x03, 0xB3, 0x03, 0xE7, 0x01, 0xEB, 0x01, 0xB3, 0x03, 0xE7, 0x01, 0xEB, 0x01, 0xB3, 0x03
    .byte 0xB3, 0x03, 0xE7, 0x01, 0xEB, 0x01, 0xB3, 0x03, 0xB3, 0x03, 0xB3, 0x03, 0x67, 0x01, 0x28, 0x01
    .byte 0xB4, 0x01, 0xB1, 0x01, 0x1E, 0x28, 0x77, 0x00, 0x23, 0x2D, 0x77, 0x00, 0x1E, 0x28, 0x76, 0x00
    .byte 0x1E, 0x28, 0x76, 0x00, 0x1E, 0x28, 0x76, 0x00, 0x00, 0x00, 0x00, 0x00, 0x00, 0x00, 0x00, 0x00
    .byte 0x0A, 0x0A, 0x81, 0x00, 0x0A, 0x0A, 0x81, 0x00, 0x0A, 0x0A, 0x81, 0x00, 0x0A, 0x0A, 0x76, 0x00
    .byte 0x0A, 0x0A, 0x76, 0x00, 0x14, 0x14, 0x81, 0x00, 0x14, 0x14, 0x76, 0x00, 0x14, 0x14, 0x76, 0x00
    .byte 0x14, 0x14, 0x76, 0x00, 0x14, 0x14, 0x76, 0x00, 0x28, 0x28, 0x76, 0x00, 0x28, 0x28, 0x76, 0x00
    .byte 0x28, 0x28, 0x81, 0x00, 0x28, 0x28, 0x77, 0x00, 0x28, 0x28, 0x81, 0x00, 0xC3, 0x00, 0x77, 0x00
    .byte 0x76, 0x00, 0x81, 0x00
    .close

encounterdata 81
    .byte 0x0A, 0x0A, 0x00, 0x19, 0x32, 0x4B, 0x00, 0x00, 0x32, 0x30, 0x2D, 0x30, 0x2F, 0x2F, 0x2D, 0x2D
    .byte 0x30, 0x14, 0x30, 0x0F, 0xE7, 0x01, 0xEB, 0x01, 0xB3, 0x03, 0xE7, 0x01, 0xEB, 0x01, 0xB3, 0x03
    .byte 0xB3, 0x03, 0xE7, 0x01, 0xEB, 0x01, 0xB3, 0x03, 0xB3, 0x03, 0xB3, 0x03, 0xE7, 0x01, 0xEB, 0x01
    .byte 0xB3, 0x03, 0xE7, 0x01, 0xEB, 0x01, 0xB3, 0x03, 0xB3, 0x03, 0xE7, 0x01, 0xEB, 0x01, 0xB3, 0x03
    .byte 0xB3, 0x03, 0xB3, 0x03, 0xE7, 0x01, 0xEB, 0x01, 0xB3, 0x03, 0xE7, 0x01, 0xEB, 0x01, 0xB3, 0x03
    .byte 0xB3, 0x03, 0xE7, 0x01, 0xEB, 0x01, 0xB3, 0x03, 0xB3, 0x03, 0xB3, 0x03, 0x67, 0x01, 0x28, 0x01
    .byte 0xB4, 0x01, 0xB1, 0x01, 0x1E, 0x28, 0x77, 0x00, 0x23, 0x2D, 0x77, 0x00, 0x1E, 0x28, 0x76, 0x00
    .byte 0x1E, 0x28, 0x76, 0x00, 0x1E, 0x28, 0x76, 0x00, 0x00, 0x00, 0x00, 0x00, 0x00, 0x00, 0x00, 0x00
    .byte 0x0A, 0x0A, 0x81, 0x00, 0x0A, 0x0A, 0x81, 0x00, 0x0A, 0x0A, 0x81, 0x00, 0x0A, 0x0A, 0x76, 0x00
    .byte 0x0A, 0x0A, 0x76, 0x00, 0x14, 0x14, 0x81, 0x00, 0x14, 0x14, 0x76, 0x00, 0x14, 0x14, 0x76, 0x00
    .byte 0x14, 0x14, 0x76, 0x00, 0x14, 0x14, 0x76, 0x00, 0x28, 0x28, 0x76, 0x00, 0x28, 0x28, 0x76, 0x00
    .byte 0x28, 0x28, 0x81, 0x00, 0x28, 0x28, 0x77, 0x00, 0x28, 0x28, 0x81, 0x00, 0xD7, 0x00, 0x77, 0x00
    .byte 0x76, 0x00, 0x81, 0x00
    .close

encounterdata 82
    .byte 0x00, 0x0F, 0x00, 0x19, 0x32, 0x4B, 0x00, 0x00, 0x00, 0x00, 0x00, 0x00, 0x00, 0x00, 0x00, 0x00
    .byte 0x00, 0x00, 0x00, 0x00, 0x00, 0x00, 0x00, 0x00, 0x00, 0x00, 0x00, 0x00, 0x00, 0x00, 0x00, 0x00
    .byte 0x00, 0x00, 0x00, 0x00, 0x00, 0x00, 0x00, 0x00, 0x00, 0x00, 0x00, 0x00, 0x00, 0x00, 0x00, 0x00
    .byte 0x00, 0x00, 0x00, 0x00, 0x00, 0x00, 0x00, 0x00, 0x00, 0x00, 0x00, 0x00, 0x00, 0x00, 0x00, 0x00
    .byte 0x00, 0x00, 0x00, 0x00, 0x00, 0x00, 0x00, 0x00, 0x00, 0x00, 0x00, 0x00, 0x00, 0x00, 0x00, 0x00
    .byte 0x00, 0x00, 0x00, 0x00, 0x00, 0x00, 0x00, 0x00, 0x00, 0x00, 0x00, 0x00, 0x00, 0x00, 0x00, 0x00
    .byte 0x00, 0x00, 0x00, 0x00, 0x14, 0x1E, 0xC2, 0x00, 0x14, 0x1E, 0xC2, 0x00, 0x1E, 0x28, 0xC3, 0x00
    .byte 0x1E, 0x28, 0xC3, 0x00, 0x1E, 0x28, 0xC3, 0x00, 0x00, 0x00, 0x00, 0x00, 0x00, 0x00, 0x00, 0x00
    .byte 0x0A, 0x0A, 0x81, 0x00, 0x0A, 0x0A, 0x81, 0x00, 0x0A, 0x0A, 0x81, 0x00, 0x0A, 0x0A, 0x81, 0x00
    .byte 0x0A, 0x0A, 0x81, 0x00, 0x14, 0x14, 0x81, 0x00, 0x14, 0x14, 0x81, 0x00, 0x14, 0x14, 0x81, 0x00
    .byte 0x14, 0x14, 0x3C, 0x00, 0x14, 0x14, 0x3C, 0x00, 0x28, 0x28, 0x81, 0x00, 0x28, 0x28, 0x81, 0x00
    .byte 0x28, 0x28, 0x3C, 0x00, 0x28, 0x28, 0x3C, 0x00, 0x28, 0x28, 0x3C, 0x00, 0x00, 0x00, 0xC2, 0x00
    .byte 0x81, 0x00, 0x81, 0x00
    .close

encounterdata 83
    .byte 0x0A, 0x00, 0x1E, 0x00, 0x00, 0x00, 0x00, 0x00, 0x16, 0x13, 0x14, 0x16, 0x13, 0x14, 0x12, 0x14
    .byte 0x14, 0x16, 0x17, 0x17, 0x2A, 0x00, 0x4A, 0x00, 0x62, 0x00, 0x63, 0x00, 0x42, 0x00, 0x5F, 0x00
    .byte 0xC2, 0x00, 0xC3, 0x00, 0x4B, 0x00, 0x43, 0x00, 0xD0, 0x00, 0xD0, 0x00, 0x2A, 0x00, 0x4A, 0x00
    .byte 0x62, 0x00, 0x63, 0x00, 0x42, 0x00, 0x5F, 0x00, 0xC2, 0x00, 0xC3, 0x00, 0x4B, 0x00, 0x43, 0x00
    .byte 0xD0, 0x00, 0xD0, 0x00, 0x2A, 0x00, 0x4A, 0x00, 0x62, 0x00, 0x63, 0x00, 0x42, 0x00, 0x5F, 0x00
    .byte 0x29, 0x00, 0xC8, 0x00, 0x2A, 0x00, 0x43, 0x00, 0xD0, 0x00, 0xD0, 0x00, 0x67, 0x01, 0x28, 0x01
    .byte 0xB4, 0x01, 0xB1, 0x01, 0x00, 0x00, 0x00, 0x00, 0x00, 0x00, 0x00, 0x00, 0x00, 0x00, 0x00, 0x00
    .byte 0x00, 0x00, 0x00, 0x00, 0x00, 0x00, 0x00, 0x00, 0x14, 0x1A, 0x62, 0x00, 0x1C, 0x1F, 0x63, 0x00
    .byte 0x00, 0x00, 0x00, 0x00, 0x00, 0x00, 0x00, 0x00, 0x00, 0x00, 0x00, 0x00, 0x00, 0x00, 0x00, 0x00
    .byte 0x00, 0x00, 0x00, 0x00, 0x00, 0x00, 0x00, 0x00, 0x00, 0x00, 0x00, 0x00, 0x00, 0x00, 0x00, 0x00
    .byte 0x00, 0x00, 0x00, 0x00, 0x00, 0x00, 0x00, 0x00, 0x00, 0x00, 0x00, 0x00, 0x00, 0x00, 0x00, 0x00
    .byte 0x00, 0x00, 0x00, 0x00, 0x00, 0x00, 0x00, 0x00, 0x00, 0x00, 0x00, 0x00, 0x2A, 0x00, 0x00, 0x00
    .byte 0x00, 0x00, 0x00, 0x00
    .close

encounterdata 84
    .byte 0x05, 0x00, 0x00, 0x00, 0x00, 0x00, 0x00, 0x00, 0x14, 0x15, 0x14, 0x15, 0x16, 0x16, 0x16, 0x16
    .byte 0x17, 0x18, 0x17, 0x18, 0x13, 0x00, 0x13, 0x00, 0x13, 0x00, 0x13, 0x00, 0x13, 0x00, 0x13, 0x00
    .byte 0x13, 0x00, 0x13, 0x00, 0x13, 0x00, 0x13, 0x00, 0x13, 0x00, 0x13, 0x00, 0x13, 0x00, 0x13, 0x00
    .byte 0x13, 0x00, 0x13, 0x00, 0x13, 0x00, 0x13, 0x00, 0x13, 0x00, 0x13, 0x00, 0x13, 0x00, 0x13, 0x00
    .byte 0x13, 0x00, 0x13, 0x00, 0x5C, 0x00, 0x5C, 0x00, 0x5C, 0x00, 0x5C, 0x00, 0x5C, 0x00, 0x5C, 0x00
    .byte 0x13, 0x00, 0x13, 0x00, 0x13, 0x00, 0x13, 0x00, 0x13, 0x00, 0x13, 0x00, 0x07, 0x01, 0x47, 0x01
    .byte 0xB9, 0x01, 0x33, 0x01, 0x00, 0x00, 0x00, 0x00, 0x00, 0x00, 0x00, 0x00, 0x00, 0x00, 0x00, 0x00
    .byte 0x00, 0x00, 0x00, 0x00, 0x00, 0x00, 0x00, 0x00, 0x00, 0x00, 0x00, 0x00, 0x00, 0x00, 0x00, 0x00
    .byte 0x00, 0x00, 0x00, 0x00, 0x00, 0x00, 0x00, 0x00, 0x00, 0x00, 0x00, 0x00, 0x00, 0x00, 0x00, 0x00
    .byte 0x00, 0x00, 0x00, 0x00, 0x00, 0x00, 0x00, 0x00, 0x00, 0x00, 0x00, 0x00, 0x00, 0x00, 0x00, 0x00
    .byte 0x00, 0x00, 0x00, 0x00, 0x00, 0x00, 0x00, 0x00, 0x00, 0x00, 0x00, 0x00, 0x00, 0x00, 0x00, 0x00
    .byte 0x00, 0x00, 0x00, 0x00, 0x00, 0x00, 0x00, 0x00, 0x00, 0x00, 0x00, 0x00, 0x13, 0x00, 0x00, 0x00
    .byte 0x00, 0x00, 0x00, 0x00
    .close

encounterdata 85
    .byte 0x19, 0x0A, 0x00, 0x19, 0x32, 0x4B, 0x00, 0x00, 0x29, 0x2A, 0x29, 0x2A, 0x2A, 0x2A, 0x2C, 0x2C
    .byte 0x29, 0x2B, 0x29, 0x2B, 0x96, 0x00, 0x82, 0x01, 0x81, 0x01, 0x7F, 0x01, 0x7F, 0x01, 0x81, 0x01
    .byte 0x82, 0x01, 0x82, 0x01, 0x96, 0x00, 0x96, 0x00, 0x96, 0x00, 0x96, 0x00, 0x96, 0x00, 0x82, 0x01
    .byte 0x81, 0x01, 0x7F, 0x01, 0x7F, 0x01, 0x81, 0x01, 0x82, 0x01, 0x82, 0x01, 0x96, 0x00, 0x96, 0x00
    .byte 0x96, 0x00, 0x96, 0x00, 0x96, 0x00, 0x82, 0x01, 0x81, 0x01, 0x7F, 0x01, 0x7F, 0x01, 0x81, 0x01
    .byte 0x82, 0x01, 0x82, 0x01, 0x96, 0x00, 0x96, 0x00, 0x96, 0x00, 0x96, 0x00, 0x25, 0x01, 0x08, 0x01
    .byte 0xA2, 0x01, 0x8F, 0x01, 0x1E, 0x28, 0x3D, 0x00, 0x23, 0x2D, 0x3D, 0x00, 0x1E, 0x28, 0x3C, 0x00
    .byte 0x1E, 0x28, 0x3C, 0x00, 0x30, 0x30, 0x3D, 0x00, 0x00, 0x00, 0x00, 0x00, 0x00, 0x00, 0x00, 0x00
    .byte 0x0A, 0x0A, 0x81, 0x00, 0x0A, 0x0A, 0x81, 0x00, 0x0A, 0x0A, 0x81, 0x00, 0x0A, 0x0A, 0x3C, 0x00
    .byte 0x0A, 0x0A, 0x3C, 0x00, 0x14, 0x14, 0x81, 0x00, 0x14, 0x14, 0x3C, 0x00, 0x14, 0x14, 0x3C, 0x00
    .byte 0x14, 0x14, 0x3C, 0x00, 0x14, 0x14, 0x3C, 0x00, 0x28, 0x28, 0x3C, 0x00, 0x28, 0x28, 0x3C, 0x00
    .byte 0x28, 0x28, 0x81, 0x00, 0x28, 0x28, 0x3C, 0x00, 0x28, 0x28, 0x81, 0x00, 0x72, 0x00, 0x3D, 0x00
    .byte 0x3C, 0x00, 0x81, 0x00
    .close

encounterdata 86
    .byte 0x0A, 0x0A, 0x00, 0x19, 0x32, 0x4B, 0x00, 0x00, 0x2A, 0x2C, 0x2A, 0x2C, 0x2B, 0x2B, 0x2A, 0x29
    .byte 0x2D, 0x14, 0x2D, 0x0F, 0xE7, 0x01, 0xEB, 0x01, 0xB3, 0x03, 0xE7, 0x01, 0xEB, 0x01, 0xB3, 0x03
    .byte 0xB3, 0x03, 0xE7, 0x01, 0xEB, 0x01, 0xB3, 0x03, 0xB3, 0x03, 0xB3, 0x03, 0xE7, 0x01, 0xEB, 0x01
    .byte 0xB3, 0x03, 0xE7, 0x01, 0xEB, 0x01, 0xB3, 0x03, 0xB3, 0x03, 0xE7, 0x01, 0xEB, 0x01, 0xB3, 0x03
    .byte 0xB3, 0x03, 0xB3, 0x03, 0xE7, 0x01, 0xEB, 0x01, 0xB3, 0x03, 0xE7, 0x01, 0xEB, 0x01, 0xB3, 0x03
    .byte 0xB3, 0x03, 0xE7, 0x01, 0xEB, 0x01, 0xB3, 0x03, 0xB3, 0x03, 0xB3, 0x03, 0x67, 0x01, 0x28, 0x01
    .byte 0xB4, 0x01, 0xB1, 0x01, 0x1E, 0x28, 0x77, 0x00, 0x23, 0x2D, 0x77, 0x00, 0x1E, 0x28, 0x76, 0x00
    .byte 0x1E, 0x28, 0x76, 0x00, 0x32, 0x32, 0x77, 0x00, 0x00, 0x00, 0x00, 0x00, 0x00, 0x00, 0x00, 0x00
    .byte 0x0A, 0x0A, 0x81, 0x00, 0x0A, 0x0A, 0x81, 0x00, 0x0A, 0x0A, 0x81, 0x00, 0x0A, 0x0A, 0x76, 0x00
    .byte 0x0A, 0x0A, 0x76, 0x00, 0x14, 0x14, 0x81, 0x00, 0x14, 0x14, 0x76, 0x00, 0x14, 0x14, 0x77, 0x00
    .byte 0x14, 0x14, 0x81, 0x00, 0x14, 0x14, 0x77, 0x00, 0x28, 0x28, 0x82, 0x00, 0x28, 0x28, 0x77, 0x00
    .byte 0x28, 0x28, 0x77, 0x00, 0x28, 0x28, 0x82, 0x00, 0x28, 0x28, 0x77, 0x00, 0x5F, 0x00, 0x77, 0x00
    .byte 0x82, 0x00, 0x81, 0x00
    .close

encounterdata 87
    .byte 0x14, 0x00, 0x00, 0x00, 0x00, 0x00, 0x00, 0x00, 0x33, 0x30, 0x33, 0x30, 0x30, 0x30, 0x32, 0x32
    .byte 0x33, 0x14, 0x33, 0x0F, 0xE6, 0x01, 0x00, 0x03, 0xFF, 0x02, 0xE6, 0x01, 0x00, 0x03, 0xFF, 0x02
    .byte 0xE6, 0x01, 0xFF, 0x02, 0xE6, 0x01, 0x00, 0x03, 0xFF, 0x02, 0xFF, 0x02, 0xE6, 0x01, 0x00, 0x03
    .byte 0xFF, 0x02, 0xE6, 0x01, 0x00, 0x03, 0xFF, 0x02, 0xE6, 0x01, 0xFF, 0x02, 0xE6, 0x01, 0x00, 0x03
    .byte 0xFF, 0x02, 0xFF, 0x02, 0xE6, 0x01, 0x00, 0x03, 0xFF, 0x02, 0xE6, 0x01, 0x00, 0x03, 0xFF, 0x02
    .byte 0xE6, 0x01, 0xFF, 0x02, 0xE6, 0x01, 0x00, 0x03, 0xFF, 0x02, 0xFF, 0x02, 0x67, 0x01, 0x28, 0x01
    .byte 0xB4, 0x01, 0xB1, 0x01, 0x00, 0x00, 0x00, 0x00, 0x00, 0x00, 0x00, 0x00, 0x00, 0x00, 0x00, 0x00
    .byte 0x00, 0x00, 0x00, 0x00, 0x00, 0x00, 0x00, 0x00, 0x00, 0x00, 0x00, 0x00, 0x00, 0x00, 0x00, 0x00
    .byte 0x00, 0x00, 0x00, 0x00, 0x00, 0x00, 0x00, 0x00, 0x00, 0x00, 0x00, 0x00, 0x00, 0x00, 0x00, 0x00
    .byte 0x00, 0x00, 0x00, 0x00, 0x00, 0x00, 0x00, 0x00, 0x00, 0x00, 0x00, 0x00, 0x00, 0x00, 0x00, 0x00
    .byte 0x00, 0x00, 0x00, 0x00, 0x00, 0x00, 0x00, 0x00, 0x00, 0x00, 0x00, 0x00, 0x00, 0x00, 0x00, 0x00
    .byte 0x00, 0x00, 0x00, 0x00, 0x00, 0x00, 0x00, 0x00, 0x00, 0x00, 0x00, 0x00, 0x2A, 0x00, 0x00, 0x00
    .byte 0x00, 0x00, 0x00, 0x00
    .close

encounterdata 88
    .byte 0x0A, 0x00, 0x00, 0x00, 0x00, 0x00, 0x00, 0x00, 0x2D, 0x30, 0x2D, 0x2E, 0x30, 0x2F, 0x2D, 0x2D
    .byte 0x30, 0x14, 0x30, 0x0F, 0xE7, 0x01, 0xEB, 0x01, 0xB3, 0x03, 0xE7, 0x01, 0xEB, 0x01, 0xB3, 0x03
    .byte 0xB3, 0x03, 0xE7, 0x01, 0xEB, 0x01, 0xB3, 0x03, 0xB3, 0x03, 0xB3, 0x03, 0xE7, 0x01, 0xEB, 0x01
    .byte 0xB3, 0x03, 0xE7, 0x01, 0xEB, 0x01, 0xB3, 0x03, 0xB3, 0x03, 0xE7, 0x01, 0xEB, 0x01, 0xB3, 0x03
    .byte 0xB3, 0x03, 0xB3, 0x03, 0xE7, 0x01, 0xEB, 0x01, 0xB3, 0x03, 0xE7, 0x01, 0xEB, 0x01, 0xB3, 0x03
    .byte 0xB3, 0x03, 0xE7, 0x01, 0xEB, 0x01, 0xB3, 0x03, 0xB3, 0x03, 0xB3, 0x03, 0x67, 0x01, 0x28, 0x01
    .byte 0xB4, 0x01, 0xB1, 0x01, 0x00, 0x00, 0x00, 0x00, 0x00, 0x00, 0x00, 0x00, 0x00, 0x00, 0x00, 0x00
    .byte 0x00, 0x00, 0x00, 0x00, 0x00, 0x00, 0x00, 0x00, 0x00, 0x00, 0x00, 0x00, 0x00, 0x00, 0x00, 0x00
    .byte 0x00, 0x00, 0x00, 0x00, 0x00, 0x00, 0x00, 0x00, 0x00, 0x00, 0x00, 0x00, 0x00, 0x00, 0x00, 0x00
    .byte 0x00, 0x00, 0x00, 0x00, 0x00, 0x00, 0x00, 0x00, 0x00, 0x00, 0x00, 0x00, 0x00, 0x00, 0x00, 0x00
    .byte 0x00, 0x00, 0x00, 0x00, 0x00, 0x00, 0x00, 0x00, 0x00, 0x00, 0x00, 0x00, 0x00, 0x00, 0x00, 0x00
    .byte 0x00, 0x00, 0x00, 0x00, 0x00, 0x00, 0x00, 0x00, 0x00, 0x00, 0x00, 0x00, 0xC3, 0x00, 0x00, 0x00
    .byte 0x00, 0x00, 0x00, 0x00
    .close

encounterdata 89
    .byte 0x14, 0x0A, 0x00, 0x19, 0x32, 0x4B, 0x00, 0x00, 0x2D, 0x30, 0x2D, 0x30, 0x2F, 0x2F, 0x1E, 0x2D
    .byte 0x30, 0x14, 0x30, 0x0F, 0xE6, 0x01, 0x00, 0x03, 0xFF, 0x02, 0xE6, 0x01, 0x00, 0x03, 0xFF, 0x02
    .byte 0xE6, 0x01, 0xFF, 0x02, 0xE6, 0x01, 0x00, 0x03, 0xFF, 0x02, 0xFF, 0x02, 0xE6, 0x01, 0x00, 0x03
    .byte 0xFF, 0x02, 0xE6, 0x01, 0x00, 0x03, 0xFF, 0x02, 0xE6, 0x01, 0xFF, 0x02, 0xE6, 0x01, 0x00, 0x03
    .byte 0xFF, 0x02, 0xFF, 0x02, 0xE6, 0x01, 0x00, 0x03, 0xFF, 0x02, 0xE6, 0x01, 0x00, 0x03, 0xFF, 0x02
    .byte 0xE6, 0x01, 0xFF, 0x02, 0xE6, 0x01, 0x00, 0x03, 0xFF, 0x02, 0xFF, 0x02, 0x67, 0x01, 0x28, 0x01
    .byte 0xB4, 0x01, 0xB1, 0x01, 0x1E, 0x28, 0x77, 0x00, 0x23, 0x2D, 0x77, 0x00, 0x1E, 0x28, 0x76, 0x00
    .byte 0x1E, 0x28, 0x76, 0x00, 0x1E, 0x28, 0x76, 0x00, 0x00, 0x00, 0x00, 0x00, 0x00, 0x00, 0x00, 0x00
    .byte 0x0A, 0x0A, 0x81, 0x00, 0x0A, 0x0A, 0x81, 0x00, 0x0A, 0x0A, 0x81, 0x00, 0x0A, 0x0A, 0x76, 0x00
    .byte 0x0A, 0x0A, 0x76, 0x00, 0x14, 0x14, 0x81, 0x00, 0x14, 0x14, 0x76, 0x00, 0x14, 0x14, 0x76, 0x00
    .byte 0x14, 0x14, 0x76, 0x00, 0x14, 0x14, 0x76, 0x00, 0x28, 0x28, 0x76, 0x00, 0x28, 0x28, 0x76, 0x00
    .byte 0x28, 0x28, 0x81, 0x00, 0x28, 0x28, 0x77, 0x00, 0x28, 0x28, 0x81, 0x00, 0xD7, 0x00, 0x77, 0x00
    .byte 0x76, 0x00, 0x81, 0x00
    .close

encounterdata 90
    .byte 0x00, 0x00, 0x00, 0x00, 0x00, 0x00, 0x00, 0x00, 0x00, 0x00, 0x00, 0x00, 0x00, 0x00, 0x00, 0x00
    .byte 0x00, 0x00, 0x00, 0x00, 0x00, 0x00, 0x00, 0x00, 0x00, 0x00, 0x00, 0x00, 0x00, 0x00, 0x00, 0x00
    .byte 0x00, 0x00, 0x00, 0x00, 0x00, 0x00, 0x00, 0x00, 0x00, 0x00, 0x00, 0x00, 0x00, 0x00, 0x00, 0x00
    .byte 0x00, 0x00, 0x00, 0x00, 0x00, 0x00, 0x00, 0x00, 0x00, 0x00, 0x00, 0x00, 0x00, 0x00, 0x00, 0x00
    .byte 0x00, 0x00, 0x00, 0x00, 0x00, 0x00, 0x00, 0x00, 0x00, 0x00, 0x00, 0x00, 0x00, 0x00, 0x00, 0x00
    .byte 0x00, 0x00, 0x00, 0x00, 0x00, 0x00, 0x00, 0x00, 0x00, 0x00, 0x00, 0x00, 0x00, 0x00, 0x00, 0x00
    .byte 0x00, 0x00, 0x00, 0x00, 0x00, 0x00, 0x00, 0x00, 0x00, 0x00, 0x00, 0x00, 0x00, 0x00, 0x00, 0x00
    .byte 0x00, 0x00, 0x00, 0x00, 0x00, 0x00, 0x00, 0x00, 0x00, 0x00, 0x00, 0x00, 0x00, 0x00, 0x00, 0x00
    .byte 0x00, 0x00, 0x00, 0x00, 0x00, 0x00, 0x00, 0x00, 0x00, 0x00, 0x00, 0x00, 0x00, 0x00, 0x00, 0x00
    .byte 0x00, 0x00, 0x00, 0x00, 0x00, 0x00, 0x00, 0x00, 0x00, 0x00, 0x00, 0x00, 0x00, 0x00, 0x00, 0x00
    .byte 0x00, 0x00, 0x00, 0x00, 0x00, 0x00, 0x00, 0x00, 0x00, 0x00, 0x00, 0x00, 0x00, 0x00, 0x00, 0x00
    .byte 0x00, 0x00, 0x00, 0x00, 0x00, 0x00, 0x00, 0x00, 0x00, 0x00, 0x00, 0x00, 0x00, 0x00, 0x00, 0x00
    .byte 0x00, 0x00, 0x00, 0x00
    .close

encounterdata 91
    .byte 0x14, 0x0F, 0x00, 0x64, 0x64, 0x64, 0x00, 0x00, 0x14, 0x14, 0x14, 0x14, 0x14, 0x14, 0x14, 0x14
    .byte 0x14, 0x14, 0x14, 0x14, 0x13, 0x00, 0x13, 0x00, 0x13, 0x00, 0x13, 0x00, 0x13, 0x00, 0x13, 0x00
    .byte 0x13, 0x00, 0x13, 0x00, 0x13, 0x00, 0x13, 0x00, 0x13, 0x00, 0x13, 0x00, 0x13, 0x00, 0x13, 0x00
    .byte 0x13, 0x00, 0x13, 0x00, 0x13, 0x00, 0x13, 0x00, 0x13, 0x00, 0x13, 0x00, 0x13, 0x00, 0x13, 0x00
    .byte 0x13, 0x00, 0x13, 0x00, 0x13, 0x00, 0x13, 0x00, 0x13, 0x00, 0x13, 0x00, 0x13, 0x00, 0x13, 0x00
    .byte 0x13, 0x00, 0x13, 0x00, 0x13, 0x00, 0x13, 0x00, 0x13, 0x00, 0x13, 0x00, 0x07, 0x01, 0x07, 0x01
    .byte 0x8F, 0x01, 0x8F, 0x01, 0x0A, 0x14, 0x81, 0x00, 0x0A, 0x14, 0x81, 0x00, 0x0A, 0x14, 0x81, 0x00
    .byte 0x0A, 0x14, 0x81, 0x00, 0x0A, 0x14, 0x81, 0x00, 0x00, 0x00, 0x00, 0x00, 0x00, 0x00, 0x00, 0x00
    .byte 0x0A, 0x14, 0x76, 0x00, 0x0A, 0x14, 0x76, 0x00, 0x0A, 0x14, 0x76, 0x00, 0x0A, 0x14, 0x76, 0x00
    .byte 0x0A, 0x14, 0x76, 0x00, 0x0A, 0x14, 0x76, 0x00, 0x0A, 0x14, 0x76, 0x00, 0x0A, 0x14, 0x76, 0x00
    .byte 0x0A, 0x14, 0x76, 0x00, 0x0A, 0x14, 0x76, 0x00, 0x0A, 0x14, 0x76, 0x00, 0x0A, 0x14, 0x76, 0x00
    .byte 0x0A, 0x14, 0x76, 0x00, 0x0A, 0x14, 0x76, 0x00, 0x0A, 0x14, 0x76, 0x00, 0x13, 0x00, 0x81, 0x00
    .byte 0x76, 0x00, 0x76, 0x00
    .close

encounterdata  92   // Route 12

walkrate 0
surfrate 15
rocksmashrate 0
oldrodrate 25
goodrodrate 50
superrodrate 75
walklevels 0, 0, 0, 0, 0, 0, 0, 0, 0, 0, 0, 0

// morning encounter slots
pokemon SPECIES_NONE
pokemon SPECIES_NONE
pokemon SPECIES_NONE
pokemon SPECIES_NONE
pokemon SPECIES_NONE
pokemon SPECIES_NONE
pokemon SPECIES_NONE
pokemon SPECIES_NONE
pokemon SPECIES_NONE
pokemon SPECIES_NONE
pokemon SPECIES_NONE
pokemon SPECIES_NONE

// day encounter slots
pokemon SPECIES_NONE
pokemon SPECIES_NONE
pokemon SPECIES_NONE
pokemon SPECIES_NONE
pokemon SPECIES_NONE
pokemon SPECIES_NONE
pokemon SPECIES_NONE
pokemon SPECIES_NONE
pokemon SPECIES_NONE
pokemon SPECIES_NONE
pokemon SPECIES_NONE
pokemon SPECIES_NONE

// night encounter slots
pokemon SPECIES_NONE
pokemon SPECIES_NONE
pokemon SPECIES_NONE
pokemon SPECIES_NONE
pokemon SPECIES_NONE
pokemon SPECIES_NONE
pokemon SPECIES_NONE
pokemon SPECIES_NONE
pokemon SPECIES_NONE
pokemon SPECIES_NONE
pokemon SPECIES_NONE
pokemon SPECIES_NONE

// hoenn encounter slots
pokemon SPECIES_NONE
pokemon SPECIES_NONE

// sinnoh encounter slots
pokemon SPECIES_NONE
pokemon SPECIES_NONE

// surf encounters
encounter SPECIES_KYOGRE, 50, 50
encounter SPECIES_KYOGRE, 50, 50
encounter SPECIES_KYOGRE, 50, 50
encounter SPECIES_KYOGRE, 50, 50
encounter SPECIES_KYOGRE, 50, 50

// rock smash encounters
encounter SPECIES_NONE, 0, 0
encounter SPECIES_NONE, 0, 0

// old rod encounters
encounter SPECIES_MAGIKARP, 50, 50
encounter SPECIES_MAGIKARP, 50, 50
encounter SPECIES_MAGIKARP, 50, 50
encounter SPECIES_TENTACOOL, 50, 50
encounter SPECIES_TENTACOOL, 50, 50

// good rod encounters
encounter SPECIES_MAGIKARP, 50, 50
encounter SPECIES_TENTACOOL, 50, 50
encounter SPECIES_TENTACOOL, 50, 50
encounter SPECIES_TENTACOOL, 50, 50
encounter SPECIES_TENTACOOL, 50, 50

// super rod encounters
encounter SPECIES_TENTACOOL, 50, 50
encounter SPECIES_TENTACOOL, 50, 50
encounter SPECIES_MAGIKARP, 50, 50
encounter SPECIES_QWILFISH, 50, 50
encounter SPECIES_MAGIKARP, 50, 50

// swarm grass
pokemon SPECIES_NONE
// swarm surf
pokemon SPECIES_TENTACOOL
// swarm good rod
pokemon SPECIES_TENTACOOL
// swarm super rod
pokemon SPECIES_RELICANTH

.close

encounterdata  93   // Route 19

walkrate 0
surfrate 10
rocksmashrate 30
oldrodrate 25
goodrodrate 50
superrodrate 75
walklevels 0, 0, 0, 0, 0, 0, 0, 0, 0, 0, 0, 0

// morning encounter slots
pokemon SPECIES_NONE
pokemon SPECIES_NONE
pokemon SPECIES_NONE
pokemon SPECIES_NONE
pokemon SPECIES_NONE
pokemon SPECIES_NONE
pokemon SPECIES_NONE
pokemon SPECIES_NONE
pokemon SPECIES_NONE
pokemon SPECIES_NONE
pokemon SPECIES_NONE
pokemon SPECIES_NONE

// day encounter slots
pokemon SPECIES_NONE
pokemon SPECIES_NONE
pokemon SPECIES_NONE
pokemon SPECIES_NONE
pokemon SPECIES_NONE
pokemon SPECIES_NONE
pokemon SPECIES_NONE
pokemon SPECIES_NONE
pokemon SPECIES_NONE
pokemon SPECIES_NONE
pokemon SPECIES_NONE
pokemon SPECIES_NONE

// night encounter slots
pokemon SPECIES_NONE
pokemon SPECIES_NONE
pokemon SPECIES_NONE
pokemon SPECIES_NONE
pokemon SPECIES_NONE
pokemon SPECIES_NONE
pokemon SPECIES_NONE
pokemon SPECIES_NONE
pokemon SPECIES_NONE
pokemon SPECIES_NONE
pokemon SPECIES_NONE
pokemon SPECIES_NONE

// hoenn encounter slots
pokemon SPECIES_NONE
pokemon SPECIES_NONE

// sinnoh encounter slots
pokemon SPECIES_NONE
pokemon SPECIES_NONE

// surf encounters
encounter SPECIES_LUGIA, 50, 50
encounter SPECIES_LUGIA, 50, 50
encounter SPECIES_SUICUNE, 50, 50
encounter SPECIES_SUICUNE, 50, 50
encounter SPECIES_SUICUNE, 50, 50

// rock smash encounters
encounter SPECIES_KINGLER, 50, 50
encounter SPECIES_KRABBY, 50, 50

// old rod encounters
encounter SPECIES_MAGIKARP, 50, 50
encounter SPECIES_MAGIKARP, 50, 50
encounter SPECIES_MAGIKARP, 50, 50
encounter SPECIES_KRABBY, 50, 50
encounter SPECIES_KRABBY, 50, 50

// good rod encounters
encounter SPECIES_MAGIKARP, 50, 50
encounter SPECIES_KRABBY, 50, 50
encounter SPECIES_KRABBY, 50, 50
encounter SPECIES_CORSOLA, 50, 50
encounter SPECIES_KRABBY, 50, 50

// super rod encounters
encounter SPECIES_KRABBY, 50, 50
encounter SPECIES_CORSOLA, 50, 50
encounter SPECIES_KRABBY, 50, 50
encounter SPECIES_KINGLER, 50, 50
encounter SPECIES_KRABBY, 50, 50

// swarm grass
pokemon SPECIES_NONE
// swarm surf
pokemon SPECIES_CLAMPERL
// swarm good rod
pokemon SPECIES_STARYU
// swarm super rod
pokemon SPECIES_MAGIKARP

.close

encounterdata  94   // Route 20

walkrate 0
surfrate 10
rocksmashrate 0
oldrodrate 25
goodrodrate 50
superrodrate 75
walklevels 0, 0, 0, 0, 0, 0, 0, 0, 0, 0, 0, 0

// morning encounter slots
pokemon SPECIES_NONE
pokemon SPECIES_NONE
pokemon SPECIES_NONE
pokemon SPECIES_NONE
pokemon SPECIES_NONE
pokemon SPECIES_NONE
pokemon SPECIES_NONE
pokemon SPECIES_NONE
pokemon SPECIES_NONE
pokemon SPECIES_NONE
pokemon SPECIES_NONE
pokemon SPECIES_NONE

// day encounter slots
pokemon SPECIES_NONE
pokemon SPECIES_NONE
pokemon SPECIES_NONE
pokemon SPECIES_NONE
pokemon SPECIES_NONE
pokemon SPECIES_NONE
pokemon SPECIES_NONE
pokemon SPECIES_NONE
pokemon SPECIES_NONE
pokemon SPECIES_NONE
pokemon SPECIES_NONE
pokemon SPECIES_NONE

// night encounter slots
pokemon SPECIES_NONE
pokemon SPECIES_NONE
pokemon SPECIES_NONE
pokemon SPECIES_NONE
pokemon SPECIES_NONE
pokemon SPECIES_NONE
pokemon SPECIES_NONE
pokemon SPECIES_NONE
pokemon SPECIES_NONE
pokemon SPECIES_NONE
pokemon SPECIES_NONE
pokemon SPECIES_NONE

// hoenn encounter slots
pokemon SPECIES_NONE
pokemon SPECIES_NONE

// sinnoh encounter slots
pokemon SPECIES_NONE
pokemon SPECIES_NONE

// surf encounters
encounter SPECIES_PHIONE, 50, 50
encounter SPECIES_PHIONE, 50, 50
encounter SPECIES_MANAPHY, 50, 50
encounter SPECIES_MANAPHY, 50, 50
encounter SPECIES_MANAPHY, 50, 50

// rock smash encounters
encounter SPECIES_NONE, 0, 0
encounter SPECIES_NONE, 0, 0

// old rod encounters
encounter SPECIES_MAGIKARP, 50, 50
encounter SPECIES_MAGIKARP, 50, 50
encounter SPECIES_MAGIKARP, 50, 50
encounter SPECIES_TENTACOOL, 50, 50
encounter SPECIES_TENTACOOL, 50, 50

// good rod encounters
encounter SPECIES_MAGIKARP, 50, 50
encounter SPECIES_TENTACOOL, 50, 50
encounter SPECIES_CHINCHOU, 50, 50
encounter SPECIES_SHELLDER, 50, 50
encounter SPECIES_CHINCHOU, 50, 50

// super rod encounters
encounter SPECIES_CHINCHOU, 50, 50
encounter SPECIES_SHELLDER, 50, 50
encounter SPECIES_TENTACRUEL, 50, 50
encounter SPECIES_LANTURN, 50, 50
encounter SPECIES_TENTACRUEL, 50, 50

// swarm grass
pokemon SPECIES_NONE
// swarm surf
pokemon SPECIES_TENTACOOL
// swarm good rod
pokemon SPECIES_SHELLDER
// swarm super rod
pokemon SPECIES_MAGIKARP

.close

encounterdata  95   // Pallet Town

walkrate 0
surfrate 15
rocksmashrate 0
oldrodrate 25
goodrodrate 50
superrodrate 75
walklevels 0, 0, 0, 0, 0, 0, 0, 0, 0, 0, 0, 0

// morning encounter slots
pokemon SPECIES_NONE
pokemon SPECIES_NONE
pokemon SPECIES_NONE
pokemon SPECIES_NONE
pokemon SPECIES_NONE
pokemon SPECIES_NONE
pokemon SPECIES_NONE
pokemon SPECIES_NONE
pokemon SPECIES_NONE
pokemon SPECIES_NONE
pokemon SPECIES_NONE
pokemon SPECIES_NONE

// day encounter slots
pokemon SPECIES_NONE
pokemon SPECIES_NONE
pokemon SPECIES_NONE
pokemon SPECIES_NONE
pokemon SPECIES_NONE
pokemon SPECIES_NONE
pokemon SPECIES_NONE
pokemon SPECIES_NONE
pokemon SPECIES_NONE
pokemon SPECIES_NONE
pokemon SPECIES_NONE
pokemon SPECIES_NONE

// night encounter slots
pokemon SPECIES_NONE
pokemon SPECIES_NONE
pokemon SPECIES_NONE
pokemon SPECIES_NONE
pokemon SPECIES_NONE
pokemon SPECIES_NONE
pokemon SPECIES_NONE
pokemon SPECIES_NONE
pokemon SPECIES_NONE
pokemon SPECIES_NONE
pokemon SPECIES_NONE
pokemon SPECIES_NONE

// hoenn encounter slots
pokemon SPECIES_NONE
pokemon SPECIES_NONE

// sinnoh encounter slots
pokemon SPECIES_NONE
pokemon SPECIES_NONE

// surf encounters
encounter SPECIES_TENTACOOL, 50, 50
encounter SPECIES_TENTACOOL, 50, 50
encounter SPECIES_TENTACRUEL, 50, 50
encounter SPECIES_TENTACRUEL, 50, 50
encounter SPECIES_TENTACRUEL, 50, 50

// rock smash encounters
encounter SPECIES_NONE, 0, 0
encounter SPECIES_NONE, 0, 0

// old rod encounters
encounter SPECIES_MAGIKARP, 50, 50
encounter SPECIES_MAGIKARP, 50, 50
encounter SPECIES_MAGIKARP, 50, 50
encounter SPECIES_TENTACOOL, 50, 50
encounter SPECIES_TENTACOOL, 50, 50

// good rod encounters
encounter SPECIES_MAGIKARP, 50, 50
encounter SPECIES_TENTACOOL, 50, 50
encounter SPECIES_CHINCHOU, 50, 50
encounter SPECIES_SHELLDER, 50, 50
encounter SPECIES_CHINCHOU, 50, 50

// super rod encounters
encounter SPECIES_CHINCHOU, 50, 50
encounter SPECIES_SHELLDER, 50, 50
encounter SPECIES_TENTACRUEL, 50, 50
encounter SPECIES_LANTURN, 50, 50
encounter SPECIES_TENTACRUEL, 50, 50

// swarm grass
pokemon SPECIES_NONE
// swarm surf
pokemon SPECIES_TENTACOOL
// swarm good rod
pokemon SPECIES_SHELLDER
// swarm super rod
pokemon SPECIES_MAGIKARP

.close

encounterdata  96   // Viridian City

walkrate 0
surfrate 15
rocksmashrate 0
oldrodrate 25
goodrodrate 50
superrodrate 75
walklevels 0, 0, 0, 0, 0, 0, 0, 0, 0, 0, 0, 0

// morning encounter slots
pokemon SPECIES_NONE
pokemon SPECIES_NONE
pokemon SPECIES_NONE
pokemon SPECIES_NONE
pokemon SPECIES_NONE
pokemon SPECIES_NONE
pokemon SPECIES_NONE
pokemon SPECIES_NONE
pokemon SPECIES_NONE
pokemon SPECIES_NONE
pokemon SPECIES_NONE
pokemon SPECIES_NONE

// day encounter slots
pokemon SPECIES_NONE
pokemon SPECIES_NONE
pokemon SPECIES_NONE
pokemon SPECIES_NONE
pokemon SPECIES_NONE
pokemon SPECIES_NONE
pokemon SPECIES_NONE
pokemon SPECIES_NONE
pokemon SPECIES_NONE
pokemon SPECIES_NONE
pokemon SPECIES_NONE
pokemon SPECIES_NONE

// night encounter slots
pokemon SPECIES_NONE
pokemon SPECIES_NONE
pokemon SPECIES_NONE
pokemon SPECIES_NONE
pokemon SPECIES_NONE
pokemon SPECIES_NONE
pokemon SPECIES_NONE
pokemon SPECIES_NONE
pokemon SPECIES_NONE
pokemon SPECIES_NONE
pokemon SPECIES_NONE
pokemon SPECIES_NONE

// hoenn encounter slots
pokemon SPECIES_NONE
pokemon SPECIES_NONE

// sinnoh encounter slots
pokemon SPECIES_NONE
pokemon SPECIES_NONE

// surf encounters
encounter SPECIES_POLIWAG, 50, 50
encounter SPECIES_POLIWAG, 50, 50
encounter SPECIES_POLIWHIRL, 50, 50
encounter SPECIES_POLIWHIRL, 50, 50
encounter SPECIES_POLIWHIRL, 50, 50

// rock smash encounters
encounter SPECIES_NONE, 0, 0
encounter SPECIES_NONE, 0, 0

// old rod encounters
encounter SPECIES_MAGIKARP, 50, 50
encounter SPECIES_MAGIKARP, 50, 50
encounter SPECIES_MAGIKARP, 50, 50
encounter SPECIES_POLIWAG, 50, 50
encounter SPECIES_POLIWAG, 50, 50

// good rod encounters
encounter SPECIES_MAGIKARP, 50, 50
encounter SPECIES_POLIWAG, 50, 50
encounter SPECIES_POLIWAG, 50, 50
encounter SPECIES_POLIWAG, 50, 50
encounter SPECIES_POLIWAG, 50, 50

// super rod encounters
encounter SPECIES_BARRASKEWDA, 50, 50
encounter SPECIES_POLIWAG, 50, 50
encounter SPECIES_MAGIKARP, 50, 50
encounter SPECIES_POLIWAG, 50, 50
encounter SPECIES_MAGIKARP, 50, 50

// swarm grass
pokemon SPECIES_NONE
// swarm surf
pokemon SPECIES_POLIWAG
// swarm good rod
pokemon SPECIES_POLIWAG
// swarm super rod
pokemon SPECIES_MAGIKARP

.close

encounterdata  97   // Cerulean City

walkrate 0
surfrate 10
rocksmashrate 0
oldrodrate 25
goodrodrate 50
superrodrate 75
walklevels 0, 0, 0, 0, 0, 0, 0, 0, 0, 0, 0, 0

// morning encounter slots
pokemon SPECIES_NONE
pokemon SPECIES_NONE
pokemon SPECIES_NONE
pokemon SPECIES_NONE
pokemon SPECIES_NONE
pokemon SPECIES_NONE
pokemon SPECIES_NONE
pokemon SPECIES_NONE
pokemon SPECIES_NONE
pokemon SPECIES_NONE
pokemon SPECIES_NONE
pokemon SPECIES_NONE

// day encounter slots
pokemon SPECIES_NONE
pokemon SPECIES_NONE
pokemon SPECIES_NONE
pokemon SPECIES_NONE
pokemon SPECIES_NONE
pokemon SPECIES_NONE
pokemon SPECIES_NONE
pokemon SPECIES_NONE
pokemon SPECIES_NONE
pokemon SPECIES_NONE
pokemon SPECIES_NONE
pokemon SPECIES_NONE

// night encounter slots
pokemon SPECIES_NONE
pokemon SPECIES_NONE
pokemon SPECIES_NONE
pokemon SPECIES_NONE
pokemon SPECIES_NONE
pokemon SPECIES_NONE
pokemon SPECIES_NONE
pokemon SPECIES_NONE
pokemon SPECIES_NONE
pokemon SPECIES_NONE
pokemon SPECIES_NONE
pokemon SPECIES_NONE

// hoenn encounter slots
pokemon SPECIES_NONE
pokemon SPECIES_NONE

// sinnoh encounter slots
pokemon SPECIES_NONE
pokemon SPECIES_NONE

// surf encounters
encounter SPECIES_GOLDEEN, 50, 50
encounter SPECIES_GOLDEEN, 50, 50
encounter SPECIES_SEAKING, 50, 50
encounter SPECIES_SEAKING, 50, 50
encounter SPECIES_SEAKING, 50, 50

// rock smash encounters
encounter SPECIES_NONE, 0, 0
encounter SPECIES_NONE, 0, 0

// old rod encounters
encounter SPECIES_MAGIKARP, 50, 50
encounter SPECIES_MAGIKARP, 50, 50
encounter SPECIES_MAGIKARP, 50, 50
encounter SPECIES_GOLDEEN, 50, 50
encounter SPECIES_GOLDEEN, 50, 50

// good rod encounters
encounter SPECIES_MAGIKARP, 50, 50
encounter SPECIES_GOLDEEN, 50, 50
encounter SPECIES_GOLDEEN, 50, 50
encounter SPECIES_GOLDEEN, 50, 50
encounter SPECIES_GOLDEEN, 50, 50

// super rod encounters
encounter SPECIES_GOLDEEN, 50, 50
encounter SPECIES_GOLDEEN, 50, 50
encounter SPECIES_MAGIKARP, 50, 50
encounter SPECIES_SEAKING, 50, 50
encounter SPECIES_MAGIKARP, 50, 50

// swarm grass
pokemon SPECIES_NONE
// swarm surf
pokemon SPECIES_GOLDEEN
// swarm good rod
pokemon SPECIES_GOLDEEN
// swarm super rod
pokemon SPECIES_MAGIKARP

.close

encounterdata  98   // Vermilion City

walkrate 0
surfrate 15
rocksmashrate 40
oldrodrate 25
goodrodrate 50
superrodrate 75
walklevels 0, 0, 0, 0, 0, 0, 0, 0, 0, 0, 0, 0

// morning encounter slots
pokemon SPECIES_NONE
pokemon SPECIES_NONE
pokemon SPECIES_NONE
pokemon SPECIES_NONE
pokemon SPECIES_NONE
pokemon SPECIES_NONE
pokemon SPECIES_NONE
pokemon SPECIES_NONE
pokemon SPECIES_NONE
pokemon SPECIES_NONE
pokemon SPECIES_NONE
pokemon SPECIES_NONE

// day encounter slots
pokemon SPECIES_NONE
pokemon SPECIES_NONE
pokemon SPECIES_NONE
pokemon SPECIES_NONE
pokemon SPECIES_NONE
pokemon SPECIES_NONE
pokemon SPECIES_NONE
pokemon SPECIES_NONE
pokemon SPECIES_NONE
pokemon SPECIES_NONE
pokemon SPECIES_NONE
pokemon SPECIES_NONE

// night encounter slots
pokemon SPECIES_NONE
pokemon SPECIES_NONE
pokemon SPECIES_NONE
pokemon SPECIES_NONE
pokemon SPECIES_NONE
pokemon SPECIES_NONE
pokemon SPECIES_NONE
pokemon SPECIES_NONE
pokemon SPECIES_NONE
pokemon SPECIES_NONE
pokemon SPECIES_NONE
pokemon SPECIES_NONE

// hoenn encounter slots
pokemon SPECIES_NONE
pokemon SPECIES_NONE

// sinnoh encounter slots
pokemon SPECIES_NONE
pokemon SPECIES_NONE

// surf encounters
encounter SPECIES_TENTACOOL, 50, 50
encounter SPECIES_TENTACOOL, 50, 50
encounter SPECIES_TENTACRUEL, 50, 50
encounter SPECIES_TENTACRUEL, 50, 50
encounter SPECIES_TENTACRUEL, 50, 50

// rock smash encounters
encounter SPECIES_DIGLETT, 50, 50
encounter SPECIES_SHUCKLE, 50, 50

// old rod encounters
encounter SPECIES_MAGIKARP, 50, 50
encounter SPECIES_MAGIKARP, 50, 50
encounter SPECIES_MAGIKARP, 50, 50
encounter SPECIES_TENTACOOL, 50, 50
encounter SPECIES_TENTACOOL, 50, 50

// good rod encounters
encounter SPECIES_MAGIKARP, 50, 50
encounter SPECIES_TENTACOOL, 50, 50
encounter SPECIES_CHINCHOU, 50, 50
encounter SPECIES_SHELLDER, 50, 50
encounter SPECIES_CHINCHOU, 50, 50

// super rod encounters
encounter SPECIES_CHINCHOU, 50, 50
encounter SPECIES_SHELLDER, 50, 50
encounter SPECIES_TENTACRUEL, 50, 50
encounter SPECIES_LANTURN, 50, 50
encounter SPECIES_TENTACRUEL, 50, 50

// swarm grass
pokemon SPECIES_NONE
// swarm surf
pokemon SPECIES_WINGULL
// swarm good rod
pokemon SPECIES_SHELLDER
// swarm super rod
pokemon SPECIES_MAGIKARP

.close

encounterdata  99   // Celadon City

walkrate 0
surfrate 15
rocksmashrate 0
oldrodrate 0
goodrodrate 0
superrodrate 0
walklevels 0, 0, 0, 0, 0, 0, 0, 0, 0, 0, 0, 0

// morning encounter slots
pokemon SPECIES_NONE
pokemon SPECIES_NONE
pokemon SPECIES_NONE
pokemon SPECIES_NONE
pokemon SPECIES_NONE
pokemon SPECIES_NONE
pokemon SPECIES_NONE
pokemon SPECIES_NONE
pokemon SPECIES_NONE
pokemon SPECIES_NONE
pokemon SPECIES_NONE
pokemon SPECIES_NONE

// day encounter slots
pokemon SPECIES_NONE
pokemon SPECIES_NONE
pokemon SPECIES_NONE
pokemon SPECIES_NONE
pokemon SPECIES_NONE
pokemon SPECIES_NONE
pokemon SPECIES_NONE
pokemon SPECIES_NONE
pokemon SPECIES_NONE
pokemon SPECIES_NONE
pokemon SPECIES_NONE
pokemon SPECIES_NONE

// night encounter slots
pokemon SPECIES_NONE
pokemon SPECIES_NONE
pokemon SPECIES_NONE
pokemon SPECIES_NONE
pokemon SPECIES_NONE
pokemon SPECIES_NONE
pokemon SPECIES_NONE
pokemon SPECIES_NONE
pokemon SPECIES_NONE
pokemon SPECIES_NONE
pokemon SPECIES_NONE
pokemon SPECIES_NONE

// hoenn encounter slots
pokemon SPECIES_NONE
pokemon SPECIES_NONE

// sinnoh encounter slots
pokemon SPECIES_NONE
pokemon SPECIES_NONE

// surf encounters
encounter SPECIES_GRIMER, 50, 50
encounter SPECIES_GRIMER, 50, 50
encounter SPECIES_MUK, 50, 50
encounter SPECIES_MUK, 50, 50
encounter SPECIES_MUK, 50, 50

// rock smash encounters
encounter SPECIES_NONE, 0, 0
encounter SPECIES_NONE, 0, 0

// old rod encounters
encounter SPECIES_NONE, 0, 0
encounter SPECIES_NONE, 0, 0
encounter SPECIES_NONE, 0, 0
encounter SPECIES_NONE, 0, 0
encounter SPECIES_NONE, 0, 0

// good rod encounters
encounter SPECIES_NONE, 0, 0
encounter SPECIES_NONE, 0, 0
encounter SPECIES_NONE, 0, 0
encounter SPECIES_NONE, 0, 0
encounter SPECIES_NONE, 0, 0

// super rod encounters
encounter SPECIES_NONE, 0, 0
encounter SPECIES_NONE, 0, 0
encounter SPECIES_NONE, 0, 0
encounter SPECIES_NONE, 0, 0
encounter SPECIES_NONE, 0, 0

// swarm grass
pokemon SPECIES_NONE
// swarm surf
pokemon SPECIES_GRIMER
// swarm good rod
pokemon SPECIES_NONE
// swarm super rod
pokemon SPECIES_NONE

.close

encounterdata 100   // Fuchsia City

walkrate 0
surfrate 15
rocksmashrate 0
oldrodrate 25
goodrodrate 50
superrodrate 75
walklevels 0, 0, 0, 0, 0, 0, 0, 0, 0, 0, 0, 0

// morning encounter slots
pokemon SPECIES_NONE
pokemon SPECIES_NONE
pokemon SPECIES_NONE
pokemon SPECIES_NONE
pokemon SPECIES_NONE
pokemon SPECIES_NONE
pokemon SPECIES_NONE
pokemon SPECIES_NONE
pokemon SPECIES_NONE
pokemon SPECIES_NONE
pokemon SPECIES_NONE
pokemon SPECIES_NONE

// day encounter slots
pokemon SPECIES_NONE
pokemon SPECIES_NONE
pokemon SPECIES_NONE
pokemon SPECIES_NONE
pokemon SPECIES_NONE
pokemon SPECIES_NONE
pokemon SPECIES_NONE
pokemon SPECIES_NONE
pokemon SPECIES_NONE
pokemon SPECIES_NONE
pokemon SPECIES_NONE
pokemon SPECIES_NONE

// night encounter slots
pokemon SPECIES_NONE
pokemon SPECIES_NONE
pokemon SPECIES_NONE
pokemon SPECIES_NONE
pokemon SPECIES_NONE
pokemon SPECIES_NONE
pokemon SPECIES_NONE
pokemon SPECIES_NONE
pokemon SPECIES_NONE
pokemon SPECIES_NONE
pokemon SPECIES_NONE
pokemon SPECIES_NONE

// hoenn encounter slots
pokemon SPECIES_NONE
pokemon SPECIES_NONE

// sinnoh encounter slots
pokemon SPECIES_NONE
pokemon SPECIES_NONE

// surf encounters
encounter SPECIES_MAGIKARP, 50, 50
encounter SPECIES_MAGIKARP, 50, 50
encounter SPECIES_MAGIKARP, 50, 50
encounter SPECIES_MAGIKARP, 50, 50
encounter SPECIES_MAGIKARP, 50, 50

// rock smash encounters
encounter SPECIES_NONE, 0, 0
encounter SPECIES_NONE, 0, 0

// old rod encounters
encounter SPECIES_MAGIKARP, 50, 50
encounter SPECIES_MAGIKARP, 50, 50
encounter SPECIES_MAGIKARP, 50, 50
encounter SPECIES_MAGIKARP, 50, 50
encounter SPECIES_MAGIKARP, 50, 50

// good rod encounters
encounter SPECIES_MAGIKARP, 50, 50
encounter SPECIES_MAGIKARP, 50, 50
encounter SPECIES_MAGIKARP, 50, 50
encounter SPECIES_GYARADOS, 50, 50
encounter SPECIES_MAGIKARP, 50, 50

// super rod encounters
encounter SPECIES_MAGIKARP, 50, 50
encounter SPECIES_GYARADOS, 50, 50
encounter SPECIES_MAGIKARP, 50, 50
encounter SPECIES_MAGIKARP, 50, 50
encounter SPECIES_MAGIKARP, 50, 50

// swarm grass
pokemon SPECIES_NONE
// swarm surf
pokemon SPECIES_MAGIKARP
// swarm good rod
pokemon SPECIES_GYARADOS
// swarm super rod
pokemon SPECIES_MAGIKARP

.close

encounterdata 101   // Cinnabar Island

walkrate 0
surfrate 15
rocksmashrate 0
oldrodrate 25
goodrodrate 50
superrodrate 75
walklevels 0, 0, 0, 0, 0, 0, 0, 0, 0, 0, 0, 0

// morning encounter slots
pokemon SPECIES_NONE
pokemon SPECIES_NONE
pokemon SPECIES_NONE
pokemon SPECIES_NONE
pokemon SPECIES_NONE
pokemon SPECIES_NONE
pokemon SPECIES_NONE
pokemon SPECIES_NONE
pokemon SPECIES_NONE
pokemon SPECIES_NONE
pokemon SPECIES_NONE
pokemon SPECIES_NONE

// day encounter slots
pokemon SPECIES_NONE
pokemon SPECIES_NONE
pokemon SPECIES_NONE
pokemon SPECIES_NONE
pokemon SPECIES_NONE
pokemon SPECIES_NONE
pokemon SPECIES_NONE
pokemon SPECIES_NONE
pokemon SPECIES_NONE
pokemon SPECIES_NONE
pokemon SPECIES_NONE
pokemon SPECIES_NONE

// night encounter slots
pokemon SPECIES_NONE
pokemon SPECIES_NONE
pokemon SPECIES_NONE
pokemon SPECIES_NONE
pokemon SPECIES_NONE
pokemon SPECIES_NONE
pokemon SPECIES_NONE
pokemon SPECIES_NONE
pokemon SPECIES_NONE
pokemon SPECIES_NONE
pokemon SPECIES_NONE
pokemon SPECIES_NONE

// hoenn encounter slots
pokemon SPECIES_NONE
pokemon SPECIES_NONE

// sinnoh encounter slots
pokemon SPECIES_NONE
pokemon SPECIES_NONE

// surf encounters
encounter SPECIES_VOLCANION, 50, 50
encounter SPECIES_VOLCANION, 50, 50
encounter SPECIES_PALKIA, 50, 50
encounter SPECIES_PALKIA, 50, 50
encounter SPECIES_PALKIA, 50, 50

// rock smash encounters
encounter SPECIES_NONE, 0, 0
encounter SPECIES_NONE, 0, 0

// old rod encounters
encounter SPECIES_MAGIKARP, 50, 50
encounter SPECIES_MAGIKARP, 50, 50
encounter SPECIES_MAGIKARP, 50, 50
encounter SPECIES_TENTACOOL, 50, 50
encounter SPECIES_TENTACOOL, 50, 50

// good rod encounters
encounter SPECIES_MAGIKARP, 50, 50
encounter SPECIES_TENTACOOL, 50, 50
encounter SPECIES_CHINCHOU, 50, 50
encounter SPECIES_SHELLDER, 50, 50
encounter SPECIES_CHINCHOU, 50, 50

// super rod encounters
encounter SPECIES_CHINCHOU, 50, 50
encounter SPECIES_SHELLDER, 50, 50
encounter SPECIES_TENTACRUEL, 50, 50
encounter SPECIES_LANTURN, 50, 50
encounter SPECIES_TENTACRUEL, 50, 50

// swarm grass
pokemon SPECIES_NONE
// swarm surf
pokemon SPECIES_TENTACOOL
// swarm good rod
pokemon SPECIES_SHELLDER
// swarm super rod
pokemon SPECIES_MAGIKARP

.close

encounterdata 102
    .byte 0x19, 0x00, 0x00, 0x00, 0x00, 0x00, 0x00, 0x00, 0x19, 0x14, 0x14, 0x15, 0x16, 0x18, 0x15, 0x14
    .byte 0x14, 0x16, 0x16, 0x18, 0xF9, 0x03, 0x65, 0x01, 0x73, 0x00, 0x9C, 0x02, 0x60, 0x01, 0x2F, 0x03
    .byte 0x9A, 0x02, 0x9A, 0x02, 0x9A, 0x02, 0x2F, 0x03, 0x73, 0x00, 0x73, 0x00, 0xF9, 0x03, 0x65, 0x01
    .byte 0x73, 0x00, 0x9C, 0x02, 0x60, 0x01, 0x2F, 0x03, 0x9A, 0x02, 0x9A, 0x02, 0x9A, 0x02, 0x2F, 0x03
    .byte 0x73, 0x00, 0x73, 0x00, 0x86, 0x03, 0x9C, 0x03, 0x67, 0x01, 0x3D, 0x03, 0x60, 0x01, 0x3E, 0x03
    .byte 0x7E, 0x02, 0x7E, 0x02, 0x7E, 0x02, 0x3E, 0x03, 0x73, 0x00, 0x73, 0x00, 0x37, 0x01, 0x38, 0x01
    .byte 0x93, 0x01, 0x93, 0x01, 0x00, 0x00, 0x00, 0x00, 0x00, 0x00, 0x00, 0x00, 0x00, 0x00, 0x00, 0x00
    .byte 0x00, 0x00, 0x00, 0x00, 0x00, 0x00, 0x00, 0x00, 0x00, 0x00, 0x00, 0x00, 0x00, 0x00, 0x00, 0x00
    .byte 0x00, 0x00, 0x00, 0x00, 0x00, 0x00, 0x00, 0x00, 0x00, 0x00, 0x00, 0x00, 0x00, 0x00, 0x00, 0x00
    .byte 0x00, 0x00, 0x00, 0x00, 0x00, 0x00, 0x00, 0x00, 0x00, 0x00, 0x00, 0x00, 0x00, 0x00, 0x00, 0x00
    .byte 0x00, 0x00, 0x00, 0x00, 0x00, 0x00, 0x00, 0x00, 0x00, 0x00, 0x00, 0x00, 0x00, 0x00, 0x00, 0x00
    .byte 0x00, 0x00, 0x00, 0x00, 0x00, 0x00, 0x00, 0x00, 0x00, 0x00, 0x00, 0x00, 0x80, 0x00, 0x00, 0x00
    .byte 0x00, 0x00, 0x00, 0x00
    .close

encounterdata 103
    .byte 0x19, 0x0A, 0x00, 0x19, 0x32, 0x4B, 0x00, 0x00, 0x1C, 0x1C, 0x1C, 0x1C, 0x20, 0x20, 0x1E, 0x1E
    .byte 0x1E, 0x1E, 0x1E, 0x1E, 0x54, 0x00, 0x1C, 0x00, 0x54, 0x00, 0x1C, 0x00, 0x4D, 0x00, 0x4D, 0x00
    .byte 0x54, 0x00, 0x54, 0x00, 0x14, 0x00, 0x55, 0x00, 0x14, 0x00, 0x55, 0x00, 0x54, 0x00, 0x1C, 0x00
    .byte 0x54, 0x00, 0x1C, 0x00, 0x4D, 0x00, 0x4D, 0x00, 0x54, 0x00, 0x54, 0x00, 0x14, 0x00, 0x55, 0x00
    .byte 0x14, 0x00, 0x55, 0x00, 0x14, 0x00, 0x1C, 0x00, 0x14, 0x00, 0x1C, 0x00, 0x4D, 0x00, 0x4D, 0x00
    .byte 0x14, 0x00, 0x14, 0x00, 0xC3, 0x00, 0xC3, 0x00, 0xC3, 0x00, 0xC3, 0x00, 0x25, 0x01, 0x08, 0x01
    .byte 0xA2, 0x01, 0x8F, 0x01, 0x1E, 0x1E, 0x48, 0x00, 0x19, 0x19, 0x48, 0x00, 0x1E, 0x1E, 0x49, 0x00
    .byte 0x1E, 0x1E, 0x49, 0x00, 0x1E, 0x1E, 0x99, 0x03, 0x00, 0x00, 0x00, 0x00, 0x00, 0x00, 0x00, 0x00
    .byte 0x0A, 0x0A, 0x81, 0x00, 0x0A, 0x0A, 0x81, 0x00, 0x0A, 0x0A, 0x81, 0x00, 0x0A, 0x0A, 0x48, 0x00
    .byte 0x0A, 0x0A, 0x48, 0x00, 0x14, 0x14, 0x81, 0x00, 0x14, 0x14, 0x48, 0x00, 0x14, 0x14, 0xAA, 0x00
    .byte 0x14, 0x14, 0x5A, 0x00, 0x14, 0x14, 0xAA, 0x00, 0x28, 0x28, 0xAA, 0x00, 0x28, 0x28, 0x5A, 0x00
    .byte 0x28, 0x28, 0x49, 0x00, 0x28, 0x28, 0xAB, 0x00, 0x28, 0x28, 0x49, 0x00, 0x54, 0x00, 0x48, 0x00
    .byte 0x5A, 0x00, 0x81, 0x00
    .close

encounterdata 104
    .byte 0x19, 0x0A, 0x00, 0x19, 0x32, 0x4B, 0x00, 0x00, 0x1C, 0x1C, 0x1C, 0x1C, 0x1E, 0x1E, 0x1E, 0x1E
    .byte 0x20, 0x1E, 0x20, 0x1E, 0x54, 0x00, 0x14, 0x00, 0x54, 0x00, 0x14, 0x00, 0x54, 0x00, 0x54, 0x00
    .byte 0x14, 0x00, 0x14, 0x00, 0x4D, 0x00, 0x1C, 0x00, 0x4D, 0x00, 0x1C, 0x00, 0x54, 0x00, 0x14, 0x00
    .byte 0x54, 0x00, 0x14, 0x00, 0x54, 0x00, 0x54, 0x00, 0x14, 0x00, 0x14, 0x00, 0x4D, 0x00, 0x1C, 0x00
    .byte 0x4D, 0x00, 0x1C, 0x00, 0xC3, 0x00, 0x14, 0x00, 0xC3, 0x00, 0x14, 0x00, 0xC3, 0x00, 0xC3, 0x00
    .byte 0x14, 0x00, 0x14, 0x00, 0x4D, 0x00, 0x1C, 0x00, 0x4D, 0x00, 0x1C, 0x00, 0x25, 0x01, 0x08, 0x01
    .byte 0xA2, 0x01, 0x8F, 0x01, 0x14, 0x14, 0x48, 0x00, 0x0F, 0x0F, 0x48, 0x00, 0x14, 0x14, 0x49, 0x00
    .byte 0x14, 0x14, 0x49, 0x00, 0x14, 0x14, 0x49, 0x00, 0x00, 0x00, 0x00, 0x00, 0x00, 0x00, 0x00, 0x00
    .byte 0x0A, 0x0A, 0x81, 0x00, 0x0A, 0x0A, 0x81, 0x00, 0x0A, 0x0A, 0x81, 0x00, 0x0A, 0x0A, 0x48, 0x00
    .byte 0x0A, 0x0A, 0x48, 0x00, 0x14, 0x14, 0x81, 0x00, 0x14, 0x14, 0x48, 0x00, 0x14, 0x14, 0xAA, 0x00
    .byte 0x14, 0x14, 0x5A, 0x00, 0x14, 0x14, 0xAA, 0x00, 0x28, 0x28, 0xAA, 0x00, 0x28, 0x28, 0x5A, 0x00
    .byte 0x28, 0x28, 0x49, 0x00, 0x28, 0x28, 0xAB, 0x00, 0x28, 0x28, 0x49, 0x00, 0x54, 0x00, 0x72, 0x01
    .byte 0x5A, 0x00, 0x81, 0x00
    .close

encounterdata 105
    .byte 0x19, 0x0A, 0x00, 0x19, 0x32, 0x4B, 0x00, 0x00, 0x27, 0x28, 0x27, 0x28, 0x28, 0x28, 0x2A, 0x2A
    .byte 0x29, 0x2B, 0x29, 0x2B, 0xED, 0x01, 0xAC, 0x03, 0xB1, 0x03, 0x57, 0x03, 0x57, 0x03, 0xB1, 0x03
    .byte 0xAC, 0x03, 0xAC, 0x03, 0xED, 0x01, 0xED, 0x01, 0xED, 0x01, 0xED, 0x01, 0xED, 0x01, 0xAC, 0x03
    .byte 0xB1, 0x03, 0x57, 0x03, 0x57, 0x03, 0xB1, 0x03, 0xAC, 0x03, 0xAC, 0x03, 0xED, 0x01, 0xED, 0x01
    .byte 0xED, 0x01, 0xED, 0x01, 0xED, 0x01, 0xAC, 0x03, 0xB1, 0x03, 0x57, 0x03, 0x57, 0x03, 0xB1, 0x03
    .byte 0xAC, 0x03, 0xAC, 0x03, 0xED, 0x01, 0xED, 0x01, 0xED, 0x01, 0xED, 0x01, 0x25, 0x01, 0x08, 0x01
    .byte 0xA2, 0x01, 0x8F, 0x01, 0x28, 0x28, 0x3C, 0x00, 0x23, 0x23, 0x3C, 0x00, 0x28, 0x28, 0x3D, 0x00
    .byte 0x28, 0x28, 0x3D, 0x00, 0x28, 0x28, 0x3D, 0x00, 0x00, 0x00, 0x00, 0x00, 0x00, 0x00, 0x00, 0x00
    .byte 0x0A, 0x0A, 0x81, 0x00, 0x0A, 0x0A, 0x81, 0x00, 0x0A, 0x0A, 0x81, 0x00, 0x0A, 0x0A, 0x3C, 0x00
    .byte 0x0A, 0x0A, 0x3C, 0x00, 0x14, 0x14, 0x81, 0x00, 0x14, 0x14, 0x3C, 0x00, 0x14, 0x14, 0x3C, 0x00
    .byte 0x14, 0x14, 0x3C, 0x00, 0x14, 0x14, 0x3C, 0x00, 0x28, 0x28, 0x3C, 0x00, 0x28, 0x28, 0x3C, 0x00
    .byte 0x28, 0x28, 0x81, 0x00, 0x28, 0x28, 0x3C, 0x00, 0x28, 0x28, 0x81, 0x00, 0x72, 0x00, 0x3C, 0x00
    .byte 0x3C, 0x00, 0x81, 0x00
    .close

encounterdata 106   // Mt. Moon 1F

walkrate 15
surfrate 0
rocksmashrate 0
oldrodrate 0
goodrodrate 0
superrodrate 0
walklevels 50, 50, 50, 50, 50, 50, 50, 50, 50, 50, 50, 50

// morning encounter slots
pokemon SPECIES_IRON_JUGULIS
pokemon SPECIES_IRON_MOTH
pokemon SPECIES_IRON_THORNS
pokemon SPECIES_RESHIRAM
pokemon SPECIES_RESHIRAM
pokemon SPECIES_IRON_THORNS
pokemon SPECIES_IRON_MOTH
pokemon SPECIES_IRON_MOTH
pokemon SPECIES_IRON_JUGULIS
pokemon SPECIES_IRON_JUGULIS
pokemon SPECIES_IRON_JUGULIS
pokemon SPECIES_IRON_JUGULIS

// day encounter slots
pokemon SPECIES_IRON_JUGULIS
pokemon SPECIES_IRON_MOTH
pokemon SPECIES_IRON_THORNS
pokemon SPECIES_RESHIRAM
pokemon SPECIES_RESHIRAM
pokemon SPECIES_IRON_THORNS
pokemon SPECIES_IRON_MOTH
pokemon SPECIES_IRON_MOTH
pokemon SPECIES_IRON_JUGULIS
pokemon SPECIES_IRON_JUGULIS
pokemon SPECIES_IRON_JUGULIS
pokemon SPECIES_IRON_JUGULIS

// night encounter slots
pokemon SPECIES_IRON_JUGULIS
pokemon SPECIES_IRON_MOTH
pokemon SPECIES_IRON_THORNS
pokemon SPECIES_RESHIRAM
pokemon SPECIES_RESHIRAM
pokemon SPECIES_IRON_THORNS
pokemon SPECIES_IRON_MOTH
pokemon SPECIES_IRON_MOTH
pokemon SPECIES_IRON_JUGULIS
pokemon SPECIES_IRON_JUGULIS
pokemon SPECIES_IRON_JUGULIS
pokemon SPECIES_IRON_JUGULIS

// hoenn encounter slots
pokemon SPECIES_ABSOL
pokemon SPECIES_MAKUHITA

// sinnoh encounter slots
pokemon SPECIES_BRONZOR
pokemon SPECIES_CHINGLING

// surf encounters
encounter SPECIES_NONE, 0, 0
encounter SPECIES_NONE, 0, 0
encounter SPECIES_NONE, 0, 0
encounter SPECIES_NONE, 0, 0
encounter SPECIES_NONE, 0, 0

// rock smash encounters
encounter SPECIES_NONE, 0, 0
encounter SPECIES_NONE, 0, 0

// old rod encounters
encounter SPECIES_NONE, 0, 0
encounter SPECIES_NONE, 0, 0
encounter SPECIES_NONE, 0, 0
encounter SPECIES_NONE, 0, 0
encounter SPECIES_NONE, 0, 0

// good rod encounters
encounter SPECIES_NONE, 0, 0
encounter SPECIES_NONE, 0, 0
encounter SPECIES_NONE, 0, 0
encounter SPECIES_NONE, 0, 0
encounter SPECIES_NONE, 0, 0

// super rod encounters
encounter SPECIES_NONE, 0, 0
encounter SPECIES_NONE, 0, 0
encounter SPECIES_NONE, 0, 0
encounter SPECIES_NONE, 0, 0
encounter SPECIES_NONE, 0, 0

// swarm grass
pokemon SPECIES_ZUBAT
// swarm surf
pokemon SPECIES_NONE
// swarm good rod
pokemon SPECIES_NONE
// swarm super rod
pokemon SPECIES_NONE

.close

encounterdata 107   // Mt. Moon 2F

walkrate 15
surfrate 0
rocksmashrate 0
oldrodrate 0
goodrodrate 0
superrodrate 0
walklevels 50, 50, 50, 50, 50, 50, 50, 50, 50, 50, 50, 50

// morning encounter slots
pokemon SPECIES_IRON_JUGULIS
pokemon SPECIES_IRON_MOTH
pokemon SPECIES_IRON_THORNS
pokemon SPECIES_RESHIRAM
pokemon SPECIES_RESHIRAM
pokemon SPECIES_IRON_THORNS
pokemon SPECIES_IRON_MOTH
pokemon SPECIES_IRON_MOTH
pokemon SPECIES_IRON_JUGULIS
pokemon SPECIES_IRON_JUGULIS
pokemon SPECIES_IRON_JUGULIS
pokemon SPECIES_IRON_JUGULIS

// day encounter slots
pokemon SPECIES_IRON_JUGULIS
pokemon SPECIES_IRON_MOTH
pokemon SPECIES_IRON_THORNS
pokemon SPECIES_RESHIRAM
pokemon SPECIES_RESHIRAM
pokemon SPECIES_IRON_THORNS
pokemon SPECIES_IRON_MOTH
pokemon SPECIES_IRON_MOTH
pokemon SPECIES_IRON_JUGULIS
pokemon SPECIES_IRON_JUGULIS
pokemon SPECIES_IRON_JUGULIS
pokemon SPECIES_IRON_JUGULIS

// night encounter slots
pokemon SPECIES_IRON_JUGULIS
pokemon SPECIES_IRON_MOTH
pokemon SPECIES_IRON_THORNS
pokemon SPECIES_RESHIRAM
pokemon SPECIES_RESHIRAM
pokemon SPECIES_IRON_THORNS
pokemon SPECIES_IRON_MOTH
pokemon SPECIES_IRON_MOTH
pokemon SPECIES_IRON_JUGULIS
pokemon SPECIES_IRON_JUGULIS
pokemon SPECIES_IRON_JUGULIS
pokemon SPECIES_IRON_JUGULIS

// hoenn encounter slots
pokemon SPECIES_ABSOL
pokemon SPECIES_MAKUHITA

// sinnoh encounter slots
pokemon SPECIES_BRONZOR
pokemon SPECIES_CHINGLING

// surf encounters
encounter SPECIES_NONE, 0, 0
encounter SPECIES_NONE, 0, 0
encounter SPECIES_NONE, 0, 0
encounter SPECIES_NONE, 0, 0
encounter SPECIES_NONE, 0, 0

// rock smash encounters
encounter SPECIES_NONE, 0, 0
encounter SPECIES_NONE, 0, 0

// old rod encounters
encounter SPECIES_NONE, 0, 0
encounter SPECIES_NONE, 0, 0
encounter SPECIES_NONE, 0, 0
encounter SPECIES_NONE, 0, 0
encounter SPECIES_NONE, 0, 0

// good rod encounters
encounter SPECIES_NONE, 0, 0
encounter SPECIES_NONE, 0, 0
encounter SPECIES_NONE, 0, 0
encounter SPECIES_NONE, 0, 0
encounter SPECIES_NONE, 0, 0

// super rod encounters
encounter SPECIES_NONE, 0, 0
encounter SPECIES_NONE, 0, 0
encounter SPECIES_NONE, 0, 0
encounter SPECIES_NONE, 0, 0
encounter SPECIES_NONE, 0, 0

// swarm grass
pokemon SPECIES_ZUBAT
// swarm surf
pokemon SPECIES_NONE
// swarm good rod
pokemon SPECIES_NONE
// swarm super rod
pokemon SPECIES_NONE

.close

encounterdata 108   // Rock Tunnel 1F

walkrate 15
surfrate 0
rocksmashrate 0
oldrodrate 0
goodrodrate 0
superrodrate 0
walklevels 50, 50, 50, 50, 50, 50, 50, 50, 50, 50, 50, 50

// morning encounter slots
pokemon SPECIES_DIANCIE
pokemon SPECIES_DIALGA
pokemon SPECIES_REGISTEEL
pokemon SPECIES_DIANCIE
pokemon SPECIES_REGISTEEL
pokemon SPECIES_DIALGA
pokemon SPECIES_DIANCIE
pokemon SPECIES_REGISTEEL
pokemon SPECIES_REGISTEEL
pokemon SPECIES_DIANCIE
pokemon SPECIES_DIALGA
pokemon SPECIES_DIALGA

// day encounter slots
pokemon SPECIES_DIANCIE
pokemon SPECIES_DIALGA
pokemon SPECIES_REGISTEEL
pokemon SPECIES_DIANCIE
pokemon SPECIES_REGISTEEL
pokemon SPECIES_DIALGA
pokemon SPECIES_DIANCIE
pokemon SPECIES_REGISTEEL
pokemon SPECIES_REGISTEEL
pokemon SPECIES_DIANCIE
pokemon SPECIES_DIALGA
pokemon SPECIES_DIALGA

// night encounter slots
pokemon SPECIES_DIANCIE
pokemon SPECIES_DIALGA
pokemon SPECIES_REGISTEEL
pokemon SPECIES_DIANCIE
pokemon SPECIES_REGISTEEL
pokemon SPECIES_DIALGA
pokemon SPECIES_DIANCIE
pokemon SPECIES_REGISTEEL
pokemon SPECIES_REGISTEEL
pokemon SPECIES_DIANCIE
pokemon SPECIES_DIALGA
pokemon SPECIES_DIALGA

// hoenn encounter slots
pokemon SPECIES_ABSOL
pokemon SPECIES_MAKUHITA

// sinnoh encounter slots
pokemon SPECIES_BRONZOR
pokemon SPECIES_CHINGLING

// surf encounters
encounter SPECIES_NONE, 0, 0
encounter SPECIES_NONE, 0, 0
encounter SPECIES_NONE, 0, 0
encounter SPECIES_NONE, 0, 0
encounter SPECIES_NONE, 0, 0

// rock smash encounters
encounter SPECIES_NONE, 0, 0
encounter SPECIES_NONE, 0, 0

// old rod encounters
encounter SPECIES_NONE, 0, 0
encounter SPECIES_NONE, 0, 0
encounter SPECIES_NONE, 0, 0
encounter SPECIES_NONE, 0, 0
encounter SPECIES_NONE, 0, 0

// good rod encounters
encounter SPECIES_NONE, 0, 0
encounter SPECIES_NONE, 0, 0
encounter SPECIES_NONE, 0, 0
encounter SPECIES_NONE, 0, 0
encounter SPECIES_NONE, 0, 0

// super rod encounters
encounter SPECIES_NONE, 0, 0
encounter SPECIES_NONE, 0, 0
encounter SPECIES_NONE, 0, 0
encounter SPECIES_NONE, 0, 0
encounter SPECIES_NONE, 0, 0

// swarm grass
pokemon SPECIES_CUBONE
// swarm surf
pokemon SPECIES_NONE
// swarm good rod
pokemon SPECIES_NONE
// swarm super rod
pokemon SPECIES_NONE

.close

encounterdata 109   // Rock Tunnel B1F

walkrate 15
surfrate 0
rocksmashrate 20
oldrodrate 0
goodrodrate 0
superrodrate 0
walklevels 50, 50, 50, 50, 50, 50, 50, 50, 50, 50, 50, 50

// morning encounter slots
pokemon SPECIES_DIANCIE
pokemon SPECIES_DIALGA
pokemon SPECIES_REGISTEEL
pokemon SPECIES_DIANCIE
pokemon SPECIES_REGISTEEL
pokemon SPECIES_DIALGA
pokemon SPECIES_DIANCIE
pokemon SPECIES_REGISTEEL
pokemon SPECIES_REGISTEEL
pokemon SPECIES_DIANCIE
pokemon SPECIES_DIALGA
pokemon SPECIES_DIALGA

// day encounter slots
pokemon SPECIES_DIANCIE
pokemon SPECIES_DIALGA
pokemon SPECIES_REGISTEEL
pokemon SPECIES_DIANCIE
pokemon SPECIES_REGISTEEL
pokemon SPECIES_DIALGA
pokemon SPECIES_DIANCIE
pokemon SPECIES_REGISTEEL
pokemon SPECIES_REGISTEEL
pokemon SPECIES_DIANCIE
pokemon SPECIES_DIALGA
pokemon SPECIES_DIALGA

// night encounter slots
pokemon SPECIES_DIANCIE
pokemon SPECIES_DIALGA
pokemon SPECIES_REGISTEEL
pokemon SPECIES_DIANCIE
pokemon SPECIES_REGISTEEL
pokemon SPECIES_DIALGA
pokemon SPECIES_DIANCIE
pokemon SPECIES_REGISTEEL
pokemon SPECIES_REGISTEEL
pokemon SPECIES_DIANCIE
pokemon SPECIES_DIALGA
pokemon SPECIES_DIALGA

// hoenn encounter slots
pokemon SPECIES_ABSOL
pokemon SPECIES_MAKUHITA

// sinnoh encounter slots
pokemon SPECIES_BRONZOR
pokemon SPECIES_CHINGLING

// surf encounters
encounter SPECIES_NONE, 0, 0
encounter SPECIES_NONE, 0, 0
encounter SPECIES_NONE, 0, 0
encounter SPECIES_NONE, 0, 0
encounter SPECIES_NONE, 0, 0

// rock smash encounters
encounter SPECIES_GEODUDE, 50, 50
encounter SPECIES_GEODUDE, 50, 50

// old rod encounters
encounter SPECIES_NONE, 0, 0
encounter SPECIES_NONE, 0, 0
encounter SPECIES_NONE, 0, 0
encounter SPECIES_NONE, 0, 0
encounter SPECIES_NONE, 0, 0

// good rod encounters
encounter SPECIES_NONE, 0, 0
encounter SPECIES_NONE, 0, 0
encounter SPECIES_NONE, 0, 0
encounter SPECIES_NONE, 0, 0
encounter SPECIES_NONE, 0, 0

// super rod encounters
encounter SPECIES_NONE, 0, 0
encounter SPECIES_NONE, 0, 0
encounter SPECIES_NONE, 0, 0
encounter SPECIES_NONE, 0, 0
encounter SPECIES_NONE, 0, 0

// swarm grass
pokemon SPECIES_CUBONE
// swarm surf
pokemon SPECIES_NONE
// swarm good rod
pokemon SPECIES_NONE
// swarm super rod
pokemon SPECIES_NONE

.close

encounterdata 110   // Victory Road 1F

walkrate 10
surfrate 0
rocksmashrate 0
oldrodrate 0
goodrodrate 0
superrodrate 0
walklevels 50, 50, 50, 50, 50, 50, 50, 50, 50, 50, 50, 50

// morning encounter slots
pokemon SPECIES_GRAVELER
pokemon SPECIES_GOLBAT
pokemon SPECIES_GRAVELER
pokemon SPECIES_GOLBAT
pokemon SPECIES_DONPHAN
pokemon SPECIES_DONPHAN
pokemon SPECIES_ONIX
pokemon SPECIES_ONIX
pokemon SPECIES_ONIX
pokemon SPECIES_RHYHORN
pokemon SPECIES_ONIX
pokemon SPECIES_RHYHORN

// day encounter slots
pokemon SPECIES_GRAVELER
pokemon SPECIES_GOLBAT
pokemon SPECIES_GRAVELER
pokemon SPECIES_GOLBAT
pokemon SPECIES_DONPHAN
pokemon SPECIES_DONPHAN
pokemon SPECIES_ONIX
pokemon SPECIES_ONIX
pokemon SPECIES_ONIX
pokemon SPECIES_RHYHORN
pokemon SPECIES_ONIX
pokemon SPECIES_RHYHORN

// night encounter slots
pokemon SPECIES_GRAVELER
pokemon SPECIES_GOLBAT
pokemon SPECIES_GRAVELER
pokemon SPECIES_GOLBAT
pokemon SPECIES_DONPHAN
pokemon SPECIES_DONPHAN
pokemon SPECIES_ONIX
pokemon SPECIES_ONIX
pokemon SPECIES_ONIX
pokemon SPECIES_RHYHORN
pokemon SPECIES_ONIX
pokemon SPECIES_RHYHORN

// hoenn encounter slots
pokemon SPECIES_ABSOL
pokemon SPECIES_MAKUHITA

// sinnoh encounter slots
pokemon SPECIES_BRONZOR
pokemon SPECIES_CHINGLING

// surf encounters
encounter SPECIES_NONE, 0, 0
encounter SPECIES_NONE, 0, 0
encounter SPECIES_NONE, 0, 0
encounter SPECIES_NONE, 0, 0
encounter SPECIES_NONE, 0, 0

// rock smash encounters
encounter SPECIES_NONE, 0, 0
encounter SPECIES_NONE, 0, 0

// old rod encounters
encounter SPECIES_NONE, 0, 0
encounter SPECIES_NONE, 0, 0
encounter SPECIES_NONE, 0, 0
encounter SPECIES_NONE, 0, 0
encounter SPECIES_NONE, 0, 0

// good rod encounters
encounter SPECIES_NONE, 0, 0
encounter SPECIES_NONE, 0, 0
encounter SPECIES_NONE, 0, 0
encounter SPECIES_NONE, 0, 0
encounter SPECIES_NONE, 0, 0

// super rod encounters
encounter SPECIES_NONE, 0, 0
encounter SPECIES_NONE, 0, 0
encounter SPECIES_NONE, 0, 0
encounter SPECIES_NONE, 0, 0
encounter SPECIES_NONE, 0, 0

// swarm grass
pokemon SPECIES_GRAVELER
// swarm surf
pokemon SPECIES_NONE
// swarm good rod
pokemon SPECIES_NONE
// swarm super rod
pokemon SPECIES_NONE

.close

encounterdata 111   // Route 1

walkrate 20
surfrate 0
rocksmashrate 0
oldrodrate 0
goodrodrate 0
superrodrate 0
walklevels 50, 50, 50, 50, 50, 50, 50, 50, 50, 50, 50, 50

// morning encounter slots
pokemon SPECIES_BLACEPHALON
pokemon SPECIES_ZACIAN
pokemon SPECIES_ZAMAZENTA
pokemon SPECIES_BLACEPHALON
pokemon SPECIES_ZACIAN
pokemon SPECIES_ZAMAZENTA
pokemon SPECIES_BLACEPHALON
pokemon SPECIES_ZACIAN
pokemon SPECIES_BLACEPHALON
pokemon SPECIES_ZACIAN
pokemon SPECIES_ZAMAZENTA
pokemon SPECIES_ZAMAZENTA

// day encounter slots
pokemon SPECIES_BLACEPHALON
pokemon SPECIES_ZACIAN
pokemon SPECIES_ZAMAZENTA
pokemon SPECIES_BLACEPHALON
pokemon SPECIES_ZACIAN
pokemon SPECIES_ZAMAZENTA
pokemon SPECIES_BLACEPHALON
pokemon SPECIES_ZACIAN
pokemon SPECIES_BLACEPHALON
pokemon SPECIES_ZACIAN
pokemon SPECIES_ZAMAZENTA
pokemon SPECIES_ZAMAZENTA

// night encounter slots
pokemon SPECIES_BLACEPHALON
pokemon SPECIES_ZACIAN
pokemon SPECIES_ZAMAZENTA
pokemon SPECIES_BLACEPHALON
pokemon SPECIES_ZACIAN
pokemon SPECIES_ZAMAZENTA
pokemon SPECIES_BLACEPHALON
pokemon SPECIES_ZACIAN
pokemon SPECIES_BLACEPHALON
pokemon SPECIES_ZACIAN
pokemon SPECIES_ZAMAZENTA
pokemon SPECIES_ZAMAZENTA

// hoenn encounter slots
pokemon SPECIES_PLUSLE
pokemon SPECIES_MINUN

// sinnoh encounter slots
pokemon SPECIES_SHINX
pokemon SPECIES_SHINX

// surf encounters
encounter SPECIES_NONE, 0, 0
encounter SPECIES_NONE, 0, 0
encounter SPECIES_NONE, 0, 0
encounter SPECIES_NONE, 0, 0
encounter SPECIES_NONE, 0, 0

// rock smash encounters
encounter SPECIES_NONE, 0, 0
encounter SPECIES_NONE, 0, 0

// old rod encounters
encounter SPECIES_NONE, 0, 0
encounter SPECIES_NONE, 0, 0
encounter SPECIES_NONE, 0, 0
encounter SPECIES_NONE, 0, 0
encounter SPECIES_NONE, 0, 0

// good rod encounters
encounter SPECIES_NONE, 0, 0
encounter SPECIES_NONE, 0, 0
encounter SPECIES_NONE, 0, 0
encounter SPECIES_NONE, 0, 0
encounter SPECIES_NONE, 0, 0

// super rod encounters
encounter SPECIES_NONE, 0, 0
encounter SPECIES_NONE, 0, 0
encounter SPECIES_NONE, 0, 0
encounter SPECIES_NONE, 0, 0
encounter SPECIES_NONE, 0, 0

// swarm grass
pokemon SPECIES_POOCHYENA
// swarm surf
pokemon SPECIES_NONE
// swarm good rod
pokemon SPECIES_NONE
// swarm super rod
pokemon SPECIES_NONE

.close

encounterdata 112   // Route 2 (South, below Viridian Forest)

walkrate 20
surfrate 0
rocksmashrate 0
oldrodrate 0
goodrodrate 0
superrodrate 0
walklevels 50, 50, 50, 50, 50, 50, 50, 50, 50, 50, 50, 50

// morning encounter slots
pokemon SPECIES_VIRIZION
pokemon SPECIES_PHEROMOSA
pokemon SPECIES_MELTAN
pokemon SPECIES_VIRIZION
pokemon SPECIES_PHEROMOSA
pokemon SPECIES_MELTAN
pokemon SPECIES_VIRIZION
pokemon SPECIES_PHEROMOSA
pokemon SPECIES_MELTAN
pokemon SPECIES_VIRIZION
pokemon SPECIES_PHEROMOSA
pokemon SPECIES_MELTAN

// day encounter slots
pokemon SPECIES_VIRIZION
pokemon SPECIES_PHEROMOSA
pokemon SPECIES_MELTAN
pokemon SPECIES_VIRIZION
pokemon SPECIES_PHEROMOSA
pokemon SPECIES_MELTAN
pokemon SPECIES_VIRIZION
pokemon SPECIES_PHEROMOSA
pokemon SPECIES_MELTAN
pokemon SPECIES_VIRIZION
pokemon SPECIES_PHEROMOSA
pokemon SPECIES_MELTAN

// night encounter slots
pokemon SPECIES_VIRIZION
pokemon SPECIES_PHEROMOSA
pokemon SPECIES_MELTAN
pokemon SPECIES_VIRIZION
pokemon SPECIES_PHEROMOSA
pokemon SPECIES_MELTAN
pokemon SPECIES_VIRIZION
pokemon SPECIES_PHEROMOSA
pokemon SPECIES_MELTAN
pokemon SPECIES_VIRIZION
pokemon SPECIES_PHEROMOSA
pokemon SPECIES_MELTAN

// hoenn encounter slots
pokemon SPECIES_PLUSLE
pokemon SPECIES_MINUN

// sinnoh encounter slots
pokemon SPECIES_SHINX
pokemon SPECIES_SHINX

// surf encounters
encounter SPECIES_NONE, 0, 0
encounter SPECIES_NONE, 0, 0
encounter SPECIES_NONE, 0, 0
encounter SPECIES_NONE, 0, 0
encounter SPECIES_NONE, 0, 0

// rock smash encounters
encounter SPECIES_NONE, 0, 0
encounter SPECIES_NONE, 0, 0

// old rod encounters
encounter SPECIES_NONE, 0, 0
encounter SPECIES_NONE, 0, 0
encounter SPECIES_NONE, 0, 0
encounter SPECIES_NONE, 0, 0
encounter SPECIES_NONE, 0, 0

// good rod encounters
encounter SPECIES_NONE, 0, 0
encounter SPECIES_NONE, 0, 0
encounter SPECIES_NONE, 0, 0
encounter SPECIES_NONE, 0, 0
encounter SPECIES_NONE, 0, 0

// super rod encounters
encounter SPECIES_NONE, 0, 0
encounter SPECIES_NONE, 0, 0
encounter SPECIES_NONE, 0, 0
encounter SPECIES_NONE, 0, 0
encounter SPECIES_NONE, 0, 0

// swarm grass
pokemon SPECIES_CATERPIE
// swarm surf
pokemon SPECIES_NONE
// swarm good rod
pokemon SPECIES_NONE
// swarm super rod
pokemon SPECIES_NONE

.close

encounterdata 113   // Route 3

walkrate 20
surfrate 0
rocksmashrate 0
oldrodrate 0
goodrodrate 0
superrodrate 0
walklevels 50, 50, 50, 50, 50, 50, 50, 50, 50, 50, 50, 50

// morning encounter slots
pokemon SPECIES_MARSHADOW
pokemon SPECIES_TING_LU
pokemon SPECIES_ARTICUNO
monwithform SPECIES_ARTICUNO, 1
monwithform SPECIES_ARTICUNO, 1
pokemon SPECIES_ARTICUNO
pokemon SPECIES_TING_LU
pokemon SPECIES_MARSHADOW
pokemon SPECIES_TING_LU
pokemon SPECIES_MARSHADOW
pokemon SPECIES_MARSHADOW
pokemon SPECIES_MARSHADOW

// day encounter slots
pokemon SPECIES_SPEAROW
pokemon SPECIES_RATTATA
pokemon SPECIES_SPEAROW
pokemon SPECIES_RATTATA
pokemon SPECIES_SPEAROW
pokemon SPECIES_SPEAROW
pokemon SPECIES_JIGGLYPUFF
pokemon SPECIES_JIGGLYPUFF
pokemon SPECIES_RATTATA
pokemon SPECIES_SPEAROW
pokemon SPECIES_RATTATA
pokemon SPECIES_SPEAROW

// night encounter slots
pokemon SPECIES_RATTATA
pokemon SPECIES_ZUBAT
pokemon SPECIES_RATTATA
pokemon SPECIES_ZUBAT
pokemon SPECIES_RATTATA
pokemon SPECIES_RATTATA
pokemon SPECIES_JIGGLYPUFF
pokemon SPECIES_JIGGLYPUFF
pokemon SPECIES_RATTATA
pokemon SPECIES_RATTATA
pokemon SPECIES_RATTATA
pokemon SPECIES_RATTATA

// hoenn encounter slots
pokemon SPECIES_PLUSLE
pokemon SPECIES_MINUN

// sinnoh encounter slots
pokemon SPECIES_SHINX
pokemon SPECIES_SHINX

// surf encounters
encounter SPECIES_NONE, 0, 0
encounter SPECIES_NONE, 0, 0
encounter SPECIES_NONE, 0, 0
encounter SPECIES_NONE, 0, 0
encounter SPECIES_NONE, 0, 0

// rock smash encounters
encounter SPECIES_NONE, 0, 0
encounter SPECIES_NONE, 0, 0

// old rod encounters
encounter SPECIES_NONE, 0, 0
encounter SPECIES_NONE, 0, 0
encounter SPECIES_NONE, 0, 0
encounter SPECIES_NONE, 0, 0
encounter SPECIES_NONE, 0, 0

// good rod encounters
encounter SPECIES_NONE, 0, 0
encounter SPECIES_NONE, 0, 0
encounter SPECIES_NONE, 0, 0
encounter SPECIES_NONE, 0, 0
encounter SPECIES_NONE, 0, 0

// super rod encounters
encounter SPECIES_NONE, 0, 0
encounter SPECIES_NONE, 0, 0
encounter SPECIES_NONE, 0, 0
encounter SPECIES_NONE, 0, 0
encounter SPECIES_NONE, 0, 0

// swarm grass
pokemon SPECIES_BALTOY
// swarm surf
pokemon SPECIES_NONE
// swarm good rod
pokemon SPECIES_NONE
// swarm super rod
pokemon SPECIES_NONE

.close

encounterdata 114   // Route 4

walkrate 20
surfrate 15
rocksmashrate 0
oldrodrate 25
goodrodrate 50
superrodrate 75
walklevels 50, 50, 50, 50, 50, 50, 50, 50, 50, 50, 50, 50

// morning encounter slots
pokemon SPECIES_RAYQUAZA
pokemon SPECIES_LANDORUS
pokemon SPECIES_CALYREX
pokemon SPECIES_MAGEARNA
pokemon SPECIES_MAGEARNA
pokemon SPECIES_CALYREX
pokemon SPECIES_LANDORUS
pokemon SPECIES_LANDORUS
pokemon SPECIES_RAYQUAZA
pokemon SPECIES_RAYQUAZA
pokemon SPECIES_RAYQUAZA
pokemon SPECIES_RAYQUAZA

// day encounter slots
pokemon SPECIES_RAYQUAZA
pokemon SPECIES_LANDORUS
pokemon SPECIES_CALYREX
pokemon SPECIES_MAGEARNA
pokemon SPECIES_MAGEARNA
pokemon SPECIES_CALYREX
pokemon SPECIES_LANDORUS
pokemon SPECIES_LANDORUS
pokemon SPECIES_RAYQUAZA
pokemon SPECIES_RAYQUAZA
pokemon SPECIES_RAYQUAZA
pokemon SPECIES_RAYQUAZA

// night encounter slots
pokemon SPECIES_RAYQUAZA
pokemon SPECIES_LANDORUS
pokemon SPECIES_CALYREX
pokemon SPECIES_MAGEARNA
pokemon SPECIES_MAGEARNA
pokemon SPECIES_CALYREX
pokemon SPECIES_LANDORUS
pokemon SPECIES_LANDORUS
pokemon SPECIES_RAYQUAZA
pokemon SPECIES_RAYQUAZA
pokemon SPECIES_RAYQUAZA
pokemon SPECIES_RAYQUAZA

// hoenn encounter slots
pokemon SPECIES_WHISMUR
pokemon SPECIES_LINOONE

// sinnoh encounter slots
pokemon SPECIES_BUIZEL
pokemon SPECIES_BIDOOF

// surf encounters
encounter SPECIES_GOLDEEN, 50, 50
encounter SPECIES_GOLDEEN, 50, 50
encounter SPECIES_SEAKING, 50, 50
encounter SPECIES_SEAKING, 50, 50
encounter SPECIES_SEAKING, 50, 50

// rock smash encounters
encounter SPECIES_NONE, 0, 0
encounter SPECIES_NONE, 0, 0

// old rod encounters
encounter SPECIES_MAGIKARP, 50, 50
encounter SPECIES_MAGIKARP, 50, 50
encounter SPECIES_MAGIKARP, 50, 50
encounter SPECIES_GOLDEEN, 50, 50
encounter SPECIES_GOLDEEN, 50, 50

// good rod encounters
encounter SPECIES_MAGIKARP, 50, 50
encounter SPECIES_GOLDEEN, 50, 50
encounter SPECIES_GOLDEEN, 50, 50
encounter SPECIES_GOLDEEN, 50, 50
encounter SPECIES_GOLDEEN, 50, 50

// super rod encounters
encounter SPECIES_GOLDEEN, 50, 50
encounter SPECIES_GOLDEEN, 50, 50
encounter SPECIES_MAGIKARP, 50, 50
encounter SPECIES_SEAKING, 50, 50
encounter SPECIES_MAGIKARP, 50, 50

// swarm grass
pokemon SPECIES_SPEAROW
// swarm surf
pokemon SPECIES_GOLDEEN
// swarm good rod
pokemon SPECIES_GOLDEEN
// swarm super rod
pokemon SPECIES_MAGIKARP

.close

encounterdata 115   // Route 5

walkrate 20
surfrate 0
rocksmashrate 0
oldrodrate 0
goodrodrate 0
superrodrate 0
walklevels 50, 50, 50, 50, 50, 50, 50, 50, 50, 50, 50, 50

// morning encounter slots
monwithform SPECIES_ZAPDOS, 1
pokemon SPECIES_ZAPDOS
pokemon SPECIES_ENAMORUS
pokemon SPECIES_ENAMORUS
pokemon SPECIES_ZAPDOS
monwithform SPECIES_ZAPDOS, 1
pokemon SPECIES_ENAMORUS
pokemon SPECIES_ENAMORUS
pokemon SPECIES_ZAPDOS
monwithform SPECIES_ZAPDOS, 1
pokemon SPECIES_ZAPDOS
pokemon SPECIES_ENAMORUS

// day encounter slots
monwithform SPECIES_ZAPDOS, 1
pokemon SPECIES_ZAPDOS
pokemon SPECIES_ENAMORUS
pokemon SPECIES_ENAMORUS
pokemon SPECIES_ZAPDOS
monwithform SPECIES_ZAPDOS, 1
pokemon SPECIES_ENAMORUS
pokemon SPECIES_ENAMORUS
pokemon SPECIES_ZAPDOS
monwithform SPECIES_ZAPDOS, 1
pokemon SPECIES_ZAPDOS
pokemon SPECIES_ENAMORUS

// night encounter slots
monwithform SPECIES_ZAPDOS, 1
pokemon SPECIES_ZAPDOS
pokemon SPECIES_ENAMORUS
pokemon SPECIES_ENAMORUS
pokemon SPECIES_ZAPDOS
monwithform SPECIES_ZAPDOS, 1
pokemon SPECIES_ENAMORUS
pokemon SPECIES_ENAMORUS
pokemon SPECIES_ZAPDOS
monwithform SPECIES_ZAPDOS, 1
pokemon SPECIES_ZAPDOS
pokemon SPECIES_ENAMORUS

// hoenn encounter slots
pokemon SPECIES_PLUSLE
pokemon SPECIES_MINUN

// sinnoh encounter slots
pokemon SPECIES_SHINX
pokemon SPECIES_SHINX

// surf encounters
encounter SPECIES_NONE, 0, 0
encounter SPECIES_NONE, 0, 0
encounter SPECIES_NONE, 0, 0
encounter SPECIES_NONE, 0, 0
encounter SPECIES_NONE, 0, 0

// rock smash encounters
encounter SPECIES_NONE, 0, 0
encounter SPECIES_NONE, 0, 0

// old rod encounters
encounter SPECIES_NONE, 0, 0
encounter SPECIES_NONE, 0, 0
encounter SPECIES_NONE, 0, 0
encounter SPECIES_NONE, 0, 0
encounter SPECIES_NONE, 0, 0

// good rod encounters
encounter SPECIES_NONE, 0, 0
encounter SPECIES_NONE, 0, 0
encounter SPECIES_NONE, 0, 0
encounter SPECIES_NONE, 0, 0
encounter SPECIES_NONE, 0, 0

// super rod encounters
encounter SPECIES_NONE, 0, 0
encounter SPECIES_NONE, 0, 0
encounter SPECIES_NONE, 0, 0
encounter SPECIES_NONE, 0, 0
encounter SPECIES_NONE, 0, 0

// swarm grass
pokemon SPECIES_PIDGEY
// swarm surf
pokemon SPECIES_NONE
// swarm good rod
pokemon SPECIES_NONE
// swarm super rod
pokemon SPECIES_NONE

.close

encounterdata 116   // Route 6

walkrate 20
surfrate 15
rocksmashrate 0
oldrodrate 25
goodrodrate 50
superrodrate 75
walklevels 50, 50, 50, 50, 50, 50, 50, 50, 50, 50, 50, 50

// morning encounter slots
monwithform SPECIES_MOLTRES, 1
pokemon SPECIES_MOLTRES
monwithform SPECIES_MOLTRES, 1
monwithform SPECIES_MOLTRES, 1
monwithform SPECIES_VICTINI, 1
monwithform SPECIES_VICTINI, 1
pokemon SPECIES_VICTINI
pokemon SPECIES_VICTINI
pokemon SPECIES_MOLTRES
monwithform SPECIES_MOLTRES, 1
pokemon SPECIES_MOLTRES
monwithform SPECIES_MOLTRES, 1

// day encounter slots
monwithform SPECIES_MOLTRES, 1
pokemon SPECIES_MOLTRES
monwithform SPECIES_MOLTRES, 1
monwithform SPECIES_MOLTRES, 1
monwithform SPECIES_VICTINI, 1
monwithform SPECIES_VICTINI, 1
pokemon SPECIES_VICTINI
pokemon SPECIES_VICTINI
pokemon SPECIES_MOLTRES
monwithform SPECIES_MOLTRES, 1
pokemon SPECIES_MOLTRES
monwithform SPECIES_MOLTRES, 1

// night encounter slots
monwithform SPECIES_MOLTRES, 1
pokemon SPECIES_MOLTRES
monwithform SPECIES_MOLTRES, 1
monwithform SPECIES_MOLTRES, 1
monwithform SPECIES_VICTINI, 1
monwithform SPECIES_VICTINI, 1
pokemon SPECIES_VICTINI
pokemon SPECIES_VICTINI
pokemon SPECIES_MOLTRES
monwithform SPECIES_MOLTRES, 1
pokemon SPECIES_MOLTRES
monwithform SPECIES_MOLTRES, 1

// hoenn encounter slots
pokemon SPECIES_WHISMUR
pokemon SPECIES_LINOONE

// sinnoh encounter slots
pokemon SPECIES_BUIZEL
pokemon SPECIES_BIDOOF

// surf encounters
encounter SPECIES_PSYDUCK, 50, 50
encounter SPECIES_PSYDUCK, 50, 50
encounter SPECIES_GOLDUCK, 50, 50
encounter SPECIES_GOLDUCK, 50, 50
encounter SPECIES_GOLDUCK, 50, 50

// rock smash encounters
encounter SPECIES_NONE, 0, 0
encounter SPECIES_NONE, 0, 0

// old rod encounters
encounter SPECIES_MAGIKARP, 50, 50
encounter SPECIES_MAGIKARP, 50, 50
encounter SPECIES_MAGIKARP, 50, 50
encounter SPECIES_POLIWAG, 50, 50
encounter SPECIES_POLIWAG, 50, 50

// good rod encounters
encounter SPECIES_MAGIKARP, 50, 50
encounter SPECIES_POLIWAG, 50, 50
encounter SPECIES_POLIWAG, 50, 50
encounter SPECIES_POLIWAG, 50, 50
encounter SPECIES_POLIWAG, 50, 50

// super rod encounters
encounter SPECIES_POLIWAG, 50, 50
encounter SPECIES_POLIWAG, 50, 50
encounter SPECIES_MAGIKARP, 50, 50
encounter SPECIES_POLIWAG, 50, 50
encounter SPECIES_MAGIKARP, 50, 50

// swarm grass
pokemon SPECIES_PIDGEY
// swarm surf
pokemon SPECIES_PSYDUCK
// swarm good rod
pokemon SPECIES_POLIWAG
// swarm super rod
pokemon SPECIES_MAGIKARP

.close

encounterdata 117   // Route 7

walkrate 20
surfrate 0
rocksmashrate 0
oldrodrate 0
goodrodrate 0
superrodrate 0
walklevels 50, 50, 50, 50, 50, 50, 50, 50, 50, 50, 50, 50

// morning encounter slots
pokemon SPECIES_WALKING_WAKE
pokemon SPECIES_GOUGING_FIRE
pokemon SPECIES_RAGING_BOLT
pokemon SPECIES_WALKING_WAKE
pokemon SPECIES_GOUGING_FIRE
pokemon SPECIES_RAGING_BOLT
pokemon SPECIES_WALKING_WAKE
pokemon SPECIES_GOUGING_FIRE
pokemon SPECIES_WALKING_WAKE
pokemon SPECIES_GOUGING_FIRE
pokemon SPECIES_RAGING_BOLT
pokemon SPECIES_RAGING_BOLT

// day encounter slots
pokemon SPECIES_WALKING_WAKE
pokemon SPECIES_GOUGING_FIRE
pokemon SPECIES_RAGING_BOLT
pokemon SPECIES_WALKING_WAKE
pokemon SPECIES_GOUGING_FIRE
pokemon SPECIES_RAGING_BOLT
pokemon SPECIES_WALKING_WAKE
pokemon SPECIES_GOUGING_FIRE
pokemon SPECIES_WALKING_WAKE
pokemon SPECIES_GOUGING_FIRE
pokemon SPECIES_RAGING_BOLT
pokemon SPECIES_RAGING_BOLT

// night encounter slots
pokemon SPECIES_WALKING_WAKE
pokemon SPECIES_GOUGING_FIRE
pokemon SPECIES_RAGING_BOLT
pokemon SPECIES_WALKING_WAKE
pokemon SPECIES_GOUGING_FIRE
pokemon SPECIES_RAGING_BOLT
pokemon SPECIES_WALKING_WAKE
pokemon SPECIES_GOUGING_FIRE
pokemon SPECIES_WALKING_WAKE
pokemon SPECIES_GOUGING_FIRE
pokemon SPECIES_RAGING_BOLT
pokemon SPECIES_RAGING_BOLT

// hoenn encounter slots
pokemon SPECIES_PLUSLE
pokemon SPECIES_MINUN

// sinnoh encounter slots
pokemon SPECIES_SHINX
pokemon SPECIES_SHINX

// surf encounters
encounter SPECIES_NONE, 0, 0
encounter SPECIES_NONE, 0, 0
encounter SPECIES_NONE, 0, 0
encounter SPECIES_NONE, 0, 0
encounter SPECIES_NONE, 0, 0

// rock smash encounters
encounter SPECIES_NONE, 0, 0
encounter SPECIES_NONE, 0, 0

// old rod encounters
encounter SPECIES_NONE, 0, 0
encounter SPECIES_NONE, 0, 0
encounter SPECIES_NONE, 0, 0
encounter SPECIES_NONE, 0, 0
encounter SPECIES_NONE, 0, 0

// good rod encounters
encounter SPECIES_NONE, 0, 0
encounter SPECIES_NONE, 0, 0
encounter SPECIES_NONE, 0, 0
encounter SPECIES_NONE, 0, 0
encounter SPECIES_NONE, 0, 0

// super rod encounters
encounter SPECIES_NONE, 0, 0
encounter SPECIES_NONE, 0, 0
encounter SPECIES_NONE, 0, 0
encounter SPECIES_NONE, 0, 0
encounter SPECIES_NONE, 0, 0

// swarm grass
pokemon SPECIES_RATTATA
// swarm surf
pokemon SPECIES_NONE
// swarm good rod
pokemon SPECIES_NONE
// swarm super rod
pokemon SPECIES_NONE

.close

encounterdata 118   // Route 8

walkrate 20
surfrate 0
rocksmashrate 0
oldrodrate 0
goodrodrate 0
superrodrate 0
walklevels 50, 50, 50, 50, 50, 50, 50, 50, 50, 50, 50, 50

// morning encounter slots
pokemon SPECIES_COBALION
pokemon SPECIES_ZERAORA
pokemon SPECIES_KARTANA
pokemon SPECIES_ZERAORA
pokemon SPECIES_COBALION
pokemon SPECIES_KARTANA
pokemon SPECIES_COBALION
pokemon SPECIES_KARTANA
pokemon SPECIES_ZERAORA
pokemon SPECIES_COBALION
pokemon SPECIES_KARTANA
pokemon SPECIES_KARTANA

// day encounter slots
pokemon SPECIES_COBALION
pokemon SPECIES_ZERAORA
pokemon SPECIES_KARTANA
pokemon SPECIES_ZERAORA
pokemon SPECIES_COBALION
pokemon SPECIES_KARTANA
pokemon SPECIES_COBALION
pokemon SPECIES_KARTANA
pokemon SPECIES_ZERAORA
pokemon SPECIES_COBALION
pokemon SPECIES_KARTANA
pokemon SPECIES_KARTANA

// night encounter slots
pokemon SPECIES_COBALION
pokemon SPECIES_ZERAORA
pokemon SPECIES_KARTANA
pokemon SPECIES_ZERAORA
pokemon SPECIES_COBALION
pokemon SPECIES_KARTANA
pokemon SPECIES_COBALION
pokemon SPECIES_KARTANA
pokemon SPECIES_ZERAORA
pokemon SPECIES_COBALION
pokemon SPECIES_KARTANA
pokemon SPECIES_KARTANA

// hoenn encounter slots
pokemon SPECIES_PLUSLE
pokemon SPECIES_MINUN

// sinnoh encounter slots
pokemon SPECIES_SHINX
pokemon SPECIES_SHINX

// surf encounters
encounter SPECIES_NONE, 0, 0
encounter SPECIES_NONE, 0, 0
encounter SPECIES_NONE, 0, 0
encounter SPECIES_NONE, 0, 0
encounter SPECIES_NONE, 0, 0

// rock smash encounters
encounter SPECIES_NONE, 0, 0
encounter SPECIES_NONE, 0, 0

// old rod encounters
encounter SPECIES_NONE, 0, 0
encounter SPECIES_NONE, 0, 0
encounter SPECIES_NONE, 0, 0
encounter SPECIES_NONE, 0, 0
encounter SPECIES_NONE, 0, 0

// good rod encounters
encounter SPECIES_NONE, 0, 0
encounter SPECIES_NONE, 0, 0
encounter SPECIES_NONE, 0, 0
encounter SPECIES_NONE, 0, 0
encounter SPECIES_NONE, 0, 0

// super rod encounters
encounter SPECIES_NONE, 0, 0
encounter SPECIES_NONE, 0, 0
encounter SPECIES_NONE, 0, 0
encounter SPECIES_NONE, 0, 0
encounter SPECIES_NONE, 0, 0

// swarm grass
pokemon SPECIES_PIDGEOTTO
// swarm surf
pokemon SPECIES_NONE
// swarm good rod
pokemon SPECIES_NONE
// swarm super rod
pokemon SPECIES_NONE

.close

encounterdata 119   // Route 9

walkrate 20
surfrate 15
rocksmashrate 0
oldrodrate 25
goodrodrate 50
superrodrate 75
walklevels 50, 50, 50, 50, 50, 50, 50, 50, 50, 50, 50, 50

// morning encounter slots
pokemon SPECIES_TORNADUS
pokemon SPECIES_ROARING_MOON
pokemon SPECIES_CELESTEELA
pokemon SPECIES_TORNADUS
pokemon SPECIES_CELESTEELA
pokemon SPECIES_ROARING_MOON
pokemon SPECIES_TORNADUS
pokemon SPECIES_ROARING_MOON
pokemon SPECIES_TORNADUS
pokemon SPECIES_CELESTEELA
pokemon SPECIES_ROARING_MOON
pokemon SPECIES_ROARING_MOON

// day encounter slots
pokemon SPECIES_TORNADUS
pokemon SPECIES_ROARING_MOON
pokemon SPECIES_CELESTEELA
pokemon SPECIES_TORNADUS
pokemon SPECIES_CELESTEELA
pokemon SPECIES_ROARING_MOON
pokemon SPECIES_TORNADUS
pokemon SPECIES_ROARING_MOON
pokemon SPECIES_TORNADUS
pokemon SPECIES_CELESTEELA
pokemon SPECIES_ROARING_MOON
pokemon SPECIES_ROARING_MOON

// night encounter slots
pokemon SPECIES_TORNADUS
pokemon SPECIES_ROARING_MOON
pokemon SPECIES_CELESTEELA
pokemon SPECIES_TORNADUS
pokemon SPECIES_CELESTEELA
pokemon SPECIES_ROARING_MOON
pokemon SPECIES_TORNADUS
pokemon SPECIES_ROARING_MOON
pokemon SPECIES_TORNADUS
pokemon SPECIES_CELESTEELA
pokemon SPECIES_ROARING_MOON
pokemon SPECIES_ROARING_MOON

// hoenn encounter slots
pokemon SPECIES_WHISMUR
pokemon SPECIES_LINOONE

// sinnoh encounter slots
pokemon SPECIES_BUIZEL
pokemon SPECIES_BIDOOF

// surf encounters
encounter SPECIES_GOLDEEN, 50, 50
encounter SPECIES_GOLDEEN, 50, 50
encounter SPECIES_SEAKING, 50, 50
encounter SPECIES_SEAKING, 50, 50
encounter SPECIES_SEAKING, 50, 50

// rock smash encounters
encounter SPECIES_NONE, 0, 0
encounter SPECIES_NONE, 0, 0

// old rod encounters
encounter SPECIES_MAGIKARP, 50, 50
encounter SPECIES_MAGIKARP, 50, 50
encounter SPECIES_MAGIKARP, 50, 50
encounter SPECIES_GOLDEEN, 50, 50
encounter SPECIES_GOLDEEN, 50, 50

// good rod encounters
encounter SPECIES_MAGIKARP, 50, 50
encounter SPECIES_GOLDEEN, 50, 50
encounter SPECIES_GOLDEEN, 50, 50
encounter SPECIES_GOLDEEN, 50, 50
encounter SPECIES_GOLDEEN, 50, 50

// super rod encounters
encounter SPECIES_GOLDEEN, 50, 50
encounter SPECIES_GOLDEEN, 50, 50
encounter SPECIES_MAGIKARP, 50, 50
encounter SPECIES_SEAKING, 50, 50
encounter SPECIES_MAGIKARP, 50, 50

// swarm grass
pokemon SPECIES_SABLEYE
// swarm surf
pokemon SPECIES_GOLDEEN
// swarm good rod
pokemon SPECIES_GOLDEEN
// swarm super rod
pokemon SPECIES_MAGIKARP

.close

encounterdata 120   // Route 10

walkrate 20
surfrate 15
rocksmashrate 0
oldrodrate 25
goodrodrate 50
superrodrate 75
walklevels 50, 50, 50, 50, 50, 50, 50, 50, 50, 50, 50, 50

// morning encounter slots
pokemon SPECIES_ZEKROM
pokemon SPECIES_TAPU_KOKO
pokemon SPECIES_ZEKROM
pokemon SPECIES_TAPU_KOKO
pokemon SPECIES_XURKITREE
pokemon SPECIES_REGIELEKI
pokemon SPECIES_ZEKROM
pokemon SPECIES_TAPU_KOKO
pokemon SPECIES_REGIELEKI
pokemon SPECIES_XURKITREE
pokemon SPECIES_REGIELEKI
pokemon SPECIES_XURKITREE

// day encounter slots
pokemon SPECIES_ZEKROM
pokemon SPECIES_TAPU_KOKO
pokemon SPECIES_ZEKROM
pokemon SPECIES_TAPU_KOKO
pokemon SPECIES_XURKITREE
pokemon SPECIES_REGIELEKI
pokemon SPECIES_ZEKROM
pokemon SPECIES_TAPU_KOKO
pokemon SPECIES_REGIELEKI
pokemon SPECIES_XURKITREE
pokemon SPECIES_REGIELEKI
pokemon SPECIES_XURKITREE

// night encounter slots
pokemon SPECIES_ZEKROM
pokemon SPECIES_TAPU_KOKO
pokemon SPECIES_ZEKROM
pokemon SPECIES_TAPU_KOKO
pokemon SPECIES_XURKITREE
pokemon SPECIES_REGIELEKI
pokemon SPECIES_ZEKROM
pokemon SPECIES_TAPU_KOKO
pokemon SPECIES_REGIELEKI
pokemon SPECIES_XURKITREE
pokemon SPECIES_REGIELEKI
pokemon SPECIES_XURKITREE

// hoenn encounter slots
pokemon SPECIES_WHISMUR
pokemon SPECIES_LINOONE

// sinnoh encounter slots
pokemon SPECIES_BUIZEL
pokemon SPECIES_BIDOOF

// surf encounters
encounter SPECIES_GOLDEEN, 50, 50
encounter SPECIES_GOLDEEN, 50, 50
encounter SPECIES_SEAKING, 50, 50
encounter SPECIES_SEAKING, 50, 50
encounter SPECIES_SEAKING, 50, 50

// rock smash encounters
encounter SPECIES_NONE, 0, 0
encounter SPECIES_NONE, 0, 0

// old rod encounters
encounter SPECIES_MAGIKARP, 50, 50
encounter SPECIES_MAGIKARP, 50, 50
encounter SPECIES_MAGIKARP, 50, 50
encounter SPECIES_GOLDEEN, 50, 50
encounter SPECIES_GOLDEEN, 50, 50

// good rod encounters
encounter SPECIES_MAGIKARP, 50, 50
encounter SPECIES_GOLDEEN, 50, 50
encounter SPECIES_GOLDEEN, 50, 50
encounter SPECIES_GOLDEEN, 50, 50
encounter SPECIES_GOLDEEN, 50, 50

// super rod encounters
encounter SPECIES_GOLDEEN, 50, 50
encounter SPECIES_GOLDEEN, 50, 50
encounter SPECIES_MAGIKARP, 50, 50
encounter SPECIES_SEAKING, 50, 50
encounter SPECIES_MAGIKARP, 50, 50

// swarm grass
pokemon SPECIES_SPEAROW
// swarm surf
pokemon SPECIES_GOLDEEN
// swarm good rod
pokemon SPECIES_GOLDEEN
// swarm super rod
pokemon SPECIES_MAGIKARP

.close

encounterdata 121   // Route 11

walkrate 20
surfrate 0
rocksmashrate 0
oldrodrate 0
goodrodrate 0
superrodrate 0
walklevels 50, 50, 50, 50, 50, 50, 50, 50, 50, 50, 50, 50

// morning encounter slots
pokemon SPECIES_SCREAM_TAIL
pokemon SPECIES_GREAT_TUSK
pokemon SPECIES_CHIEN_PAO
pokemon SPECIES_SCREAM_TAIL
pokemon SPECIES_GREAT_TUSK
pokemon SPECIES_CHIEN_PAO
pokemon SPECIES_SCREAM_TAIL
pokemon SPECIES_GREAT_TUSK
pokemon SPECIES_SCREAM_TAIL
pokemon SPECIES_GREAT_TUSK
pokemon SPECIES_CHIEN_PAO
pokemon SPECIES_CHIEN_PAO

// day encounter slots
pokemon SPECIES_SCREAM_TAIL
pokemon SPECIES_GREAT_TUSK
pokemon SPECIES_CHIEN_PAO
pokemon SPECIES_SCREAM_TAIL
pokemon SPECIES_GREAT_TUSK
pokemon SPECIES_CHIEN_PAO
pokemon SPECIES_SCREAM_TAIL
pokemon SPECIES_GREAT_TUSK
pokemon SPECIES_SCREAM_TAIL
pokemon SPECIES_GREAT_TUSK
pokemon SPECIES_CHIEN_PAO
pokemon SPECIES_CHIEN_PAO

// night encounter slots
pokemon SPECIES_SCREAM_TAIL
pokemon SPECIES_GREAT_TUSK
pokemon SPECIES_CHIEN_PAO
pokemon SPECIES_SCREAM_TAIL
pokemon SPECIES_GREAT_TUSK
pokemon SPECIES_CHIEN_PAO
pokemon SPECIES_SCREAM_TAIL
pokemon SPECIES_GREAT_TUSK
pokemon SPECIES_SCREAM_TAIL
pokemon SPECIES_GREAT_TUSK
pokemon SPECIES_CHIEN_PAO
pokemon SPECIES_CHIEN_PAO

// hoenn encounter slots
pokemon SPECIES_PLUSLE
pokemon SPECIES_MINUN

// sinnoh encounter slots
pokemon SPECIES_SHINX
pokemon SPECIES_SHINX

// surf encounters
encounter SPECIES_NONE, 0, 0
encounter SPECIES_NONE, 0, 0
encounter SPECIES_NONE, 0, 0
encounter SPECIES_NONE, 0, 0
encounter SPECIES_NONE, 0, 0

// rock smash encounters
encounter SPECIES_NONE, 0, 0
encounter SPECIES_NONE, 0, 0

// old rod encounters
encounter SPECIES_NONE, 0, 0
encounter SPECIES_NONE, 0, 0
encounter SPECIES_NONE, 0, 0
encounter SPECIES_NONE, 0, 0
encounter SPECIES_NONE, 0, 0

// good rod encounters
encounter SPECIES_NONE, 0, 0
encounter SPECIES_NONE, 0, 0
encounter SPECIES_NONE, 0, 0
encounter SPECIES_NONE, 0, 0
encounter SPECIES_NONE, 0, 0

// super rod encounters
encounter SPECIES_NONE, 0, 0
encounter SPECIES_NONE, 0, 0
encounter SPECIES_NONE, 0, 0
encounter SPECIES_NONE, 0, 0
encounter SPECIES_NONE, 0, 0

// swarm grass
pokemon SPECIES_DROWZEE
// swarm surf
pokemon SPECIES_NONE
// swarm good rod
pokemon SPECIES_NONE
// swarm super rod
pokemon SPECIES_NONE

.close

encounterdata 122   // Route 13

walkrate 20
surfrate 15
rocksmashrate 0
oldrodrate 25
goodrodrate 50
superrodrate 75
walklevels 50, 50, 50, 50, 50, 50, 50, 50, 50, 50, 50, 50

// morning encounter slots
pokemon SPECIES_KUBFU
pokemon SPECIES_ZARUDE
pokemon SPECIES_KORAIDON
pokemon SPECIES_KUBFU
pokemon SPECIES_ZARUDE
pokemon SPECIES_KORAIDON
pokemon SPECIES_KUBFU
pokemon SPECIES_ZARUDE
pokemon SPECIES_KUBFU
pokemon SPECIES_ZARUDE
pokemon SPECIES_KORAIDON
pokemon SPECIES_KORAIDON

// day encounter slots
pokemon SPECIES_KUBFU
pokemon SPECIES_ZARUDE
pokemon SPECIES_KORAIDON
pokemon SPECIES_KUBFU
pokemon SPECIES_ZARUDE
pokemon SPECIES_KORAIDON
pokemon SPECIES_KUBFU
pokemon SPECIES_ZARUDE
pokemon SPECIES_KUBFU
pokemon SPECIES_ZARUDE
pokemon SPECIES_KORAIDON
pokemon SPECIES_KORAIDON

// night encounter slots
pokemon SPECIES_KUBFU
pokemon SPECIES_ZARUDE
pokemon SPECIES_KORAIDON
pokemon SPECIES_KUBFU
pokemon SPECIES_ZARUDE
pokemon SPECIES_KORAIDON
pokemon SPECIES_KUBFU
pokemon SPECIES_ZARUDE
pokemon SPECIES_KUBFU
pokemon SPECIES_ZARUDE
pokemon SPECIES_KORAIDON
pokemon SPECIES_KORAIDON

// hoenn encounter slots
pokemon SPECIES_WHISMUR
pokemon SPECIES_LINOONE

// sinnoh encounter slots
pokemon SPECIES_BUIZEL
pokemon SPECIES_BIDOOF

// surf encounters
encounter SPECIES_TENTACOOL, 50, 50
encounter SPECIES_QUAGSIRE, 50, 50
encounter SPECIES_TENTACRUEL, 50, 50
encounter SPECIES_TENTACRUEL, 50, 50
encounter SPECIES_TENTACRUEL, 50, 50

// rock smash encounters
encounter SPECIES_NONE, 0, 0
encounter SPECIES_NONE, 0, 0

// old rod encounters
encounter SPECIES_MAGIKARP, 50, 50
encounter SPECIES_MAGIKARP, 50, 50
encounter SPECIES_MAGIKARP, 50, 50
encounter SPECIES_TENTACOOL, 50, 50
encounter SPECIES_TENTACOOL, 50, 50

// good rod encounters
encounter SPECIES_MAGIKARP, 50, 50
encounter SPECIES_TENTACOOL, 50, 50
encounter SPECIES_TENTACOOL, 50, 50
encounter SPECIES_TENTACOOL, 50, 50
encounter SPECIES_TENTACOOL, 50, 50

// super rod encounters
encounter SPECIES_TENTACOOL, 50, 50
encounter SPECIES_TENTACOOL, 50, 50
encounter SPECIES_MAGIKARP, 50, 50
encounter SPECIES_QWILFISH, 50, 50
encounter SPECIES_MAGIKARP, 50, 50

// swarm grass
pokemon SPECIES_CHANSEY
// swarm surf
pokemon SPECIES_TENTACOOL
// swarm good rod
pokemon SPECIES_TENTACOOL
// swarm super rod
pokemon SPECIES_MAGIKARP

.close

encounterdata 123   // Route 14

walkrate 20
surfrate 0
rocksmashrate 0
oldrodrate 0
goodrodrate 0
superrodrate 0
walklevels 50, 50, 50, 50, 50, 50, 50, 50, 50, 50, 50, 50

// morning encounter slots
pokemon SPECIES_TYPE_NULL
pokemon SPECIES_NIHILEGO
pokemon SPECIES_KELDEO
pokemon SPECIES_TYPE_NULL
pokemon SPECIES_NIHILEGO
pokemon SPECIES_KELDEO
pokemon SPECIES_TYPE_NULL
pokemon SPECIES_NIHILEGO
pokemon SPECIES_TYPE_NULL
pokemon SPECIES_NIHILEGO
pokemon SPECIES_KELDEO
pokemon SPECIES_KELDEO

// day encounter slots
pokemon SPECIES_TYPE_NULL
pokemon SPECIES_NIHILEGO
pokemon SPECIES_KELDEO
pokemon SPECIES_TYPE_NULL
pokemon SPECIES_NIHILEGO
pokemon SPECIES_KELDEO
pokemon SPECIES_TYPE_NULL
pokemon SPECIES_NIHILEGO
pokemon SPECIES_TYPE_NULL
pokemon SPECIES_NIHILEGO
pokemon SPECIES_KELDEO
pokemon SPECIES_KELDEO

// night encounter slots
pokemon SPECIES_TYPE_NULL
pokemon SPECIES_NIHILEGO
pokemon SPECIES_KELDEO
pokemon SPECIES_TYPE_NULL
pokemon SPECIES_NIHILEGO
pokemon SPECIES_KELDEO
pokemon SPECIES_TYPE_NULL
pokemon SPECIES_NIHILEGO
pokemon SPECIES_TYPE_NULL
pokemon SPECIES_NIHILEGO
pokemon SPECIES_KELDEO
pokemon SPECIES_KELDEO

// hoenn encounter slots
pokemon SPECIES_PLUSLE
pokemon SPECIES_MINUN

// sinnoh encounter slots
pokemon SPECIES_SHINX
pokemon SPECIES_SHINX

// surf encounters
encounter SPECIES_NONE, 0, 0
encounter SPECIES_NONE, 0, 0
encounter SPECIES_NONE, 0, 0
encounter SPECIES_NONE, 0, 0
encounter SPECIES_NONE, 0, 0

// rock smash encounters
encounter SPECIES_NONE, 0, 0
encounter SPECIES_NONE, 0, 0

// old rod encounters
encounter SPECIES_NONE, 0, 0
encounter SPECIES_NONE, 0, 0
encounter SPECIES_NONE, 0, 0
encounter SPECIES_NONE, 0, 0
encounter SPECIES_NONE, 0, 0

// good rod encounters
encounter SPECIES_NONE, 0, 0
encounter SPECIES_NONE, 0, 0
encounter SPECIES_NONE, 0, 0
encounter SPECIES_NONE, 0, 0
encounter SPECIES_NONE, 0, 0

// super rod encounters
encounter SPECIES_NONE, 0, 0
encounter SPECIES_NONE, 0, 0
encounter SPECIES_NONE, 0, 0
encounter SPECIES_NONE, 0, 0
encounter SPECIES_NONE, 0, 0

// swarm grass
pokemon SPECIES_NIDORINA
// swarm surf
pokemon SPECIES_NONE
// swarm good rod
pokemon SPECIES_NONE
// swarm super rod
pokemon SPECIES_NONE

.close

encounterdata 124   // Route 15

walkrate 20
surfrate 0
rocksmashrate 0
oldrodrate 0
goodrodrate 0
superrodrate 0
walklevels 50, 50, 50, 50, 50, 50, 50, 50, 50, 50, 50, 50

// morning encounter slots
pokemon SPECIES_TERRAKION
pokemon SPECIES_MELOETTA
pokemon SPECIES_BUZZWOLE
pokemon SPECIES_TERRAKION
pokemon SPECIES_MELOETTA
pokemon SPECIES_BUZZWOLE
pokemon SPECIES_TERRAKION
pokemon SPECIES_MELOETTA
pokemon SPECIES_TERRAKION
pokemon SPECIES_MELOETTA
pokemon SPECIES_BUZZWOLE
pokemon SPECIES_BUZZWOLE

// day encounter slots
pokemon SPECIES_TERRAKION
pokemon SPECIES_MELOETTA
pokemon SPECIES_BUZZWOLE
pokemon SPECIES_TERRAKION
pokemon SPECIES_MELOETTA
pokemon SPECIES_BUZZWOLE
pokemon SPECIES_TERRAKION
pokemon SPECIES_MELOETTA
pokemon SPECIES_TERRAKION
pokemon SPECIES_MELOETTA
pokemon SPECIES_BUZZWOLE
pokemon SPECIES_BUZZWOLE

// night encounter slots
pokemon SPECIES_TERRAKION
pokemon SPECIES_MELOETTA
pokemon SPECIES_BUZZWOLE
pokemon SPECIES_TERRAKION
pokemon SPECIES_MELOETTA
pokemon SPECIES_BUZZWOLE
pokemon SPECIES_TERRAKION
pokemon SPECIES_MELOETTA
pokemon SPECIES_TERRAKION
pokemon SPECIES_MELOETTA
pokemon SPECIES_BUZZWOLE
pokemon SPECIES_BUZZWOLE

// hoenn encounter slots
pokemon SPECIES_PLUSLE
pokemon SPECIES_MINUN

// sinnoh encounter slots
pokemon SPECIES_SHINX
pokemon SPECIES_SHINX

// surf encounters
encounter SPECIES_NONE, 0, 0
encounter SPECIES_NONE, 0, 0
encounter SPECIES_NONE, 0, 0
encounter SPECIES_NONE, 0, 0
encounter SPECIES_NONE, 0, 0

// rock smash encounters
encounter SPECIES_NONE, 0, 0
encounter SPECIES_NONE, 0, 0

// old rod encounters
encounter SPECIES_NONE, 0, 0
encounter SPECIES_NONE, 0, 0
encounter SPECIES_NONE, 0, 0
encounter SPECIES_NONE, 0, 0
encounter SPECIES_NONE, 0, 0

// good rod encounters
encounter SPECIES_NONE, 0, 0
encounter SPECIES_NONE, 0, 0
encounter SPECIES_NONE, 0, 0
encounter SPECIES_NONE, 0, 0
encounter SPECIES_NONE, 0, 0

// super rod encounters
encounter SPECIES_NONE, 0, 0
encounter SPECIES_NONE, 0, 0
encounter SPECIES_NONE, 0, 0
encounter SPECIES_NONE, 0, 0
encounter SPECIES_NONE, 0, 0

// swarm grass
pokemon SPECIES_NIDORINA
// swarm surf
pokemon SPECIES_NONE
// swarm good rod
pokemon SPECIES_NONE
// swarm super rod
pokemon SPECIES_NONE

.close

encounterdata 125   // Route 16

walkrate 20
surfrate 0
rocksmashrate 0
oldrodrate 0
goodrodrate 0
superrodrate 0
walklevels 50, 50, 50, 50, 50, 50, 50, 50, 50, 50, 50, 50

// morning encounter slots
pokemon SPECIES_OKIDOGI
pokemon SPECIES_FLUTTER_MANE
pokemon SPECIES_SLITHER_WING
pokemon SPECIES_OKIDOGI
pokemon SPECIES_FLUTTER_MANE
pokemon SPECIES_SLITHER_WING
pokemon SPECIES_SLITHER_WING
pokemon SPECIES_OKIDOGI
pokemon SPECIES_FLUTTER_MANE
pokemon SPECIES_SLITHER_WING
pokemon SPECIES_SLITHER_WING
pokemon SPECIES_SLITHER_WING

// day encounter slots
pokemon SPECIES_OKIDOGI
pokemon SPECIES_FLUTTER_MANE
pokemon SPECIES_SLITHER_WING
pokemon SPECIES_OKIDOGI
pokemon SPECIES_FLUTTER_MANE
pokemon SPECIES_SLITHER_WING
pokemon SPECIES_SLITHER_WING
pokemon SPECIES_OKIDOGI
pokemon SPECIES_FLUTTER_MANE
pokemon SPECIES_SLITHER_WING
pokemon SPECIES_SLITHER_WING
pokemon SPECIES_SLITHER_WING

// night encounter slots
pokemon SPECIES_OKIDOGI
pokemon SPECIES_FLUTTER_MANE
pokemon SPECIES_SLITHER_WING
pokemon SPECIES_OKIDOGI
pokemon SPECIES_FLUTTER_MANE
pokemon SPECIES_SLITHER_WING
pokemon SPECIES_SLITHER_WING
pokemon SPECIES_OKIDOGI
pokemon SPECIES_FLUTTER_MANE
pokemon SPECIES_SLITHER_WING
pokemon SPECIES_SLITHER_WING
pokemon SPECIES_SLITHER_WING

// hoenn encounter slots
pokemon SPECIES_PLUSLE
pokemon SPECIES_MINUN

// sinnoh encounter slots
pokemon SPECIES_SHINX
pokemon SPECIES_SHINX

// surf encounters
encounter SPECIES_NONE, 0, 0
encounter SPECIES_NONE, 0, 0
encounter SPECIES_NONE, 0, 0
encounter SPECIES_NONE, 0, 0
encounter SPECIES_NONE, 0, 0

// rock smash encounters
encounter SPECIES_NONE, 0, 0
encounter SPECIES_NONE, 0, 0

// old rod encounters
encounter SPECIES_NONE, 0, 0
encounter SPECIES_NONE, 0, 0
encounter SPECIES_NONE, 0, 0
encounter SPECIES_NONE, 0, 0
encounter SPECIES_NONE, 0, 0

// good rod encounters
encounter SPECIES_NONE, 0, 0
encounter SPECIES_NONE, 0, 0
encounter SPECIES_NONE, 0, 0
encounter SPECIES_NONE, 0, 0
encounter SPECIES_NONE, 0, 0

// super rod encounters
encounter SPECIES_NONE, 0, 0
encounter SPECIES_NONE, 0, 0
encounter SPECIES_NONE, 0, 0
encounter SPECIES_NONE, 0, 0
encounter SPECIES_NONE, 0, 0

// swarm grass
pokemon SPECIES_GRIMER
// swarm surf
pokemon SPECIES_NONE
// swarm good rod
pokemon SPECIES_NONE
// swarm super rod
pokemon SPECIES_NONE

.close

encounterdata 126   // Route 17

walkrate 20
surfrate 0
rocksmashrate 0
oldrodrate 0
goodrodrate 0
superrodrate 0
walklevels 50, 50, 50, 50, 50, 50, 50, 50, 50, 50, 50, 50

// morning encounter slots
pokemon SPECIES_GENESECT
pokemon SPECIES_THUNDURUS
pokemon SPECIES_MIRAIDON
pokemon SPECIES_MIRAIDON
pokemon SPECIES_GENESECT
pokemon SPECIES_THUNDURUS
pokemon SPECIES_MIRAIDON
pokemon SPECIES_GENESECT
pokemon SPECIES_GENESECT
pokemon SPECIES_THUNDURUS
pokemon SPECIES_MIRAIDON
pokemon SPECIES_MIRAIDON

// day encounter slots
pokemon SPECIES_GENESECT
pokemon SPECIES_THUNDURUS
pokemon SPECIES_MIRAIDON
pokemon SPECIES_MIRAIDON
pokemon SPECIES_GENESECT
pokemon SPECIES_THUNDURUS
pokemon SPECIES_MIRAIDON
pokemon SPECIES_GENESECT
pokemon SPECIES_GENESECT
pokemon SPECIES_THUNDURUS
pokemon SPECIES_MIRAIDON
pokemon SPECIES_MIRAIDON

// night encounter slots
pokemon SPECIES_GENESECT
pokemon SPECIES_THUNDURUS
pokemon SPECIES_MIRAIDON
pokemon SPECIES_MIRAIDON
pokemon SPECIES_GENESECT
pokemon SPECIES_THUNDURUS
pokemon SPECIES_MIRAIDON
pokemon SPECIES_GENESECT
pokemon SPECIES_GENESECT
pokemon SPECIES_THUNDURUS
pokemon SPECIES_MIRAIDON
pokemon SPECIES_MIRAIDON

// hoenn encounter slots
pokemon SPECIES_PLUSLE
pokemon SPECIES_MINUN

// sinnoh encounter slots
pokemon SPECIES_SHINX
pokemon SPECIES_SHINX

// surf encounters
encounter SPECIES_NONE, 0, 0
encounter SPECIES_NONE, 0, 0
encounter SPECIES_NONE, 0, 0
encounter SPECIES_NONE, 0, 0
encounter SPECIES_NONE, 0, 0

// rock smash encounters
encounter SPECIES_NONE, 0, 0
encounter SPECIES_NONE, 0, 0

// old rod encounters
encounter SPECIES_NONE, 0, 0
encounter SPECIES_NONE, 0, 0
encounter SPECIES_NONE, 0, 0
encounter SPECIES_NONE, 0, 0
encounter SPECIES_NONE, 0, 0

// good rod encounters
encounter SPECIES_NONE, 0, 0
encounter SPECIES_NONE, 0, 0
encounter SPECIES_NONE, 0, 0
encounter SPECIES_NONE, 0, 0
encounter SPECIES_NONE, 0, 0

// super rod encounters
encounter SPECIES_NONE, 0, 0
encounter SPECIES_NONE, 0, 0
encounter SPECIES_NONE, 0, 0
encounter SPECIES_NONE, 0, 0
encounter SPECIES_NONE, 0, 0

// swarm grass
pokemon SPECIES_FEAROW
// swarm surf
pokemon SPECIES_NONE
// swarm good rod
pokemon SPECIES_NONE
// swarm super rod
pokemon SPECIES_NONE

.close

encounterdata 127   // Route 18

walkrate 20
surfrate 0
rocksmashrate 0
oldrodrate 0
goodrodrate 0
superrodrate 0
walklevels 50, 50, 50, 50, 50, 50, 50, 50, 50, 50, 50, 50

// morning encounter slots
pokemon SPECIES_HOOPA
pokemon SPECIES_POIPOLE
pokemon SPECIES_PECHARUNT
pokemon SPECIES_HOOPA
pokemon SPECIES_POIPOLE
pokemon SPECIES_PECHARUNT
pokemon SPECIES_HOOPA
pokemon SPECIES_POIPOLE
pokemon SPECIES_HOOPA
pokemon SPECIES_POIPOLE
pokemon SPECIES_PECHARUNT
pokemon SPECIES_PECHARUNT

// day encounter slots
pokemon SPECIES_HOOPA
pokemon SPECIES_POIPOLE
pokemon SPECIES_PECHARUNT
pokemon SPECIES_HOOPA
pokemon SPECIES_POIPOLE
pokemon SPECIES_PECHARUNT
pokemon SPECIES_HOOPA
pokemon SPECIES_POIPOLE
pokemon SPECIES_HOOPA
pokemon SPECIES_POIPOLE
pokemon SPECIES_PECHARUNT
pokemon SPECIES_PECHARUNT

// night encounter slots
pokemon SPECIES_HOOPA
pokemon SPECIES_POIPOLE
pokemon SPECIES_PECHARUNT
pokemon SPECIES_HOOPA
pokemon SPECIES_POIPOLE
pokemon SPECIES_PECHARUNT
pokemon SPECIES_HOOPA
pokemon SPECIES_POIPOLE
pokemon SPECIES_HOOPA
pokemon SPECIES_POIPOLE
pokemon SPECIES_PECHARUNT
pokemon SPECIES_PECHARUNT

// hoenn encounter slots
pokemon SPECIES_PLUSLE
pokemon SPECIES_MINUN

// sinnoh encounter slots
pokemon SPECIES_SHINX
pokemon SPECIES_SHINX

// surf encounters
encounter SPECIES_NONE, 0, 0
encounter SPECIES_NONE, 0, 0
encounter SPECIES_NONE, 0, 0
encounter SPECIES_NONE, 0, 0
encounter SPECIES_NONE, 0, 0

// rock smash encounters
encounter SPECIES_NONE, 0, 0
encounter SPECIES_NONE, 0, 0

// old rod encounters
encounter SPECIES_NONE, 0, 0
encounter SPECIES_NONE, 0, 0
encounter SPECIES_NONE, 0, 0
encounter SPECIES_NONE, 0, 0
encounter SPECIES_NONE, 0, 0

// good rod encounters
encounter SPECIES_NONE, 0, 0
encounter SPECIES_NONE, 0, 0
encounter SPECIES_NONE, 0, 0
encounter SPECIES_NONE, 0, 0
encounter SPECIES_NONE, 0, 0

// super rod encounters
encounter SPECIES_NONE, 0, 0
encounter SPECIES_NONE, 0, 0
encounter SPECIES_NONE, 0, 0
encounter SPECIES_NONE, 0, 0
encounter SPECIES_NONE, 0, 0

// swarm grass
pokemon SPECIES_GRIMER
// swarm surf
pokemon SPECIES_NONE
// swarm good rod
pokemon SPECIES_NONE
// swarm super rod
pokemon SPECIES_NONE

.close

encounterdata 128   // Route 21

walkrate 20
surfrate 10
rocksmashrate 0
oldrodrate 25
goodrodrate 50
superrodrate 75
walklevels 50, 50, 50, 50, 50, 50, 50, 50, 50, 50, 50, 50

// morning encounter slots
pokemon SPECIES_CRESSELIA
pokemon SPECIES_LATIAS
pokemon SPECIES_LATIOS
pokemon SPECIES_CRESSELIA
pokemon SPECIES_LATIAS
pokemon SPECIES_LATIOS
pokemon SPECIES_CRESSELIA
pokemon SPECIES_LATIAS
pokemon SPECIES_CRESSELIA
pokemon SPECIES_LATIOS
pokemon SPECIES_LATIAS
pokemon SPECIES_LATIAS

// day encounter slots
pokemon SPECIES_CRESSELIA
pokemon SPECIES_LATIAS
pokemon SPECIES_LATIOS
pokemon SPECIES_CRESSELIA
pokemon SPECIES_LATIAS
pokemon SPECIES_LATIOS
pokemon SPECIES_CRESSELIA
pokemon SPECIES_LATIAS
pokemon SPECIES_CRESSELIA
pokemon SPECIES_LATIOS
pokemon SPECIES_LATIAS
pokemon SPECIES_LATIAS

// night encounter slots
pokemon SPECIES_CRESSELIA
pokemon SPECIES_LATIAS
pokemon SPECIES_LATIOS
pokemon SPECIES_CRESSELIA
pokemon SPECIES_LATIAS
pokemon SPECIES_LATIOS
pokemon SPECIES_CRESSELIA
pokemon SPECIES_LATIAS
pokemon SPECIES_CRESSELIA
pokemon SPECIES_LATIOS
pokemon SPECIES_LATIAS
pokemon SPECIES_LATIAS

// hoenn encounter slots
pokemon SPECIES_WHISMUR
pokemon SPECIES_LINOONE

// sinnoh encounter slots
pokemon SPECIES_BUIZEL
pokemon SPECIES_BIDOOF

// surf encounters
encounter SPECIES_TAPU_FINI, 50, 50
encounter SPECIES_TAPU_FINI, 50, 50
encounter SPECIES_CHI_YU, 50, 50
encounter SPECIES_CHI_YU, 50, 50
encounter SPECIES_CHI_YU, 50, 50

// rock smash encounters
encounter SPECIES_NONE, 0, 0
encounter SPECIES_NONE, 0, 0

// old rod encounters
encounter SPECIES_MAGIKARP, 50, 50
encounter SPECIES_MAGIKARP, 50, 50
encounter SPECIES_MAGIKARP, 50, 50
encounter SPECIES_TENTACOOL, 50, 50
encounter SPECIES_TENTACOOL, 50, 50

// good rod encounters
encounter SPECIES_MAGIKARP, 50, 50
encounter SPECIES_TENTACOOL, 50, 50
encounter SPECIES_CHINCHOU, 50, 50
encounter SPECIES_SHELLDER, 50, 50
encounter SPECIES_CHINCHOU, 50, 50

// super rod encounters
encounter SPECIES_CHINCHOU, 50, 50
encounter SPECIES_SHELLDER, 50, 50
encounter SPECIES_TENTACRUEL, 50, 50
encounter SPECIES_LANTURN, 50, 50
encounter SPECIES_TENTACRUEL, 50, 50

// swarm grass
pokemon SPECIES_TANGELA
// swarm surf
pokemon SPECIES_TENTACOOL
// swarm good rod
pokemon SPECIES_SHELLDER
// swarm super rod
pokemon SPECIES_MAGIKARP

.close

encounterdata 129   // Route 22

walkrate 20
surfrate 10
rocksmashrate 0
oldrodrate 25
goodrodrate 50
superrodrate 75
walklevels 50, 50, 50, 50, 50, 50, 50, 50, 50, 50, 50, 50

// morning encounter slots
pokemon SPECIES_HO_OH
pokemon SPECIES_RAIKOU
pokemon SPECIES_ENTEI
pokemon SPECIES_HEATRAN
pokemon SPECIES_HEATRAN
pokemon SPECIES_ENTEI
pokemon SPECIES_RAIKOU
pokemon SPECIES_RAIKOU
pokemon SPECIES_HO_OH
pokemon SPECIES_HO_OH
pokemon SPECIES_HO_OH
pokemon SPECIES_HO_OH

// day encounter slots
pokemon SPECIES_HO_OH
pokemon SPECIES_RAIKOU
pokemon SPECIES_ENTEI
pokemon SPECIES_HEATRAN
pokemon SPECIES_HEATRAN
pokemon SPECIES_ENTEI
pokemon SPECIES_RAIKOU
pokemon SPECIES_RAIKOU
pokemon SPECIES_HO_OH
pokemon SPECIES_HO_OH
pokemon SPECIES_HO_OH
pokemon SPECIES_HO_OH

// night encounter slots
pokemon SPECIES_HO_OH
pokemon SPECIES_RAIKOU
pokemon SPECIES_ENTEI
pokemon SPECIES_HEATRAN
pokemon SPECIES_HEATRAN
pokemon SPECIES_ENTEI
pokemon SPECIES_RAIKOU
pokemon SPECIES_RAIKOU
pokemon SPECIES_HO_OH
pokemon SPECIES_HO_OH
pokemon SPECIES_HO_OH
pokemon SPECIES_HO_OH

// hoenn encounter slots
pokemon SPECIES_WHISMUR
pokemon SPECIES_LINOONE

// sinnoh encounter slots
pokemon SPECIES_BUIZEL
pokemon SPECIES_BIDOOF

// surf encounters
encounter SPECIES_POLIWAG, 50, 50
encounter SPECIES_POLIWAG, 50, 50
encounter SPECIES_POLIWHIRL, 50, 50
encounter SPECIES_POLIWHIRL, 50, 50
encounter SPECIES_POLIWHIRL, 50, 50

// rock smash encounters
encounter SPECIES_NONE, 0, 0
encounter SPECIES_NONE, 0, 0

// old rod encounters
encounter SPECIES_MAGIKARP, 50, 50
encounter SPECIES_MAGIKARP, 50, 50
encounter SPECIES_MAGIKARP, 50, 50
encounter SPECIES_POLIWAG, 50, 50
encounter SPECIES_POLIWAG, 50, 50

// good rod encounters
encounter SPECIES_MAGIKARP, 50, 50
encounter SPECIES_POLIWAG, 50, 50
encounter SPECIES_POLIWAG, 50, 50
encounter SPECIES_POLIWAG, 50, 50
encounter SPECIES_POLIWAG, 50, 50

// super rod encounters
encounter SPECIES_POLIWAG, 50, 50
encounter SPECIES_POLIWAG, 50, 50
encounter SPECIES_MAGIKARP, 50, 50
encounter SPECIES_POLIWAG, 50, 50
encounter SPECIES_MAGIKARP, 50, 50

// swarm grass
pokemon SPECIES_RATTATA
// swarm surf
pokemon SPECIES_POLIWAG
// swarm good rod
pokemon SPECIES_POLIWAG
// swarm super rod
pokemon SPECIES_MAGIKARP

.close

encounterdata 130   // Route 24

walkrate 20
surfrate 10
rocksmashrate 0
oldrodrate 25
goodrodrate 50
superrodrate 75
walklevels 50, 50, 50, 50, 50, 50, 50, 50, 50, 50, 50, 50

// morning encounter slots
pokemon SPECIES_UXIE
pokemon SPECIES_MESPRIT
pokemon SPECIES_AZELF
pokemon SPECIES_UXIE
pokemon SPECIES_MESPRIT
pokemon SPECIES_AZELF
pokemon SPECIES_AZELF
pokemon SPECIES_UXIE
pokemon SPECIES_MESPRIT
pokemon SPECIES_UXIE
pokemon SPECIES_MESPRIT
pokemon SPECIES_MESPRIT

// day encounter slots
pokemon SPECIES_UXIE
pokemon SPECIES_MESPRIT
pokemon SPECIES_AZELF
pokemon SPECIES_UXIE
pokemon SPECIES_MESPRIT
pokemon SPECIES_AZELF
pokemon SPECIES_AZELF
pokemon SPECIES_UXIE
pokemon SPECIES_MESPRIT
pokemon SPECIES_UXIE
pokemon SPECIES_MESPRIT
pokemon SPECIES_MESPRIT

// night encounter slots
pokemon SPECIES_UXIE
pokemon SPECIES_MESPRIT
pokemon SPECIES_AZELF
pokemon SPECIES_UXIE
pokemon SPECIES_MESPRIT
pokemon SPECIES_AZELF
pokemon SPECIES_AZELF
pokemon SPECIES_UXIE
pokemon SPECIES_MESPRIT
pokemon SPECIES_UXIE
pokemon SPECIES_MESPRIT
pokemon SPECIES_MESPRIT

// hoenn encounter slots
pokemon SPECIES_WHISMUR
pokemon SPECIES_LINOONE

// sinnoh encounter slots
pokemon SPECIES_BUIZEL
pokemon SPECIES_BIDOOF

// surf encounters
encounter SPECIES_GOLDEEN, 50, 50
encounter SPECIES_GOLDEEN, 50, 50
encounter SPECIES_SEAKING, 50, 50
encounter SPECIES_SEAKING, 50, 50
encounter SPECIES_SEAKING, 50, 50

// rock smash encounters
encounter SPECIES_NONE, 0, 0
encounter SPECIES_NONE, 0, 0

// old rod encounters
encounter SPECIES_MAGIKARP, 50, 50
encounter SPECIES_MAGIKARP, 50, 50
encounter SPECIES_MAGIKARP, 50, 50
encounter SPECIES_GOLDEEN, 50, 50
encounter SPECIES_GOLDEEN, 50, 50

// good rod encounters
encounter SPECIES_MAGIKARP, 50, 50
encounter SPECIES_GOLDEEN, 50, 50
encounter SPECIES_GOLDEEN, 50, 50
encounter SPECIES_GOLDEEN, 50, 50
encounter SPECIES_GOLDEEN, 50, 50

// super rod encounters
encounter SPECIES_GOLDEEN, 50, 50
encounter SPECIES_GOLDEEN, 50, 50
encounter SPECIES_MAGIKARP, 50, 50
encounter SPECIES_SEAKING, 50, 50
encounter SPECIES_MAGIKARP, 50, 50

// swarm grass
pokemon SPECIES_BELLSPROUT
// swarm surf
pokemon SPECIES_GOLDEEN
// swarm good rod
pokemon SPECIES_GOLDEEN
// swarm super rod
pokemon SPECIES_MAGIKARP

.close

encounterdata 131   // Route 25

walkrate 20
surfrate 10
rocksmashrate 0
oldrodrate 25
goodrodrate 50
superrodrate 75
walklevels 50, 50, 50, 50, 50, 50, 50, 50, 50, 50, 50, 50

// morning encounter slots
pokemon SPECIES_IRON_VALIANT
pokemon SPECIES_XERNEAS
pokemon SPECIES_FEZANDIPITI
pokemon SPECIES_IRON_VALIANT
pokemon SPECIES_XERNEAS
pokemon SPECIES_FEZANDIPITI
pokemon SPECIES_IRON_VALIANT
pokemon SPECIES_XERNEAS
pokemon SPECIES_IRON_VALIANT
pokemon SPECIES_XERNEAS
pokemon SPECIES_FEZANDIPITI
pokemon SPECIES_FEZANDIPITI

// day encounter slots
pokemon SPECIES_IRON_VALIANT
pokemon SPECIES_XERNEAS
pokemon SPECIES_FEZANDIPITI
pokemon SPECIES_IRON_VALIANT
pokemon SPECIES_XERNEAS
pokemon SPECIES_FEZANDIPITI
pokemon SPECIES_IRON_VALIANT
pokemon SPECIES_XERNEAS
pokemon SPECIES_IRON_VALIANT
pokemon SPECIES_XERNEAS
pokemon SPECIES_FEZANDIPITI
pokemon SPECIES_FEZANDIPITI

// night encounter slots
pokemon SPECIES_IRON_VALIANT
pokemon SPECIES_XERNEAS
pokemon SPECIES_FEZANDIPITI
pokemon SPECIES_IRON_VALIANT
pokemon SPECIES_XERNEAS
pokemon SPECIES_FEZANDIPITI
pokemon SPECIES_IRON_VALIANT
pokemon SPECIES_XERNEAS
pokemon SPECIES_IRON_VALIANT
pokemon SPECIES_XERNEAS
pokemon SPECIES_FEZANDIPITI
pokemon SPECIES_FEZANDIPITI

// hoenn encounter slots
pokemon SPECIES_WHISMUR
pokemon SPECIES_LINOONE

// sinnoh encounter slots
pokemon SPECIES_BUIZEL
pokemon SPECIES_BIDOOF

// surf encounters
encounter SPECIES_GOLDEEN, 50, 50
encounter SPECIES_GOLDEEN, 50, 50
encounter SPECIES_SEAKING, 50, 50
encounter SPECIES_SEAKING, 50, 50
encounter SPECIES_SEAKING, 50, 50

// rock smash encounters
encounter SPECIES_NONE, 0, 0
encounter SPECIES_NONE, 0, 0

// old rod encounters
encounter SPECIES_MAGIKARP, 50, 50
encounter SPECIES_MAGIKARP, 50, 50
encounter SPECIES_MAGIKARP, 50, 50
encounter SPECIES_GOLDEEN, 50, 50
encounter SPECIES_GOLDEEN, 50, 50

// good rod encounters
encounter SPECIES_MAGIKARP, 50, 50
encounter SPECIES_GOLDEEN, 50, 50
encounter SPECIES_GOLDEEN, 50, 50
encounter SPECIES_GOLDEEN, 50, 50
encounter SPECIES_GOLDEEN, 50, 50

// super rod encounters
encounter SPECIES_GOLDEEN, 50, 50
encounter SPECIES_GOLDEEN, 50, 50
encounter SPECIES_MAGIKARP, 50, 50
encounter SPECIES_SEAKING, 50, 50
encounter SPECIES_MAGIKARP, 50, 50

// swarm grass
pokemon SPECIES_BUNEARY
// swarm surf
pokemon SPECIES_GOLDEEN
// swarm good rod
pokemon SPECIES_GOLDEEN
// swarm super rod
pokemon SPECIES_MAGIKARP

.close

encounterdata 132
    .byte 0x0F, 0x0A, 0x00, 0x19, 0x32, 0x4B, 0x00, 0x00, 0x16, 0x16, 0x16, 0x16, 0x16, 0x16, 0x15, 0x15
    .byte 0x14, 0x17, 0x14, 0x17, 0x29, 0x00, 0x14, 0x00, 0x6E, 0x03, 0x14, 0x00, 0x2A, 0x00, 0x2A, 0x00
    .byte 0x4F, 0x00, 0x4F, 0x00, 0x13, 0x00, 0x4F, 0x00, 0x13, 0x00, 0x4F, 0x00, 0x29, 0x00, 0x14, 0x00
    .byte 0x6E, 0x03, 0x14, 0x00, 0x2A, 0x00, 0x2A, 0x00, 0x4F, 0x00, 0x4F, 0x00, 0x13, 0x00, 0x4F, 0x00
    .byte 0x13, 0x00, 0x4F, 0x00, 0x29, 0x00, 0x14, 0x00, 0x6E, 0x03, 0x14, 0x00, 0x2A, 0x00, 0x2A, 0x00
    .byte 0x4F, 0x00, 0x4F, 0x00, 0x13, 0x00, 0x4F, 0x00, 0x13, 0x00, 0x4F, 0x00, 0x67, 0x01, 0x28, 0x01
    .byte 0xB4, 0x01, 0xB1, 0x01, 0x14, 0x14, 0x76, 0x00, 0x14, 0x14, 0x4F, 0x00, 0x14, 0x14, 0x77, 0x00
    .byte 0x14, 0x14, 0x77, 0x00, 0x14, 0x14, 0x77, 0x00, 0x00, 0x00, 0x00, 0x00, 0x00, 0x00, 0x00, 0x00
    .byte 0x0A, 0x0A, 0x81, 0x00, 0x0A, 0x0A, 0x81, 0x00, 0x0A, 0x0A, 0x81, 0x00, 0x0A, 0x0A, 0x76, 0x00
    .byte 0x0A, 0x0A, 0x76, 0x00, 0x14, 0x14, 0x81, 0x00, 0x14, 0x14, 0x76, 0x00, 0x14, 0x14, 0x76, 0x00
    .byte 0x14, 0x14, 0x76, 0x00, 0x14, 0x14, 0x76, 0x00, 0x28, 0x28, 0x76, 0x00, 0x28, 0x28, 0x76, 0x00
    .byte 0x28, 0x28, 0x81, 0x00, 0x28, 0x28, 0x77, 0x00, 0x28, 0x28, 0x81, 0x00, 0x29, 0x00, 0x76, 0x00
    .byte 0x76, 0x00, 0x81, 0x00
    .close

encounterdata 133   // Digletts Cave

walkrate 10
surfrate 0
rocksmashrate 0
oldrodrate 0
goodrodrate 0
superrodrate 0
walklevels 50, 50, 50, 50, 50, 50, 50, 50, 50, 50, 50, 50

// morning encounter slots
pokemon SPECIES_REGIROCK
pokemon SPECIES_TAPU_LELE
pokemon SPECIES_GUZZLORD
pokemon SPECIES_REGIROCK
pokemon SPECIES_TAPU_LELE
pokemon SPECIES_GUZZLORD
pokemon SPECIES_REGIROCK
pokemon SPECIES_TAPU_LELE
pokemon SPECIES_TAPU_LELE
pokemon SPECIES_REGIROCK
pokemon SPECIES_GUZZLORD
pokemon SPECIES_GUZZLORD

// day encounter slots
pokemon SPECIES_REGIROCK
pokemon SPECIES_TAPU_LELE
pokemon SPECIES_GUZZLORD
pokemon SPECIES_REGIROCK
pokemon SPECIES_TAPU_LELE
pokemon SPECIES_GUZZLORD
pokemon SPECIES_REGIROCK
pokemon SPECIES_TAPU_LELE
pokemon SPECIES_TAPU_LELE
pokemon SPECIES_REGIROCK
pokemon SPECIES_GUZZLORD
pokemon SPECIES_GUZZLORD

// night encounter slots
pokemon SPECIES_REGIROCK
pokemon SPECIES_TAPU_LELE
pokemon SPECIES_GUZZLORD
pokemon SPECIES_REGIROCK
pokemon SPECIES_TAPU_LELE
pokemon SPECIES_GUZZLORD
pokemon SPECIES_REGIROCK
pokemon SPECIES_TAPU_LELE
pokemon SPECIES_TAPU_LELE
pokemon SPECIES_REGIROCK
pokemon SPECIES_GUZZLORD
pokemon SPECIES_GUZZLORD

// hoenn encounter slots
pokemon SPECIES_ABSOL
pokemon SPECIES_MAKUHITA

// sinnoh encounter slots
pokemon SPECIES_BRONZOR
pokemon SPECIES_CHINGLING

// surf encounters
encounter SPECIES_NONE, 0, 0
encounter SPECIES_NONE, 0, 0
encounter SPECIES_NONE, 0, 0
encounter SPECIES_NONE, 0, 0
encounter SPECIES_NONE, 0, 0

// rock smash encounters
encounter SPECIES_NONE, 0, 0
encounter SPECIES_NONE, 0, 0

// old rod encounters
encounter SPECIES_NONE, 0, 0
encounter SPECIES_NONE, 0, 0
encounter SPECIES_NONE, 0, 0
encounter SPECIES_NONE, 0, 0
encounter SPECIES_NONE, 0, 0

// good rod encounters
encounter SPECIES_NONE, 0, 0
encounter SPECIES_NONE, 0, 0
encounter SPECIES_NONE, 0, 0
encounter SPECIES_NONE, 0, 0
encounter SPECIES_NONE, 0, 0

// super rod encounters
encounter SPECIES_NONE, 0, 0
encounter SPECIES_NONE, 0, 0
encounter SPECIES_NONE, 0, 0
encounter SPECIES_NONE, 0, 0
encounter SPECIES_NONE, 0, 0

// swarm grass
pokemon SPECIES_DIGLETT
// swarm surf
pokemon SPECIES_NONE
// swarm good rod
pokemon SPECIES_NONE
// swarm super rod
pokemon SPECIES_NONE

.close

encounterdata 134   // Victory Road 2F

walkrate 10
surfrate 0
rocksmashrate 0
oldrodrate 0
goodrodrate 0
superrodrate 0
walklevels 50, 50, 50, 50, 50, 50, 50, 50, 50, 50, 50, 50

// morning encounter slots
pokemon SPECIES_GRAVELER
pokemon SPECIES_GOLBAT
pokemon SPECIES_GRAVELER
pokemon SPECIES_GOLBAT
pokemon SPECIES_DONPHAN
pokemon SPECIES_DONPHAN
pokemon SPECIES_ONIX
pokemon SPECIES_ONIX
pokemon SPECIES_ONIX
pokemon SPECIES_RHYHORN
pokemon SPECIES_ONIX
pokemon SPECIES_RHYHORN

// day encounter slots
pokemon SPECIES_GRAVELER
pokemon SPECIES_GOLBAT
pokemon SPECIES_GRAVELER
pokemon SPECIES_GOLBAT
pokemon SPECIES_DONPHAN
pokemon SPECIES_DONPHAN
pokemon SPECIES_ONIX
pokemon SPECIES_ONIX
pokemon SPECIES_ONIX
pokemon SPECIES_RHYHORN
pokemon SPECIES_ONIX
pokemon SPECIES_RHYHORN

// night encounter slots
pokemon SPECIES_GRAVELER
pokemon SPECIES_GOLBAT
pokemon SPECIES_GRAVELER
pokemon SPECIES_GOLBAT
pokemon SPECIES_DONPHAN
pokemon SPECIES_DONPHAN
pokemon SPECIES_ONIX
pokemon SPECIES_ONIX
pokemon SPECIES_ONIX
pokemon SPECIES_RHYHORN
pokemon SPECIES_ONIX
pokemon SPECIES_RHYHORN

// hoenn encounter slots
pokemon SPECIES_ABSOL
pokemon SPECIES_MAKUHITA

// sinnoh encounter slots
pokemon SPECIES_BRONZOR
pokemon SPECIES_CHINGLING

// surf encounters
encounter SPECIES_NONE, 0, 0
encounter SPECIES_NONE, 0, 0
encounter SPECIES_NONE, 0, 0
encounter SPECIES_NONE, 0, 0
encounter SPECIES_NONE, 0, 0

// rock smash encounters
encounter SPECIES_NONE, 0, 0
encounter SPECIES_NONE, 0, 0

// old rod encounters
encounter SPECIES_NONE, 0, 0
encounter SPECIES_NONE, 0, 0
encounter SPECIES_NONE, 0, 0
encounter SPECIES_NONE, 0, 0
encounter SPECIES_NONE, 0, 0

// good rod encounters
encounter SPECIES_NONE, 0, 0
encounter SPECIES_NONE, 0, 0
encounter SPECIES_NONE, 0, 0
encounter SPECIES_NONE, 0, 0
encounter SPECIES_NONE, 0, 0

// super rod encounters
encounter SPECIES_NONE, 0, 0
encounter SPECIES_NONE, 0, 0
encounter SPECIES_NONE, 0, 0
encounter SPECIES_NONE, 0, 0
encounter SPECIES_NONE, 0, 0

// swarm grass
pokemon SPECIES_GRAVELER
// swarm surf
pokemon SPECIES_NONE
// swarm good rod
pokemon SPECIES_NONE
// swarm super rod
pokemon SPECIES_NONE

.close

encounterdata 135   // Victory Road 3F

walkrate 10
surfrate 0
rocksmashrate 40
oldrodrate 0
goodrodrate 0
superrodrate 0
walklevels 50, 50, 50, 50, 50, 50, 50, 50, 50, 50, 50, 50

// morning encounter slots
pokemon SPECIES_GRAVELER
pokemon SPECIES_IRON_BOULDER
pokemon SPECIES_GRAVELER
pokemon SPECIES_IRON_TREADS
pokemon SPECIES_DONPHAN
pokemon SPECIES_DONPHAN
pokemon SPECIES_ONIX
pokemon SPECIES_ONIX
pokemon SPECIES_ONIX
pokemon SPECIES_RHYHORN
pokemon SPECIES_ONIX
pokemon SPECIES_RHYHORN

// day encounter slots
pokemon SPECIES_GRAVELER
pokemon SPECIES_IRON_BOULDER
pokemon SPECIES_GRAVELER
pokemon SPECIES_IRON_TREADS
pokemon SPECIES_DONPHAN
pokemon SPECIES_DONPHAN
pokemon SPECIES_ONIX
pokemon SPECIES_ONIX
pokemon SPECIES_ONIX
pokemon SPECIES_RHYHORN
pokemon SPECIES_ONIX
pokemon SPECIES_RHYHORN

// night encounter slots
pokemon SPECIES_GRAVELER
pokemon SPECIES_IRON_BOULDER
pokemon SPECIES_GRAVELER
pokemon SPECIES_IRON_TREADS
pokemon SPECIES_DONPHAN
pokemon SPECIES_DONPHAN
pokemon SPECIES_ONIX
pokemon SPECIES_ONIX
pokemon SPECIES_ONIX
pokemon SPECIES_RHYHORN
pokemon SPECIES_ONIX
pokemon SPECIES_RHYHORN

// hoenn encounter slots
pokemon SPECIES_ABSOL
pokemon SPECIES_MAKUHITA

// sinnoh encounter slots
pokemon SPECIES_BRONZOR
pokemon SPECIES_CHINGLING

// surf encounters
encounter SPECIES_NONE, 0, 0
encounter SPECIES_NONE, 0, 0
encounter SPECIES_NONE, 0, 0
encounter SPECIES_NONE, 0, 0
encounter SPECIES_NONE, 0, 0

// rock smash encounters
encounter SPECIES_GEODUDE, 50, 50
encounter SPECIES_GRAVELER, 50, 50

// old rod encounters
encounter SPECIES_NONE, 0, 0
encounter SPECIES_NONE, 0, 0
encounter SPECIES_NONE, 0, 0
encounter SPECIES_NONE, 0, 0
encounter SPECIES_NONE, 0, 0

// good rod encounters
encounter SPECIES_NONE, 0, 0
encounter SPECIES_NONE, 0, 0
encounter SPECIES_NONE, 0, 0
encounter SPECIES_NONE, 0, 0
encounter SPECIES_NONE, 0, 0

// super rod encounters
encounter SPECIES_NONE, 0, 0
encounter SPECIES_NONE, 0, 0
encounter SPECIES_NONE, 0, 0
encounter SPECIES_NONE, 0, 0
encounter SPECIES_NONE, 0, 0

// swarm grass
pokemon SPECIES_GRAVELER
// swarm surf
pokemon SPECIES_NONE
// swarm good rod
pokemon SPECIES_NONE
// swarm super rod
pokemon SPECIES_NONE

.close

encounterdata 136   // Route 2 (North, above Viridian Forest)

walkrate 20
surfrate 0
rocksmashrate 0
oldrodrate 0
goodrodrate 0
superrodrate 0
walklevels 50, 50, 50, 50, 50, 50, 50, 50, 50, 50, 50, 50

// morning encounter slots
pokemon SPECIES_VIRIZION
pokemon SPECIES_PHEROMOSA
pokemon SPECIES_MELTAN
pokemon SPECIES_VIRIZION
pokemon SPECIES_PHEROMOSA
pokemon SPECIES_MELTAN
pokemon SPECIES_VIRIZION
pokemon SPECIES_PHEROMOSA
pokemon SPECIES_MELTAN
pokemon SPECIES_VIRIZION
pokemon SPECIES_PHEROMOSA
pokemon SPECIES_MELTAN

// day encounter slots
pokemon SPECIES_VIRIZION
pokemon SPECIES_PHEROMOSA
pokemon SPECIES_MELTAN
pokemon SPECIES_VIRIZION
pokemon SPECIES_PHEROMOSA
pokemon SPECIES_MELTAN
pokemon SPECIES_VIRIZION
pokemon SPECIES_PHEROMOSA
pokemon SPECIES_MELTAN
pokemon SPECIES_VIRIZION
pokemon SPECIES_PHEROMOSA
pokemon SPECIES_MELTAN

// night encounter slots
pokemon SPECIES_VIRIZION
pokemon SPECIES_PHEROMOSA
pokemon SPECIES_MELTAN
pokemon SPECIES_VIRIZION
pokemon SPECIES_PHEROMOSA
pokemon SPECIES_MELTAN
pokemon SPECIES_VIRIZION
pokemon SPECIES_PHEROMOSA
pokemon SPECIES_MELTAN
pokemon SPECIES_VIRIZION
pokemon SPECIES_PHEROMOSA
pokemon SPECIES_MELTAN

// hoenn encounter slots
pokemon SPECIES_PLUSLE
pokemon SPECIES_MINUN

// sinnoh encounter slots
pokemon SPECIES_SHINX
pokemon SPECIES_SHINX

// surf encounters
encounter SPECIES_NONE, 0, 0
encounter SPECIES_NONE, 0, 0
encounter SPECIES_NONE, 0, 0
encounter SPECIES_NONE, 0, 0
encounter SPECIES_NONE, 0, 0

// rock smash encounters
encounter SPECIES_NONE, 0, 0
encounter SPECIES_NONE, 0, 0

// old rod encounters
encounter SPECIES_NONE, 0, 0
encounter SPECIES_NONE, 0, 0
encounter SPECIES_NONE, 0, 0
encounter SPECIES_NONE, 0, 0
encounter SPECIES_NONE, 0, 0

// good rod encounters
encounter SPECIES_NONE, 0, 0
encounter SPECIES_NONE, 0, 0
encounter SPECIES_NONE, 0, 0
encounter SPECIES_NONE, 0, 0
encounter SPECIES_NONE, 0, 0

// super rod encounters
encounter SPECIES_NONE, 0, 0
encounter SPECIES_NONE, 0, 0
encounter SPECIES_NONE, 0, 0
encounter SPECIES_NONE, 0, 0
encounter SPECIES_NONE, 0, 0

// swarm grass
pokemon SPECIES_CATERPIE
// swarm surf
pokemon SPECIES_NONE
// swarm good rod
pokemon SPECIES_NONE
// swarm super rod
pokemon SPECIES_NONE

.close

encounterdata 137   // Viridian Forest

walkrate 15
surfrate 0
rocksmashrate 0
oldrodrate 0
goodrodrate 0
superrodrate 0
walklevels 50, 50, 50, 50, 50, 50, 50, 50, 50, 50, 50, 50

// morning encounter slots
pokemon SPECIES_MEW
pokemon SPECIES_CELEBI
pokemon SPECIES_SHAYMIN
pokemon SPECIES_TAPU_BULU
pokemon SPECIES_BRUTE_BONNET
pokemon SPECIES_BRUTE_BONNET
pokemon SPECIES_TAPU_BULU
pokemon SPECIES_SHAYMIN
pokemon SPECIES_CELEBI
pokemon SPECIES_MEW
pokemon SPECIES_MEW
pokemon SPECIES_MEW

// day encounter slots
pokemon SPECIES_MEW
pokemon SPECIES_CELEBI
pokemon SPECIES_SHAYMIN
pokemon SPECIES_TAPU_BULU
pokemon SPECIES_BRUTE_BONNET
pokemon SPECIES_BRUTE_BONNET
pokemon SPECIES_TAPU_BULU
pokemon SPECIES_SHAYMIN
pokemon SPECIES_CELEBI
pokemon SPECIES_MEW
pokemon SPECIES_MEW
pokemon SPECIES_MEW

// night encounter slots
pokemon SPECIES_MEW
pokemon SPECIES_CELEBI
pokemon SPECIES_SHAYMIN
pokemon SPECIES_TAPU_BULU
pokemon SPECIES_BRUTE_BONNET
pokemon SPECIES_BRUTE_BONNET
pokemon SPECIES_TAPU_BULU
pokemon SPECIES_SHAYMIN
pokemon SPECIES_CELEBI
pokemon SPECIES_MEW
pokemon SPECIES_MEW
pokemon SPECIES_MEW

// hoenn encounter slots
pokemon SPECIES_SPOINK
pokemon SPECIES_NUMEL

// sinnoh encounter slots
pokemon SPECIES_BUDEW
pokemon SPECIES_CARNIVINE

// surf encounters
encounter SPECIES_NONE, 0, 0
encounter SPECIES_NONE, 0, 0
encounter SPECIES_NONE, 0, 0
encounter SPECIES_NONE, 0, 0
encounter SPECIES_NONE, 0, 0

// rock smash encounters
encounter SPECIES_NONE, 0, 0
encounter SPECIES_NONE, 0, 0

// old rod encounters
encounter SPECIES_NONE, 0, 0
encounter SPECIES_NONE, 0, 0
encounter SPECIES_NONE, 0, 0
encounter SPECIES_NONE, 0, 0
encounter SPECIES_NONE, 0, 0

// good rod encounters
encounter SPECIES_NONE, 0, 0
encounter SPECIES_NONE, 0, 0
encounter SPECIES_NONE, 0, 0
encounter SPECIES_NONE, 0, 0
encounter SPECIES_NONE, 0, 0

// super rod encounters
encounter SPECIES_NONE, 0, 0
encounter SPECIES_NONE, 0, 0
encounter SPECIES_NONE, 0, 0
encounter SPECIES_NONE, 0, 0
encounter SPECIES_NONE, 0, 0

// swarm grass
pokemon SPECIES_KRICKETOT
// swarm surf
pokemon SPECIES_NONE
// swarm good rod
pokemon SPECIES_NONE
// swarm super rod
pokemon SPECIES_NONE

.close

encounterdata 138
    .byte 0x00, 0x00, 0x00, 0x00, 0x00, 0x00, 0x00, 0x00, 0x00, 0x00, 0x00, 0x00, 0x00, 0x00, 0x00, 0x00
    .byte 0x00, 0x00, 0x00, 0x00, 0x00, 0x00, 0x00, 0x00, 0x00, 0x00, 0x00, 0x00, 0x00, 0x00, 0x00, 0x00
    .byte 0x00, 0x00, 0x00, 0x00, 0x00, 0x00, 0x00, 0x00, 0x00, 0x00, 0x00, 0x00, 0x00, 0x00, 0x00, 0x00
    .byte 0x00, 0x00, 0x00, 0x00, 0x00, 0x00, 0x00, 0x00, 0x00, 0x00, 0x00, 0x00, 0x00, 0x00, 0x00, 0x00
    .byte 0x00, 0x00, 0x00, 0x00, 0x00, 0x00, 0x00, 0x00, 0x00, 0x00, 0x00, 0x00, 0x00, 0x00, 0x00, 0x00
    .byte 0x00, 0x00, 0x00, 0x00, 0x00, 0x00, 0x00, 0x00, 0x00, 0x00, 0x00, 0x00, 0x00, 0x00, 0x00, 0x00
    .byte 0x00, 0x00, 0x00, 0x00, 0x00, 0x00, 0x00, 0x00, 0x00, 0x00, 0x00, 0x00, 0x00, 0x00, 0x00, 0x00
    .byte 0x00, 0x00, 0x00, 0x00, 0x00, 0x00, 0x00, 0x00, 0x00, 0x00, 0x00, 0x00, 0x00, 0x00, 0x00, 0x00
    .byte 0x00, 0x00, 0x00, 0x00, 0x00, 0x00, 0x00, 0x00, 0x00, 0x00, 0x00, 0x00, 0x00, 0x00, 0x00, 0x00
    .byte 0x00, 0x00, 0x00, 0x00, 0x00, 0x00, 0x00, 0x00, 0x00, 0x00, 0x00, 0x00, 0x00, 0x00, 0x00, 0x00
    .byte 0x00, 0x00, 0x00, 0x00, 0x00, 0x00, 0x00, 0x00, 0x00, 0x00, 0x00, 0x00, 0x00, 0x00, 0x00, 0x00
    .byte 0x00, 0x00, 0x00, 0x00, 0x00, 0x00, 0x00, 0x00, 0x00, 0x00, 0x00, 0x00, 0x00, 0x00, 0x00, 0x00
    .byte 0x00, 0x00, 0x00, 0x00
    .close

encounterdata 139   // Cerulean Cave 1F

walkrate 10
surfrate 10
rocksmashrate 5
oldrodrate 25
goodrodrate 50
superrodrate 75
walklevels 50, 50, 50, 50, 50, 50, 50, 50, 50, 50, 50, 50

// morning encounter slots
pokemon SPECIES_MACHOKE
pokemon SPECIES_PARASECT
pokemon SPECIES_GOLBAT
pokemon SPECIES_PRIMEAPE
pokemon SPECIES_MAGNETON
pokemon SPECIES_DITTO
pokemon SPECIES_ELECTRODE
pokemon SPECIES_WOBBUFFET
pokemon SPECIES_PRIMEAPE
pokemon SPECIES_MACHOKE
pokemon SPECIES_MAGNETON
pokemon SPECIES_DITTO

// day encounter slots
pokemon SPECIES_MACHOKE
pokemon SPECIES_PARASECT
pokemon SPECIES_GOLBAT
pokemon SPECIES_PRIMEAPE
pokemon SPECIES_MAGNETON
pokemon SPECIES_DITTO
pokemon SPECIES_ELECTRODE
pokemon SPECIES_WOBBUFFET
pokemon SPECIES_PRIMEAPE
pokemon SPECIES_MACHOKE
pokemon SPECIES_MAGNETON
pokemon SPECIES_DITTO

// night encounter slots
pokemon SPECIES_GOLBAT
pokemon SPECIES_GOLBAT
pokemon SPECIES_GOLBAT
pokemon SPECIES_PARASECT
pokemon SPECIES_MAGNETON
pokemon SPECIES_DITTO
pokemon SPECIES_ELECTRODE
pokemon SPECIES_WOBBUFFET
pokemon SPECIES_PRIMEAPE
pokemon SPECIES_MACHOKE
pokemon SPECIES_MACHOKE
pokemon SPECIES_MACHOKE

// hoenn encounter slots
pokemon SPECIES_ABSOL
pokemon SPECIES_MAKUHITA

// sinnoh encounter slots
pokemon SPECIES_BRONZOR
pokemon SPECIES_CHINGLING

// surf encounters
encounter SPECIES_PSYDUCK, 50, 50
encounter SPECIES_PSYDUCK, 50, 50
encounter SPECIES_GOLDUCK, 50, 50
encounter SPECIES_GOLDUCK, 50, 50
encounter SPECIES_GOLDUCK, 50, 50

// rock smash encounters
encounter SPECIES_GEODUDE, 50, 50
encounter SPECIES_GRAVELER, 50, 50

// old rod encounters
encounter SPECIES_MAGIKARP, 50, 50
encounter SPECIES_MAGIKARP, 50, 50
encounter SPECIES_MAGIKARP, 50, 50
encounter SPECIES_MAGIKARP, 50, 50
encounter SPECIES_MAGIKARP, 50, 50

// good rod encounters
encounter SPECIES_POLIWAG, 50, 50
encounter SPECIES_GOLDEEN, 50, 50
encounter SPECIES_MAGIKARP, 50, 50
encounter SPECIES_GOLDEEN, 50, 50
encounter SPECIES_POLIWAG, 50, 50

// super rod encounters
encounter SPECIES_POLIWAG, 50, 50
encounter SPECIES_POLIWHIRL, 50, 50
encounter SPECIES_GYARADOS, 50, 50
encounter SPECIES_GYARADOS, 50, 50
encounter SPECIES_GYARADOS, 50, 50

// swarm grass
pokemon SPECIES_GOLBAT
// swarm surf
pokemon SPECIES_POLIWAG
// swarm good rod
pokemon SPECIES_POLIWAG
// swarm super rod
pokemon SPECIES_MAGIKARP

.close

encounterdata 140   // Cerulean Cave B1F

walkrate 10
surfrate 10
rocksmashrate 0
oldrodrate 25
goodrodrate 50
superrodrate 75
walklevels 50, 50, 50, 50, 50, 50, 50, 50, 50, 50, 50, 50

// morning encounter slots
pokemon SPECIES_KADABRA
pokemon SPECIES_PARASECT
pokemon SPECIES_GOLBAT
pokemon SPECIES_MACHOKE
pokemon SPECIES_MAGNETON
pokemon SPECIES_DITTO
pokemon SPECIES_ELECTRODE
pokemon SPECIES_WOBBUFFET
pokemon SPECIES_MACHOKE
pokemon SPECIES_MACHOKE
pokemon SPECIES_MACHOKE
pokemon SPECIES_MACHOKE

// day encounter slots
pokemon SPECIES_KADABRA
pokemon SPECIES_PARASECT
pokemon SPECIES_GOLBAT
pokemon SPECIES_MACHOKE
pokemon SPECIES_MAGNETON
pokemon SPECIES_DITTO
pokemon SPECIES_ELECTRODE
pokemon SPECIES_WOBBUFFET
pokemon SPECIES_MACHOKE
pokemon SPECIES_MACHOKE
pokemon SPECIES_MACHOKE
pokemon SPECIES_MACHOKE

// night encounter slots
pokemon SPECIES_KADABRA
pokemon SPECIES_PARASECT
pokemon SPECIES_GOLBAT
pokemon SPECIES_MACHOKE
pokemon SPECIES_MAGNETON
pokemon SPECIES_DITTO
pokemon SPECIES_ELECTRODE
pokemon SPECIES_WOBBUFFET
pokemon SPECIES_GOLBAT
pokemon SPECIES_GOLBAT
pokemon SPECIES_GOLBAT
pokemon SPECIES_GOLBAT

// hoenn encounter slots
pokemon SPECIES_ABSOL
pokemon SPECIES_MAKUHITA

// sinnoh encounter slots
pokemon SPECIES_BRONZOR
pokemon SPECIES_CHINGLING

// surf encounters
encounter SPECIES_PSYDUCK, 50, 50
encounter SPECIES_PSYDUCK, 50, 50
encounter SPECIES_GOLDUCK, 50, 50
encounter SPECIES_GOLDUCK, 50, 50
encounter SPECIES_GOLDUCK, 50, 50

// rock smash encounters
encounter SPECIES_NONE, 0, 0
encounter SPECIES_NONE, 0, 0

// old rod encounters
encounter SPECIES_MAGIKARP, 50, 50
encounter SPECIES_MAGIKARP, 50, 50
encounter SPECIES_MAGIKARP, 50, 50
encounter SPECIES_MAGIKARP, 50, 50
encounter SPECIES_MAGIKARP, 50, 50

// good rod encounters
encounter SPECIES_POLIWAG, 50, 50
encounter SPECIES_GOLDEEN, 50, 50
encounter SPECIES_MAGIKARP, 50, 50
encounter SPECIES_GOLDEEN, 50, 50
encounter SPECIES_POLIWAG, 50, 50

// super rod encounters
encounter SPECIES_POLIWAG, 50, 50
encounter SPECIES_POLIWHIRL, 50, 50
encounter SPECIES_GYARADOS, 50, 50
encounter SPECIES_GYARADOS, 50, 50
encounter SPECIES_GYARADOS, 50, 50

// swarm grass
pokemon SPECIES_KADABRA
// swarm surf
pokemon SPECIES_POLIWAG
// swarm good rod
pokemon SPECIES_POLIWAG
// swarm super rod
pokemon SPECIES_MAGIKARP

.close

encounterdata 141   // Cerulean Cave B2F

walkrate 10
surfrate 10
rocksmashrate 5
oldrodrate 25
goodrodrate 50
superrodrate 75
walklevels 50, 50, 50, 50, 50, 50, 50, 50, 50, 50, 50, 50

// morning encounter slots
pokemon SPECIES_KADABRA
pokemon SPECIES_PARASECT
pokemon SPECIES_GOLBAT
pokemon SPECIES_MACHOKE
pokemon SPECIES_MAGNETON
pokemon SPECIES_DITTO
pokemon SPECIES_ELECTRODE
pokemon SPECIES_MAGNETON
pokemon SPECIES_PARASECT
pokemon SPECIES_WOBBUFFET
pokemon SPECIES_PARASECT
pokemon SPECIES_WOBBUFFET

// day encounter slots
pokemon SPECIES_KADABRA
pokemon SPECIES_PARASECT
pokemon SPECIES_GOLBAT
pokemon SPECIES_MACHOKE
pokemon SPECIES_MAGNETON
pokemon SPECIES_DITTO
pokemon SPECIES_ELECTRODE
pokemon SPECIES_MAGNETON
pokemon SPECIES_PARASECT
pokemon SPECIES_WOBBUFFET
pokemon SPECIES_PARASECT
pokemon SPECIES_WOBBUFFET

// night encounter slots
pokemon SPECIES_KADABRA
pokemon SPECIES_PARASECT
pokemon SPECIES_GOLBAT
pokemon SPECIES_MACHOKE
pokemon SPECIES_MAGNETON
pokemon SPECIES_DITTO
pokemon SPECIES_ELECTRODE
pokemon SPECIES_MAGNETON
pokemon SPECIES_PARASECT
pokemon SPECIES_WOBBUFFET
pokemon SPECIES_PARASECT
pokemon SPECIES_WOBBUFFET

// hoenn encounter slots
pokemon SPECIES_ABSOL
pokemon SPECIES_MAKUHITA

// sinnoh encounter slots
pokemon SPECIES_BRONZOR
pokemon SPECIES_CHINGLING

// surf encounters
encounter SPECIES_PSYDUCK, 50, 50
encounter SPECIES_PSYDUCK, 50, 50
encounter SPECIES_GOLDUCK, 50, 50
encounter SPECIES_GOLDUCK, 50, 50
encounter SPECIES_GOLDUCK, 50, 50

// rock smash encounters
encounter SPECIES_GEODUDE, 50, 50
encounter SPECIES_GRAVELER, 50, 50

// old rod encounters
encounter SPECIES_MAGIKARP, 50, 50
encounter SPECIES_MAGIKARP, 50, 50
encounter SPECIES_MAGIKARP, 50, 50
encounter SPECIES_MAGIKARP, 50, 50
encounter SPECIES_MAGIKARP, 50, 50

// good rod encounters
encounter SPECIES_POLIWAG, 50, 50
encounter SPECIES_GOLDEEN, 50, 50
encounter SPECIES_MAGIKARP, 50, 50
encounter SPECIES_GOLDEEN, 50, 50
encounter SPECIES_POLIWAG, 50, 50

// super rod encounters
encounter SPECIES_POLIWAG, 50, 50
encounter SPECIES_POLIWHIRL, 50, 50
encounter SPECIES_GYARADOS, 50, 50
encounter SPECIES_GYARADOS, 50, 50
encounter SPECIES_GYARADOS, 50, 50

// swarm grass
pokemon SPECIES_KADABRA
// swarm surf
pokemon SPECIES_POLIWAG
// swarm good rod
pokemon SPECIES_POLIWAG
// swarm super rod
pokemon SPECIES_MAGIKARP

.close
